set -o pipefail; /usr/bin/mariadb-dump --user=_29402e52a87f28e9 --host=127.0.0.1 --port=3306 --password=********** --single-transaction --quick --lock-tables=false _29402e52a87f28e9 | /usr/bin/gzip >> ./crm.localhost/private/backups/20260216_060005-crm_localhost-database.sql.gz

Backup Summary for crm.localhost at 2026-02-16 06:00:06.182815
Config  : /home/emlad/Developer/frappe-crm-f0rk/frappe-bench/sites/crm.localhost/private/backups/20260216_060005-crm_localhost-site_config_backup.json 306.0B
Database: /home/emlad/Developer/frappe-crm-f0rk/frappe-bench/sites/crm.localhost/private/backups/20260216_060005-crm_localhost-database.sql.gz 337.6KiB
Backup for Site crm.localhost has been successfully completed
set -o pipefail; /usr/bin/mariadb-dump --user=_29402e52a87f28e9 --host=127.0.0.1 --port=3306 --password=********** --single-transaction --quick --lock-tables=false _29402e52a87f28e9 | /usr/bin/gzip >> ./crm.localhost/private/backups/20260217_060003-crm_localhost-database.sql.gz

Backup Summary for crm.localhost at 2026-02-17 06:00:04.462267
Config  : /home/emlad/Developer/frappe-crm-f0rk/frappe-bench/sites/crm.localhost/private/backups/20260217_060003-crm_localhost-site_config_backup.json 306.0B
Database: /home/emlad/Developer/frappe-crm-f0rk/frappe-bench/sites/crm.localhost/private/backups/20260217_060003-crm_localhost-database.sql.gz 337.6KiB
Backup for Site crm.localhost has been successfully completed
set -o pipefail; /usr/bin/mariadb-dump --user=_29402e52a87f28e9 --host=127.0.0.1 --port=3306 --password=********** --single-transaction --quick --lock-tables=false _29402e52a87f28e9 | /usr/bin/gzip >> ./crm.localhost/private/backups/20260218_060003-crm_localhost-database.sql.gz

Backup Summary for crm.localhost at 2026-02-18 06:00:04.676452
Config  : /home/emlad/Developer/frappe-crm-f0rk/frappe-bench/sites/crm.localhost/private/backups/20260218_060003-crm_localhost-site_config_backup.json 306.0B
Database: /home/emlad/Developer/frappe-crm-f0rk/frappe-bench/sites/crm.localhost/private/backups/20260218_060003-crm_localhost-database.sql.gz 337.6KiB
Backup for Site crm.localhost has been successfully completed
set -o pipefail; /usr/bin/mariadb-dump --user=_29402e52a87f28e9 --host=127.0.0.1 --port=3306 --password=********** --single-transaction --quick --lock-tables=false _29402e52a87f28e9 | /usr/bin/gzip >> ./crm.localhost/private/backups/20260218_120002-crm_localhost-database.sql.gz

Backup Summary for crm.localhost at 2026-02-18 12:00:03.322298
Config  : /home/emlad/Developer/frappe-crm-f0rk/frappe-bench/sites/crm.localhost/private/backups/20260218_120002-crm_localhost-site_config_backup.json 306.0B
Database: /home/emlad/Developer/frappe-crm-f0rk/frappe-bench/sites/crm.localhost/private/backups/20260218_120002-crm_localhost-database.sql.gz 337.6KiB
Backup for Site crm.localhost has been successfully completed
set -o pipefail; /usr/bin/mariadb-dump --user=_29402e52a87f28e9 --host=127.0.0.1 --port=3306 --password=********** --single-transaction --quick --lock-tables=false _29402e52a87f28e9 | /usr/bin/gzip >> ./crm.localhost/private/backups/20260218_180002-crm_localhost-database.sql.gz

Backup Summary for crm.localhost at 2026-02-18 18:00:03.965523
Config  : /home/emlad/Developer/frappe-crm-f0rk/frappe-bench/sites/crm.localhost/private/backups/20260218_180002-crm_localhost-site_config_backup.json 306.0B
Database: /home/emlad/Developer/frappe-crm-f0rk/frappe-bench/sites/crm.localhost/private/backups/20260218_180002-crm_localhost-database.sql.gz 337.6KiB
Backup for Site crm.localhost has been successfully completed
set -o pipefail; /usr/bin/mariadb-dump --user=_29402e52a87f28e9 --host=127.0.0.1 --port=3306 --password=********** --single-transaction --quick --lock-tables=false _29402e52a87f28e9 | /usr/bin/gzip >> ./crm.localhost/private/backups/20260219_000005-crm_localhost-database.sql.gz

Backup Summary for crm.localhost at 2026-02-19 00:00:06.075522
Config  : /home/emlad/Developer/frappe-crm-f0rk/frappe-bench/sites/crm.localhost/private/backups/20260219_000005-crm_localhost-site_config_backup.json 306.0B
Database: /home/emlad/Developer/frappe-crm-f0rk/frappe-bench/sites/crm.localhost/private/backups/20260219_000005-crm_localhost-database.sql.gz 337.6KiB
Backup for Site crm.localhost has been successfully completed
set -o pipefail; /usr/bin/mariadb-dump --user=_29402e52a87f28e9 --host=127.0.0.1 --port=3306 --password=********** --single-transaction --quick --lock-tables=false _29402e52a87f28e9 | /usr/bin/gzip >> ./crm.localhost/private/backups/20260220_000004-crm_localhost-database.sql.gz

Backup Summary for crm.localhost at 2026-02-20 00:00:05.384881
Config  : /home/emlad/Developer/frappe-crm-f0rk/frappe-bench/sites/crm.localhost/private/backups/20260220_000004-crm_localhost-site_config_backup.json 306.0B
Database: /home/emlad/Developer/frappe-crm-f0rk/frappe-bench/sites/crm.localhost/private/backups/20260220_000004-crm_localhost-database.sql.gz 337.6KiB
Backup for Site crm.localhost has been successfully completed
set -o pipefail; /usr/bin/mariadb-dump --user=_29402e52a87f28e9 --host=127.0.0.1 --port=3306 --password=********** --single-transaction --quick --lock-tables=false _29402e52a87f28e9 | /usr/bin/gzip >> ./crm.localhost/private/backups/20260220_060005-crm_localhost-database.sql.gz

Backup Summary for crm.localhost at 2026-02-20 06:00:06.485512
Config  : /home/emlad/Developer/frappe-crm-f0rk/frappe-bench/sites/crm.localhost/private/backups/20260220_060005-crm_localhost-site_config_backup.json 306.0B
Database: /home/emlad/Developer/frappe-crm-f0rk/frappe-bench/sites/crm.localhost/private/backups/20260220_060005-crm_localhost-database.sql.gz 337.6KiB
Backup for Site crm.localhost has been successfully completed
set -o pipefail; /usr/bin/mariadb-dump --user=_29402e52a87f28e9 --host=127.0.0.1 --port=3306 --password=********** --single-transaction --quick --lock-tables=false _29402e52a87f28e9 | /usr/bin/gzip >> ./crm.localhost/private/backups/20260220_120007-crm_localhost-database.sql.gz

Backup Summary for crm.localhost at 2026-02-20 12:00:08.198934
Config  : /home/emlad/Developer/frappe-crm-f0rk/frappe-bench/sites/crm.localhost/private/backups/20260220_120007-crm_localhost-site_config_backup.json 306.0B
Database: /home/emlad/Developer/frappe-crm-f0rk/frappe-bench/sites/crm.localhost/private/backups/20260220_120007-crm_localhost-database.sql.gz 337.6KiB
Backup for Site crm.localhost has been successfully completed
set -o pipefail; /usr/bin/mariadb-dump --user=_29402e52a87f28e9 --host=127.0.0.1 --port=3306 --password=********** --single-transaction --quick --lock-tables=false _29402e52a87f28e9 | /usr/bin/gzip >> ./crm.localhost/private/backups/20260220_180004-crm_localhost-database.sql.gz

Backup Summary for crm.localhost at 2026-02-20 18:00:04.779607
Config  : /home/emlad/Developer/frappe-crm-f0rk/frappe-bench/sites/crm.localhost/private/backups/20260220_180004-crm_localhost-site_config_backup.json 306.0B
Database: /home/emlad/Developer/frappe-crm-f0rk/frappe-bench/sites/crm.localhost/private/backups/20260220_180004-crm_localhost-database.sql.gz 337.6KiB
Backup for Site crm.localhost has been successfully completed
set -o pipefail; /usr/bin/mariadb-dump --user=_29402e52a87f28e9 --host=127.0.0.1 --port=3306 --password=********** --single-transaction --quick --lock-tables=false _29402e52a87f28e9 | /usr/bin/gzip >> ./crm.localhost/private/backups/20260221_000002-crm_localhost-database.sql.gz

Backup Summary for crm.localhost at 2026-02-21 00:00:03.457801
Config  : /home/emlad/Developer/frappe-crm-f0rk/frappe-bench/sites/crm.localhost/private/backups/20260221_000002-crm_localhost-site_config_backup.json 306.0B
Database: /home/emlad/Developer/frappe-crm-f0rk/frappe-bench/sites/crm.localhost/private/backups/20260221_000002-crm_localhost-database.sql.gz 337.6KiB
Backup for Site crm.localhost has been successfully completed
set -o pipefail; /usr/bin/mariadb-dump --user=_29402e52a87f28e9 --host=127.0.0.1 --port=3306 --password=********** --single-transaction --quick --lock-tables=false _29402e52a87f28e9 | /usr/bin/gzip >> ./crm.localhost/private/backups/20260221_060002-crm_localhost-database.sql.gz

Backup Summary for crm.localhost at 2026-02-21 06:00:03.013229
Config  : /home/emlad/Developer/frappe-crm-f0rk/frappe-bench/sites/crm.localhost/private/backups/20260221_060002-crm_localhost-site_config_backup.json 306.0B
Database: /home/emlad/Developer/frappe-crm-f0rk/frappe-bench/sites/crm.localhost/private/backups/20260221_060002-crm_localhost-database.sql.gz 337.6KiB
Backup for Site crm.localhost has been successfully completed
set -o pipefail; /usr/bin/mariadb-dump --user=_29402e52a87f28e9 --host=127.0.0.1 --port=3306 --password=********** --single-transaction --quick --lock-tables=false _29402e52a87f28e9 | /usr/bin/gzip >> ./crm.localhost/private/backups/20260221_120003-crm_localhost-database.sql.gz

Backup Summary for crm.localhost at 2026-02-21 12:00:04.683462
Config  : /home/emlad/Developer/frappe-crm-f0rk/frappe-bench/sites/crm.localhost/private/backups/20260221_120003-crm_localhost-site_config_backup.json 306.0B
Database: /home/emlad/Developer/frappe-crm-f0rk/frappe-bench/sites/crm.localhost/private/backups/20260221_120003-crm_localhost-database.sql.gz 337.6KiB
Backup for Site crm.localhost has been successfully completed
set -o pipefail; /usr/bin/mariadb-dump --user=_29402e52a87f28e9 --host=127.0.0.1 --port=3306 --password=********** --single-transaction --quick --lock-tables=false _29402e52a87f28e9 | /usr/bin/gzip >> ./crm.localhost/private/backups/20260221_180002-crm_localhost-database.sql.gz

Backup Summary for crm.localhost at 2026-02-21 18:00:03.200917
Config  : /home/emlad/Developer/frappe-crm-f0rk/frappe-bench/sites/crm.localhost/private/backups/20260221_180002-crm_localhost-site_config_backup.json 306.0B
Database: /home/emlad/Developer/frappe-crm-f0rk/frappe-bench/sites/crm.localhost/private/backups/20260221_180002-crm_localhost-database.sql.gz 337.6KiB
Backup for Site crm.localhost has been successfully completed
set -o pipefail; /usr/bin/mariadb-dump --user=_29402e52a87f28e9 --host=127.0.0.1 --port=3306 --password=********** --single-transaction --quick --lock-tables=false _29402e52a87f28e9 | /usr/bin/gzip >> ./crm.localhost/private/backups/20260222_000003-crm_localhost-database.sql.gz

Backup Summary for crm.localhost at 2026-02-22 00:00:03.988694
Config  : /home/emlad/Developer/frappe-crm-f0rk/frappe-bench/sites/crm.localhost/private/backups/20260222_000003-crm_localhost-site_config_backup.json 306.0B
Database: /home/emlad/Developer/frappe-crm-f0rk/frappe-bench/sites/crm.localhost/private/backups/20260222_000003-crm_localhost-database.sql.gz 337.6KiB
Backup for Site crm.localhost has been successfully completed
set -o pipefail; /usr/bin/mariadb-dump --user=_29402e52a87f28e9 --host=127.0.0.1 --port=3306 --password=********** --single-transaction --quick --lock-tables=false _29402e52a87f28e9 | /usr/bin/gzip >> ./crm.localhost/private/backups/20260222_120002-crm_localhost-database.sql.gz

Backup Summary for crm.localhost at 2026-02-22 12:00:03.688839
Config  : /home/emlad/Developer/frappe-crm-f0rk/frappe-bench/sites/crm.localhost/private/backups/20260222_120002-crm_localhost-site_config_backup.json 306.0B
Database: /home/emlad/Developer/frappe-crm-f0rk/frappe-bench/sites/crm.localhost/private/backups/20260222_120002-crm_localhost-database.sql.gz 337.6KiB
Backup for Site crm.localhost has been successfully completed
set -o pipefail; /usr/bin/mariadb-dump --user=_29402e52a87f28e9 --host=127.0.0.1 --port=3306 --password=********** --single-transaction --quick --lock-tables=false _29402e52a87f28e9 | /usr/bin/gzip >> ./crm.localhost/private/backups/20260222_180005-crm_localhost-database.sql.gz

Backup Summary for crm.localhost at 2026-02-22 18:00:06.438913
Config  : /home/emlad/Developer/frappe-crm-f0rk/frappe-bench/sites/crm.localhost/private/backups/20260222_180005-crm_localhost-site_config_backup.json 306.0B
Database: /home/emlad/Developer/frappe-crm-f0rk/frappe-bench/sites/crm.localhost/private/backups/20260222_180005-crm_localhost-database.sql.gz 337.6KiB
Backup for Site crm.localhost has been successfully completed
set -o pipefail; /usr/bin/mariadb-dump --user=_29402e52a87f28e9 --host=127.0.0.1 --port=3306 --password=********** --single-transaction --quick --lock-tables=false _29402e52a87f28e9 | /usr/bin/gzip >> ./crm.localhost/private/backups/20260223_000006-crm_localhost-database.sql.gz

Backup Summary for crm.localhost at 2026-02-23 00:00:07.751919
Config  : /home/emlad/Developer/frappe-crm-f0rk/frappe-bench/sites/crm.localhost/private/backups/20260223_000006-crm_localhost-site_config_backup.json 306.0B
Database: /home/emlad/Developer/frappe-crm-f0rk/frappe-bench/sites/crm.localhost/private/backups/20260223_000006-crm_localhost-database.sql.gz 337.6KiB
Backup for Site crm.localhost has been successfully completed
set -o pipefail; /usr/bin/mariadb-dump --user=_29402e52a87f28e9 --host=127.0.0.1 --port=3306 --password=********** --single-transaction --quick --lock-tables=false _29402e52a87f28e9 | /usr/bin/gzip >> ./crm.localhost/private/backups/20260223_060004-crm_localhost-database.sql.gz

Backup Summary for crm.localhost at 2026-02-23 06:00:05.900409
Config  : /home/emlad/Developer/frappe-crm-f0rk/frappe-bench/sites/crm.localhost/private/backups/20260223_060004-crm_localhost-site_config_backup.json 306.0B
Database: /home/emlad/Developer/frappe-crm-f0rk/frappe-bench/sites/crm.localhost/private/backups/20260223_060004-crm_localhost-database.sql.gz 337.6KiB
Backup for Site crm.localhost has been successfully completed
set -o pipefail; /usr/bin/mariadb-dump --user=_29402e52a87f28e9 --host=127.0.0.1 --port=3306 --password=********** --single-transaction --quick --lock-tables=false _29402e52a87f28e9 | /usr/bin/gzip >> ./crm.localhost/private/backups/20260311_000003-crm_localhost-database.sql.gz

Backup Summary for crm.localhost at 2026-03-11 00:00:04.361952
Config  : /home/emlad/Developer/frappe-crm-f0rk/frappe-bench/sites/crm.localhost/private/backups/20260311_000003-crm_localhost-site_config_backup.json 306.0B
Database: /home/emlad/Developer/frappe-crm-f0rk/frappe-bench/sites/crm.localhost/private/backups/20260311_000003-crm_localhost-database.sql.gz 337.6KiB
Backup for Site crm.localhost has been successfully completed
set -o pipefail; /usr/bin/mariadb-dump --user=_29402e52a87f28e9 --host=127.0.0.1 --port=3306 --password=********** --single-transaction --quick --lock-tables=false _29402e52a87f28e9 | /usr/bin/gzip >> ./crm.localhost/private/backups/20260311_060002-crm_localhost-database.sql.gz

Backup Summary for crm.localhost at 2026-03-11 06:00:03.509025
Config  : /home/emlad/Developer/frappe-crm-f0rk/frappe-bench/sites/crm.localhost/private/backups/20260311_060002-crm_localhost-site_config_backup.json 306.0B
Database: /home/emlad/Developer/frappe-crm-f0rk/frappe-bench/sites/crm.localhost/private/backups/20260311_060002-crm_localhost-database.sql.gz 337.6KiB
Backup for Site crm.localhost has been successfully completed
set -o pipefail; /usr/bin/mariadb-dump --user=_29402e52a87f28e9 --host=127.0.0.1 --port=3306 --password=********** --single-transaction --quick --lock-tables=false _29402e52a87f28e9 | /usr/bin/gzip >> ./crm.localhost/private/backups/20260311_120006-crm_localhost-database.sql.gz

Backup Summary for crm.localhost at 2026-03-11 12:00:06.987556
Config  : /home/emlad/Developer/frappe-crm-f0rk/frappe-bench/sites/crm.localhost/private/backups/20260311_120006-crm_localhost-site_config_backup.json 306.0B
Database: /home/emlad/Developer/frappe-crm-f0rk/frappe-bench/sites/crm.localhost/private/backups/20260311_120006-crm_localhost-database.sql.gz 337.6KiB
Backup for Site crm.localhost has been successfully completed
set -o pipefail; /usr/bin/mariadb-dump --user=_29402e52a87f28e9 --host=127.0.0.1 --port=3306 --password=********** --single-transaction --quick --lock-tables=false _29402e52a87f28e9 | /usr/bin/gzip >> ./crm.localhost/private/backups/20260311_180007-crm_localhost-database.sql.gz

Backup Summary for crm.localhost at 2026-03-11 18:00:08.024692
Config  : /home/emlad/Developer/frappe-crm-f0rk/frappe-bench/sites/crm.localhost/private/backups/20260311_180007-crm_localhost-site_config_backup.json 306.0B
Database: /home/emlad/Developer/frappe-crm-f0rk/frappe-bench/sites/crm.localhost/private/backups/20260311_180007-crm_localhost-database.sql.gz 337.6KiB
Backup for Site crm.localhost has been successfully completed
set -o pipefail; /usr/bin/mariadb-dump --user=_29402e52a87f28e9 --host=127.0.0.1 --port=3306 --password=********** --single-transaction --quick --lock-tables=false _29402e52a87f28e9 | /usr/bin/gzip >> ./crm.localhost/private/backups/20260312_000008-crm_localhost-database.sql.gz

Backup Summary for crm.localhost at 2026-03-12 00:00:09.977752
Config  : /home/emlad/Developer/frappe-crm-f0rk/frappe-bench/sites/crm.localhost/private/backups/20260312_000008-crm_localhost-site_config_backup.json 306.0B
Database: /home/emlad/Developer/frappe-crm-f0rk/frappe-bench/sites/crm.localhost/private/backups/20260312_000008-crm_localhost-database.sql.gz 337.6KiB
Backup for Site crm.localhost has been successfully completed
set -o pipefail; /usr/bin/mariadb-dump --user=_29402e52a87f28e9 --host=127.0.0.1 --port=3306 --password=********** --single-transaction --quick --lock-tables=false _29402e52a87f28e9 | /usr/bin/gzip >> ./crm.localhost/private/backups/20260312_060009-crm_localhost-database.sql.gz

Backup Summary for crm.localhost at 2026-03-12 06:00:10.211272
Config  : /home/emlad/Developer/frappe-crm-f0rk/frappe-bench/sites/crm.localhost/private/backups/20260312_060009-crm_localhost-site_config_backup.json 306.0B
Database: /home/emlad/Developer/frappe-crm-f0rk/frappe-bench/sites/crm.localhost/private/backups/20260312_060009-crm_localhost-database.sql.gz 337.6KiB
Backup for Site crm.localhost has been successfully completed
set -o pipefail; /usr/bin/mariadb-dump --user=_29402e52a87f28e9 --host=127.0.0.1 --port=3306 --password=********** --single-transaction --quick --lock-tables=false _29402e52a87f28e9 | /usr/bin/gzip >> ./crm.localhost/private/backups/20260313_180003-crm_localhost-database.sql.gz

Backup Summary for crm.localhost at 2026-03-13 18:00:04.837412
Config  : /home/emlad/Developer/frappe-crm-f0rk/frappe-bench/sites/crm.localhost/private/backups/20260313_180003-crm_localhost-site_config_backup.json 306.0B
Database: /home/emlad/Developer/frappe-crm-f0rk/frappe-bench/sites/crm.localhost/private/backups/20260313_180003-crm_localhost-database.sql.gz 337.6KiB
Backup for Site crm.localhost has been successfully completed
set -o pipefail; /usr/bin/mariadb-dump --user=_29402e52a87f28e9 --host=127.0.0.1 --port=3306 --password=********** --single-transaction --quick --lock-tables=false _29402e52a87f28e9 | /usr/bin/gzip >> ./crm.localhost/private/backups/20260314_000003-crm_localhost-database.sql.gz

Backup Summary for crm.localhost at 2026-03-14 00:00:04.093330
Config  : /home/emlad/Developer/frappe-crm-f0rk/frappe-bench/sites/crm.localhost/private/backups/20260314_000003-crm_localhost-site_config_backup.json 306.0B
Database: /home/emlad/Developer/frappe-crm-f0rk/frappe-bench/sites/crm.localhost/private/backups/20260314_000003-crm_localhost-database.sql.gz 337.6KiB
Backup for Site crm.localhost has been successfully completed
set -o pipefail; /usr/bin/mariadb-dump --user=_29402e52a87f28e9 --host=127.0.0.1 --port=3306 --password=********** --single-transaction --quick --lock-tables=false _29402e52a87f28e9 | /usr/bin/gzip >> ./crm.localhost/private/backups/20260314_060002-crm_localhost-database.sql.gz

Backup Summary for crm.localhost at 2026-03-14 06:00:02.870231
Config  : /home/emlad/Developer/frappe-crm-f0rk/frappe-bench/sites/crm.localhost/private/backups/20260314_060002-crm_localhost-site_config_backup.json 306.0B
Database: /home/emlad/Developer/frappe-crm-f0rk/frappe-bench/sites/crm.localhost/private/backups/20260314_060002-crm_localhost-database.sql.gz 337.6KiB
Backup for Site crm.localhost has been successfully completed
set -o pipefail; /usr/bin/mariadb-dump --user=_29402e52a87f28e9 --host=127.0.0.1 --port=3306 --password=********** --single-transaction --quick --lock-tables=false _29402e52a87f28e9 | /usr/bin/gzip >> ./crm.localhost/private/backups/20260314_120003-crm_localhost-database.sql.gz

Backup Summary for crm.localhost at 2026-03-14 12:00:04.119357
Config  : /home/emlad/Developer/frappe-crm-f0rk/frappe-bench/sites/crm.localhost/private/backups/20260314_120003-crm_localhost-site_config_backup.json 306.0B
Database: /home/emlad/Developer/frappe-crm-f0rk/frappe-bench/sites/crm.localhost/private/backups/20260314_120003-crm_localhost-database.sql.gz 337.6KiB
Backup for Site crm.localhost has been successfully completed
set -o pipefail; /usr/bin/mariadb-dump --user=_29402e52a87f28e9 --host=127.0.0.1 --port=3306 --password=********** --single-transaction --quick --lock-tables=false _29402e52a87f28e9 | /usr/bin/gzip >> ./crm.localhost/private/backups/20260316_120008-crm_localhost-database.sql.gz

Backup Summary for crm.localhost at 2026-03-16 12:00:09.097285
Config  : /home/emlad/Developer/frappe-crm-f0rk/frappe-bench/sites/crm.localhost/private/backups/20260316_120008-crm_localhost-site_config_backup.json 306.0B
Database: /home/emlad/Developer/frappe-crm-f0rk/frappe-bench/sites/crm.localhost/private/backups/20260316_120008-crm_localhost-database.sql.gz 337.6KiB
Backup for Site crm.localhost has been successfully completed
set -o pipefail; /usr/bin/mariadb-dump --user=_29402e52a87f28e9 --host=127.0.0.1 --port=3306 --password=********** --single-transaction --quick --lock-tables=false _29402e52a87f28e9 | /usr/bin/gzip >> ./crm.localhost/private/backups/20260319_120006-crm_localhost-database.sql.gz

Backup Summary for crm.localhost at 2026-03-19 12:00:08.123702
Config  : /home/emlad/Developer/frappe-crm-f0rk/frappe-bench/sites/crm.localhost/private/backups/20260319_120006-crm_localhost-site_config_backup.json 306.0B
Database: /home/emlad/Developer/frappe-crm-f0rk/frappe-bench/sites/crm.localhost/private/backups/20260319_120006-crm_localhost-database.sql.gz 337.6KiB
Backup for Site crm.localhost has been successfully completed
set -o pipefail; /usr/bin/mariadb-dump --user=_29402e52a87f28e9 --host=127.0.0.1 --port=3306 --password=********** --single-transaction --quick --lock-tables=false _29402e52a87f28e9 | /usr/bin/gzip >> ./crm.localhost/private/backups/20260320_000008-crm_localhost-database.sql.gz

Backup Summary for crm.localhost at 2026-03-20 00:00:09.694216
Config  : /home/emlad/Developer/frappe-crm-f0rk/frappe-bench/sites/crm.localhost/private/backups/20260320_000008-crm_localhost-site_config_backup.json 306.0B
Database: /home/emlad/Developer/frappe-crm-f0rk/frappe-bench/sites/crm.localhost/private/backups/20260320_000008-crm_localhost-database.sql.gz 337.6KiB
Backup for Site crm.localhost has been successfully completed
set -o pipefail; /usr/bin/mariadb-dump --user=_29402e52a87f28e9 --host=127.0.0.1 --port=3306 --password=********** --single-transaction --quick --lock-tables=false _29402e52a87f28e9 | /usr/bin/gzip >> ./crm.localhost/private/backups/20260320_060005-crm_localhost-database.sql.gz

Backup Summary for crm.localhost at 2026-03-20 06:00:06.762100
Config  : /home/emlad/Developer/frappe-crm-f0rk/frappe-bench/sites/crm.localhost/private/backups/20260320_060005-crm_localhost-site_config_backup.json 306.0B
Database: /home/emlad/Developer/frappe-crm-f0rk/frappe-bench/sites/crm.localhost/private/backups/20260320_060005-crm_localhost-database.sql.gz 337.6KiB
Backup for Site crm.localhost has been successfully completed
set -o pipefail; /usr/bin/mariadb-dump --user=_29402e52a87f28e9 --host=127.0.0.1 --port=3306 --password=********** --single-transaction --quick --lock-tables=false _29402e52a87f28e9 | /usr/bin/gzip >> ./crm.localhost/private/backups/20260320_120007-crm_localhost-database.sql.gz

Backup Summary for crm.localhost at 2026-03-20 12:00:08.737812
Config  : /home/emlad/Developer/frappe-crm-f0rk/frappe-bench/sites/crm.localhost/private/backups/20260320_120007-crm_localhost-site_config_backup.json 306.0B
Database: /home/emlad/Developer/frappe-crm-f0rk/frappe-bench/sites/crm.localhost/private/backups/20260320_120007-crm_localhost-database.sql.gz 337.6KiB
Backup for Site crm.localhost has been successfully completed
set -o pipefail; /usr/bin/mariadb-dump --user=_29402e52a87f28e9 --host=127.0.0.1 --port=3306 --password=********** --single-transaction --quick --lock-tables=false _29402e52a87f28e9 | /usr/bin/gzip >> ./crm.localhost/private/backups/20260320_180002-crm_localhost-database.sql.gz

Backup Summary for crm.localhost at 2026-03-20 18:00:03.831708
Config  : /home/emlad/Developer/frappe-crm-f0rk/frappe-bench/sites/crm.localhost/private/backups/20260320_180002-crm_localhost-site_config_backup.json 306.0B
Database: /home/emlad/Developer/frappe-crm-f0rk/frappe-bench/sites/crm.localhost/private/backups/20260320_180002-crm_localhost-database.sql.gz 337.6KiB
Backup for Site crm.localhost has been successfully completed
set -o pipefail; /usr/bin/mariadb-dump --user=_29402e52a87f28e9 --host=127.0.0.1 --port=3306 --password=********** --single-transaction --quick --lock-tables=false _29402e52a87f28e9 | /usr/bin/gzip >> ./crm.localhost/private/backups/20260321_000004-crm_localhost-database.sql.gz

Backup Summary for crm.localhost at 2026-03-21 00:00:05.478916
Config  : /home/emlad/Developer/frappe-crm-f0rk/frappe-bench/sites/crm.localhost/private/backups/20260321_000004-crm_localhost-site_config_backup.json 306.0B
Database: /home/emlad/Developer/frappe-crm-f0rk/frappe-bench/sites/crm.localhost/private/backups/20260321_000004-crm_localhost-database.sql.gz 337.6KiB
Backup for Site crm.localhost has been successfully completed
set -o pipefail; /usr/bin/mariadb-dump --user=_29402e52a87f28e9 --host=127.0.0.1 --port=3306 --password=********** --single-transaction --quick --lock-tables=false _29402e52a87f28e9 | /usr/bin/gzip >> ./crm.localhost/private/backups/20260321_120005-crm_localhost-database.sql.gz

Backup Summary for crm.localhost at 2026-03-21 12:00:07.520904
Config  : /home/emlad/Developer/frappe-crm-f0rk/frappe-bench/sites/crm.localhost/private/backups/20260321_120005-crm_localhost-site_config_backup.json 306.0B
Database: /home/emlad/Developer/frappe-crm-f0rk/frappe-bench/sites/crm.localhost/private/backups/20260321_120005-crm_localhost-database.sql.gz 337.6KiB
Backup for Site crm.localhost has been successfully completed
set -o pipefail; /usr/bin/mariadb-dump --user=_29402e52a87f28e9 --host=127.0.0.1 --port=3306 --password=********** --single-transaction --quick --lock-tables=false _29402e52a87f28e9 | /usr/bin/gzip >> ./crm.localhost/private/backups/20260321_180004-crm_localhost-database.sql.gz

Backup Summary for crm.localhost at 2026-03-21 18:00:05.831593
Config  : /home/emlad/Developer/frappe-crm-f0rk/frappe-bench/sites/crm.localhost/private/backups/20260321_180004-crm_localhost-site_config_backup.json 306.0B
Database: /home/emlad/Developer/frappe-crm-f0rk/frappe-bench/sites/crm.localhost/private/backups/20260321_180004-crm_localhost-database.sql.gz 337.6KiB
Backup for Site crm.localhost has been successfully completed
set -o pipefail; /usr/bin/mariadb-dump --user=_29402e52a87f28e9 --host=127.0.0.1 --port=3306 --password=********** --single-transaction --quick --lock-tables=false _29402e52a87f28e9 | /usr/bin/gzip >> ./crm.localhost/private/backups/20260322_000006-crm_localhost-database.sql.gz

Backup Summary for crm.localhost at 2026-03-22 00:00:07.997650
Config  : /home/emlad/Developer/frappe-crm-f0rk/frappe-bench/sites/crm.localhost/private/backups/20260322_000006-crm_localhost-site_config_backup.json 306.0B
Database: /home/emlad/Developer/frappe-crm-f0rk/frappe-bench/sites/crm.localhost/private/backups/20260322_000006-crm_localhost-database.sql.gz 337.6KiB
Backup for Site crm.localhost has been successfully completed
set -o pipefail; /usr/bin/mariadb-dump --user=_29402e52a87f28e9 --host=127.0.0.1 --port=3306 --password=********** --single-transaction --quick --lock-tables=false _29402e52a87f28e9 | /usr/bin/gzip >> ./crm.localhost/private/backups/20260325_180006-crm_localhost-database.sql.gz

Backup Summary for crm.localhost at 2026-03-25 18:00:09.367636
Config  : /home/emlad/Developer/frappe-crm-f0rk/frappe-bench/sites/crm.localhost/private/backups/20260325_180006-crm_localhost-site_config_backup.json 306.0B
Database: /home/emlad/Developer/frappe-crm-f0rk/frappe-bench/sites/crm.localhost/private/backups/20260325_180006-crm_localhost-database.sql.gz 337.6KiB
Backup for Site crm.localhost has been successfully completed
set -o pipefail; /usr/bin/mariadb-dump --user=_29402e52a87f28e9 --host=127.0.0.1 --port=3306 --password=********** --single-transaction --quick --lock-tables=false _29402e52a87f28e9 | /usr/bin/gzip >> ./crm.localhost/private/backups/20260326_000005-crm_localhost-database.sql.gz

Backup Summary for crm.localhost at 2026-03-26 00:00:06.972237
Config  : /home/emlad/Developer/frappe-crm-f0rk/frappe-bench/sites/crm.localhost/private/backups/20260326_000005-crm_localhost-site_config_backup.json 306.0B
Database: /home/emlad/Developer/frappe-crm-f0rk/frappe-bench/sites/crm.localhost/private/backups/20260326_000005-crm_localhost-database.sql.gz 337.6KiB
Backup for Site crm.localhost has been successfully completed
set -o pipefail; /usr/bin/mariadb-dump --user=_29402e52a87f28e9 --host=127.0.0.1 --port=3306 --password=********** --single-transaction --quick --lock-tables=false _29402e52a87f28e9 | /usr/bin/gzip >> ./crm.localhost/private/backups/20260326_060007-crm_localhost-database.sql.gz

Backup Summary for crm.localhost at 2026-03-26 06:00:08.617058
Config  : /home/emlad/Developer/frappe-crm-f0rk/frappe-bench/sites/crm.localhost/private/backups/20260326_060007-crm_localhost-site_config_backup.json 306.0B
Database: /home/emlad/Developer/frappe-crm-f0rk/frappe-bench/sites/crm.localhost/private/backups/20260326_060007-crm_localhost-database.sql.gz 337.6KiB
Backup for Site crm.localhost has been successfully completed
set -o pipefail; /usr/bin/mariadb-dump --user=_29402e52a87f28e9 --host=127.0.0.1 --port=3306 --password=********** --single-transaction --quick --lock-tables=false _29402e52a87f28e9 | /usr/bin/gzip >> ./crm.localhost/private/backups/20260326_120008-crm_localhost-database.sql.gz

Backup Summary for crm.localhost at 2026-03-26 12:00:09.960364
Config  : /home/emlad/Developer/frappe-crm-f0rk/frappe-bench/sites/crm.localhost/private/backups/20260326_120008-crm_localhost-site_config_backup.json 306.0B
Database: /home/emlad/Developer/frappe-crm-f0rk/frappe-bench/sites/crm.localhost/private/backups/20260326_120008-crm_localhost-database.sql.gz 337.6KiB
Backup for Site crm.localhost has been successfully completed
set -o pipefail; /usr/bin/mariadb-dump --user=_29402e52a87f28e9 --host=127.0.0.1 --port=3306 --password=********** --single-transaction --quick --lock-tables=false _29402e52a87f28e9 | /usr/bin/gzip >> ./crm.localhost/private/backups/20260326_180003-crm_localhost-database.sql.gz

Backup Summary for crm.localhost at 2026-03-26 18:00:05.238467
Config  : /home/emlad/Developer/frappe-crm-f0rk/frappe-bench/sites/crm.localhost/private/backups/20260326_180003-crm_localhost-site_config_backup.json 306.0B
Database: /home/emlad/Developer/frappe-crm-f0rk/frappe-bench/sites/crm.localhost/private/backups/20260326_180003-crm_localhost-database.sql.gz 337.6KiB
Backup for Site crm.localhost has been successfully completed
set -o pipefail; /usr/bin/mariadb-dump --user=_29402e52a87f28e9 --host=127.0.0.1 --port=3306 --password=********** --single-transaction --quick --lock-tables=false _29402e52a87f28e9 | /usr/bin/gzip >> ./crm.localhost/private/backups/20260327_000005-crm_localhost-database.sql.gz

Backup Summary for crm.localhost at 2026-03-27 00:00:07.298572
Config  : /home/emlad/Developer/frappe-crm-f0rk/frappe-bench/sites/crm.localhost/private/backups/20260327_000005-crm_localhost-site_config_backup.json 306.0B
Database: /home/emlad/Developer/frappe-crm-f0rk/frappe-bench/sites/crm.localhost/private/backups/20260327_000005-crm_localhost-database.sql.gz 337.6KiB
Backup for Site crm.localhost has been successfully completed
set -o pipefail; /usr/bin/mariadb-dump --user=_29402e52a87f28e9 --host=127.0.0.1 --port=3306 --password=********** --single-transaction --quick --lock-tables=false _29402e52a87f28e9 | /usr/bin/gzip >> ./crm.localhost/private/backups/20260327_120007-crm_localhost-database.sql.gz

Backup Summary for crm.localhost at 2026-03-27 12:00:09.466181
Config  : /home/emlad/Developer/frappe-crm-f0rk/frappe-bench/sites/crm.localhost/private/backups/20260327_120007-crm_localhost-site_config_backup.json 306.0B
Database: /home/emlad/Developer/frappe-crm-f0rk/frappe-bench/sites/crm.localhost/private/backups/20260327_120007-crm_localhost-database.sql.gz 337.6KiB
Backup for Site crm.localhost has been successfully completed
set -o pipefail; /usr/bin/mariadb-dump --user=_29402e52a87f28e9 --host=127.0.0.1 --port=3306 --password=********** --single-transaction --quick --lock-tables=false _29402e52a87f28e9 | /usr/bin/gzip >> ./crm.localhost/private/backups/20260327_180003-crm_localhost-database.sql.gz

Backup Summary for crm.localhost at 2026-03-27 18:00:04.285070
Config  : /home/emlad/Developer/frappe-crm-f0rk/frappe-bench/sites/crm.localhost/private/backups/20260327_180003-crm_localhost-site_config_backup.json 306.0B
Database: /home/emlad/Developer/frappe-crm-f0rk/frappe-bench/sites/crm.localhost/private/backups/20260327_180003-crm_localhost-database.sql.gz 337.6KiB
Backup for Site crm.localhost has been successfully completed
set -o pipefail; /usr/bin/mariadb-dump --user=_29402e52a87f28e9 --host=127.0.0.1 --port=3306 --password=********** --single-transaction --quick --lock-tables=false _29402e52a87f28e9 | /usr/bin/gzip >> ./crm.localhost/private/backups/20260328_000006-crm_localhost-database.sql.gz

Backup Summary for crm.localhost at 2026-03-28 00:00:07.125289
Config  : /home/emlad/Developer/frappe-crm-f0rk/frappe-bench/sites/crm.localhost/private/backups/20260328_000006-crm_localhost-site_config_backup.json 306.0B
Database: /home/emlad/Developer/frappe-crm-f0rk/frappe-bench/sites/crm.localhost/private/backups/20260328_000006-crm_localhost-database.sql.gz 337.6KiB
Backup for Site crm.localhost has been successfully completed
set -o pipefail; /usr/bin/mariadb-dump --user=_29402e52a87f28e9 --host=127.0.0.1 --port=3306 --password=********** --single-transaction --quick --lock-tables=false _29402e52a87f28e9 | /usr/bin/gzip >> ./crm.localhost/private/backups/20260328_180004-crm_localhost-database.sql.gz

Backup Summary for crm.localhost at 2026-03-28 18:00:05.454627
Config  : /home/emlad/Developer/frappe-crm-f0rk/frappe-bench/sites/crm.localhost/private/backups/20260328_180004-crm_localhost-site_config_backup.json 306.0B
Database: /home/emlad/Developer/frappe-crm-f0rk/frappe-bench/sites/crm.localhost/private/backups/20260328_180004-crm_localhost-database.sql.gz 337.6KiB
Backup for Site crm.localhost has been successfully completed
set -o pipefail; /usr/bin/mariadb-dump --user=_29402e52a87f28e9 --host=127.0.0.1 --port=3306 --password=********** --single-transaction --quick --lock-tables=false _29402e52a87f28e9 | /usr/bin/gzip >> ./crm.localhost/private/backups/20260329_000006-crm_localhost-database.sql.gz

Backup Summary for crm.localhost at 2026-03-29 00:00:08.086271
Config  : /home/emlad/Developer/frappe-crm-f0rk/frappe-bench/sites/crm.localhost/private/backups/20260329_000006-crm_localhost-site_config_backup.json 306.0B
Database: /home/emlad/Developer/frappe-crm-f0rk/frappe-bench/sites/crm.localhost/private/backups/20260329_000006-crm_localhost-database.sql.gz 337.6KiB
Backup for Site crm.localhost has been successfully completed
set -o pipefail; /usr/bin/mariadb-dump --user=_29402e52a87f28e9 --host=127.0.0.1 --port=3306 --password=********** --single-transaction --quick --lock-tables=false _29402e52a87f28e9 | /usr/bin/gzip >> ./crm.localhost/private/backups/20260329_060007-crm_localhost-database.sql.gz

Backup Summary for crm.localhost at 2026-03-29 06:00:08.071953
Config  : /home/emlad/Developer/frappe-crm-f0rk/frappe-bench/sites/crm.localhost/private/backups/20260329_060007-crm_localhost-site_config_backup.json 306.0B
Database: /home/emlad/Developer/frappe-crm-f0rk/frappe-bench/sites/crm.localhost/private/backups/20260329_060007-crm_localhost-database.sql.gz 337.6KiB
Backup for Site crm.localhost has been successfully completed
set -o pipefail; /usr/bin/mariadb-dump --user=_29402e52a87f28e9 --host=127.0.0.1 --port=3306 --password=********** --single-transaction --quick --lock-tables=false _29402e52a87f28e9 | /usr/bin/gzip >> ./crm.localhost/private/backups/20260329_120006-crm_localhost-database.sql.gz

Backup Summary for crm.localhost at 2026-03-29 12:00:06.775688
Config  : /home/emlad/Developer/frappe-crm-f0rk/frappe-bench/sites/crm.localhost/private/backups/20260329_120006-crm_localhost-site_config_backup.json 306.0B
Database: /home/emlad/Developer/frappe-crm-f0rk/frappe-bench/sites/crm.localhost/private/backups/20260329_120006-crm_localhost-database.sql.gz 337.6KiB
Backup for Site crm.localhost has been successfully completed
set -o pipefail; /usr/bin/mariadb-dump --user=_29402e52a87f28e9 --host=127.0.0.1 --port=3306 --password=********** --single-transaction --quick --lock-tables=false _29402e52a87f28e9 | /usr/bin/gzip >> ./crm.localhost/private/backups/20260329_180006-crm_localhost-database.sql.gz

Backup Summary for crm.localhost at 2026-03-29 18:00:07.758753
Config  : /home/emlad/Developer/frappe-crm-f0rk/frappe-bench/sites/crm.localhost/private/backups/20260329_180006-crm_localhost-site_config_backup.json 306.0B
Database: /home/emlad/Developer/frappe-crm-f0rk/frappe-bench/sites/crm.localhost/private/backups/20260329_180006-crm_localhost-database.sql.gz 337.6KiB
Backup for Site crm.localhost has been successfully completed
set -o pipefail; /usr/bin/mariadb-dump --user=_29402e52a87f28e9 --host=127.0.0.1 --port=3306 --password=********** --single-transaction --quick --lock-tables=false _29402e52a87f28e9 | /usr/bin/gzip >> ./crm.localhost/private/backups/20260330_000008-crm_localhost-database.sql.gz

Backup Summary for crm.localhost at 2026-03-30 00:00:10.439656
Config  : /home/emlad/Developer/frappe-crm-f0rk/frappe-bench/sites/crm.localhost/private/backups/20260330_000008-crm_localhost-site_config_backup.json 306.0B
Database: /home/emlad/Developer/frappe-crm-f0rk/frappe-bench/sites/crm.localhost/private/backups/20260330_000008-crm_localhost-database.sql.gz 337.6KiB
Backup for Site crm.localhost has been successfully completed
set -o pipefail; /usr/bin/mariadb-dump --user=_29402e52a87f28e9 --host=127.0.0.1 --port=3306 --password=********** --single-transaction --quick --lock-tables=false _29402e52a87f28e9 | /usr/bin/gzip >> ./crm.localhost/private/backups/20260330_060007-crm_localhost-database.sql.gz

Backup Summary for crm.localhost at 2026-03-30 06:00:08.319313
Config  : /home/emlad/Developer/frappe-crm-f0rk/frappe-bench/sites/crm.localhost/private/backups/20260330_060007-crm_localhost-site_config_backup.json 306.0B
Database: /home/emlad/Developer/frappe-crm-f0rk/frappe-bench/sites/crm.localhost/private/backups/20260330_060007-crm_localhost-database.sql.gz 337.6KiB
Backup for Site crm.localhost has been successfully completed
set -o pipefail; /usr/bin/mariadb-dump --user=_29402e52a87f28e9 --host=127.0.0.1 --port=3306 --password=********** --single-transaction --quick --lock-tables=false _29402e52a87f28e9 | /usr/bin/gzip >> ./crm.localhost/private/backups/20260330_180003-crm_localhost-database.sql.gz

Backup Summary for crm.localhost at 2026-03-30 18:00:04.653239
Config  : /home/emlad/Developer/frappe-crm-f0rk/frappe-bench/sites/crm.localhost/private/backups/20260330_180003-crm_localhost-site_config_backup.json 306.0B
Database: /home/emlad/Developer/frappe-crm-f0rk/frappe-bench/sites/crm.localhost/private/backups/20260330_180003-crm_localhost-database.sql.gz 337.6KiB
Backup for Site crm.localhost has been successfully completed
set -o pipefail; /usr/bin/mariadb-dump --user=_29402e52a87f28e9 --host=127.0.0.1 --port=3306 --password=********** --single-transaction --quick --lock-tables=false _29402e52a87f28e9 | /usr/bin/gzip >> ./crm.localhost/private/backups/20260331_000004-crm_localhost-database.sql.gz

Backup Summary for crm.localhost at 2026-03-31 00:00:05.570673
Config  : /home/emlad/Developer/frappe-crm-f0rk/frappe-bench/sites/crm.localhost/private/backups/20260331_000004-crm_localhost-site_config_backup.json 306.0B
Database: /home/emlad/Developer/frappe-crm-f0rk/frappe-bench/sites/crm.localhost/private/backups/20260331_000004-crm_localhost-database.sql.gz 337.6KiB
Backup for Site crm.localhost has been successfully completed
set -o pipefail; /usr/bin/mariadb-dump --user=_29402e52a87f28e9 --host=127.0.0.1 --port=3306 --password=********** --single-transaction --quick --lock-tables=false _29402e52a87f28e9 | /usr/bin/gzip >> ./crm.localhost/private/backups/20260331_060004-crm_localhost-database.sql.gz

Backup Summary for crm.localhost at 2026-03-31 06:00:05.834156
Config  : /home/emlad/Developer/frappe-crm-f0rk/frappe-bench/sites/crm.localhost/private/backups/20260331_060004-crm_localhost-site_config_backup.json 306.0B
Database: /home/emlad/Developer/frappe-crm-f0rk/frappe-bench/sites/crm.localhost/private/backups/20260331_060004-crm_localhost-database.sql.gz 337.6KiB
Backup for Site crm.localhost has been successfully completed
set -o pipefail; /usr/bin/mariadb-dump --user=_29402e52a87f28e9 --host=127.0.0.1 --port=3306 --password=********** --single-transaction --quick --lock-tables=false _29402e52a87f28e9 | /usr/bin/gzip >> ./crm.localhost/private/backups/20260331_120005-crm_localhost-database.sql.gz

Backup Summary for crm.localhost at 2026-03-31 12:00:06.241850
Config  : /home/emlad/Developer/frappe-crm-f0rk/frappe-bench/sites/crm.localhost/private/backups/20260331_120005-crm_localhost-site_config_backup.json 306.0B
Database: /home/emlad/Developer/frappe-crm-f0rk/frappe-bench/sites/crm.localhost/private/backups/20260331_120005-crm_localhost-database.sql.gz 337.6KiB
Backup for Site crm.localhost has been successfully completed
set -o pipefail; /usr/bin/mariadb-dump --user=_29402e52a87f28e9 --host=127.0.0.1 --port=3306 --password=********** --single-transaction --quick --lock-tables=false _29402e52a87f28e9 | /usr/bin/gzip >> ./crm.localhost/private/backups/20260331_180004-crm_localhost-database.sql.gz

Backup Summary for crm.localhost at 2026-03-31 18:00:05.403740
Config  : /home/emlad/Developer/frappe-crm-f0rk/frappe-bench/sites/crm.localhost/private/backups/20260331_180004-crm_localhost-site_config_backup.json 306.0B
Database: /home/emlad/Developer/frappe-crm-f0rk/frappe-bench/sites/crm.localhost/private/backups/20260331_180004-crm_localhost-database.sql.gz 337.6KiB
Backup for Site crm.localhost has been successfully completed
set -o pipefail; /usr/bin/mariadb-dump --user=_29402e52a87f28e9 --host=127.0.0.1 --port=3306 --password=********** --single-transaction --quick --lock-tables=false _29402e52a87f28e9 | /usr/bin/gzip >> ./crm.localhost/private/backups/20260401_000005-crm_localhost-database.sql.gz

Backup Summary for crm.localhost at 2026-04-01 00:00:06.796018
Config  : /home/emlad/Developer/frappe-crm-f0rk/frappe-bench/sites/crm.localhost/private/backups/20260401_000005-crm_localhost-site_config_backup.json 306.0B
Database: /home/emlad/Developer/frappe-crm-f0rk/frappe-bench/sites/crm.localhost/private/backups/20260401_000005-crm_localhost-database.sql.gz 337.6KiB
Backup for Site crm.localhost has been successfully completed
set -o pipefail; /usr/bin/mariadb-dump --user=_29402e52a87f28e9 --host=127.0.0.1 --port=3306 --password=********** --single-transaction --quick --lock-tables=false _29402e52a87f28e9 | /usr/bin/gzip >> ./crm.localhost/private/backups/20260401_060006-crm_localhost-database.sql.gz

Backup Summary for crm.localhost at 2026-04-01 06:00:07.175763
Config  : /home/emlad/Developer/frappe-crm-f0rk/frappe-bench/sites/crm.localhost/private/backups/20260401_060006-crm_localhost-site_config_backup.json 306.0B
Database: /home/emlad/Developer/frappe-crm-f0rk/frappe-bench/sites/crm.localhost/private/backups/20260401_060006-crm_localhost-database.sql.gz 337.6KiB
Backup for Site crm.localhost has been successfully completed
set -o pipefail; /usr/bin/mariadb-dump --user=_29402e52a87f28e9 --host=127.0.0.1 --port=3306 --password=********** --single-transaction --quick --lock-tables=false _29402e52a87f28e9 | /usr/bin/gzip >> ./crm.localhost/private/backups/20260401_120004-crm_localhost-database.sql.gz

Backup Summary for crm.localhost at 2026-04-01 12:00:05.804659
Config  : /home/emlad/Developer/frappe-crm-f0rk/frappe-bench/sites/crm.localhost/private/backups/20260401_120004-crm_localhost-site_config_backup.json 306.0B
Database: /home/emlad/Developer/frappe-crm-f0rk/frappe-bench/sites/crm.localhost/private/backups/20260401_120004-crm_localhost-database.sql.gz 337.6KiB
Backup for Site crm.localhost has been successfully completed
set -o pipefail; /usr/bin/mariadb-dump --user=_29402e52a87f28e9 --host=127.0.0.1 --port=3306 --password=********** --single-transaction --quick --lock-tables=false _29402e52a87f28e9 | /usr/bin/gzip >> ./crm.localhost/private/backups/20260401_180003-crm_localhost-database.sql.gz

Backup Summary for crm.localhost at 2026-04-01 18:00:04.191329
Config  : /home/emlad/Developer/frappe-crm-f0rk/frappe-bench/sites/crm.localhost/private/backups/20260401_180003-crm_localhost-site_config_backup.json 306.0B
Database: /home/emlad/Developer/frappe-crm-f0rk/frappe-bench/sites/crm.localhost/private/backups/20260401_180003-crm_localhost-database.sql.gz 337.6KiB
Backup for Site crm.localhost has been successfully completed
set -o pipefail; /usr/bin/mariadb-dump --user=_29402e52a87f28e9 --host=127.0.0.1 --port=3306 --password=********** --single-transaction --quick --lock-tables=false _29402e52a87f28e9 | /usr/bin/gzip >> ./crm.localhost/private/backups/20260406_120008-crm_localhost-database.sql.gz

Backup Summary for crm.localhost at 2026-04-06 12:00:09.766137
Config  : /home/emlad/Developer/frappe-crm-f0rk/frappe-bench/sites/crm.localhost/private/backups/20260406_120008-crm_localhost-site_config_backup.json 306.0B
Database: /home/emlad/Developer/frappe-crm-f0rk/frappe-bench/sites/crm.localhost/private/backups/20260406_120008-crm_localhost-database.sql.gz 337.6KiB
Backup for Site crm.localhost has been successfully completed
set -o pipefail; /usr/bin/mariadb-dump --user=_29402e52a87f28e9 --host=127.0.0.1 --port=3306 --password=********** --single-transaction --quick --lock-tables=false _29402e52a87f28e9 | /usr/bin/gzip >> ./crm.localhost/private/backups/20260406_180004-crm_localhost-database.sql.gz

Backup Summary for crm.localhost at 2026-04-06 18:00:05.185471
Config  : /home/emlad/Developer/frappe-crm-f0rk/frappe-bench/sites/crm.localhost/private/backups/20260406_180004-crm_localhost-site_config_backup.json 306.0B
Database: /home/emlad/Developer/frappe-crm-f0rk/frappe-bench/sites/crm.localhost/private/backups/20260406_180004-crm_localhost-database.sql.gz 337.6KiB
Backup for Site crm.localhost has been successfully completed
set -o pipefail; /usr/bin/mariadb-dump --user=_29402e52a87f28e9 --host=127.0.0.1 --port=3306 --password=********** --single-transaction --quick --lock-tables=false _29402e52a87f28e9 | /usr/bin/gzip >> ./crm.localhost/private/backups/20260407_000005-crm_localhost-database.sql.gz

Backup Summary for crm.localhost at 2026-04-07 00:00:06.656182
Config  : /home/emlad/Developer/frappe-crm-f0rk/frappe-bench/sites/crm.localhost/private/backups/20260407_000005-crm_localhost-site_config_backup.json 306.0B
Database: /home/emlad/Developer/frappe-crm-f0rk/frappe-bench/sites/crm.localhost/private/backups/20260407_000005-crm_localhost-database.sql.gz 337.6KiB
Backup for Site crm.localhost has been successfully completed
set -o pipefail; /usr/bin/mariadb-dump --user=_29402e52a87f28e9 --host=127.0.0.1 --port=3306 --password=********** --single-transaction --quick --lock-tables=false _29402e52a87f28e9 | /usr/bin/gzip >> ./crm.localhost/private/backups/20260407_060007-crm_localhost-database.sql.gz

Backup Summary for crm.localhost at 2026-04-07 06:00:08.482534
Config  : /home/emlad/Developer/frappe-crm-f0rk/frappe-bench/sites/crm.localhost/private/backups/20260407_060007-crm_localhost-site_config_backup.json 306.0B
Database: /home/emlad/Developer/frappe-crm-f0rk/frappe-bench/sites/crm.localhost/private/backups/20260407_060007-crm_localhost-database.sql.gz 337.6KiB
Backup for Site crm.localhost has been successfully completed
set -o pipefail; /usr/bin/mariadb-dump --user=_29402e52a87f28e9 --host=127.0.0.1 --port=3306 --password=********** --single-transaction --quick --lock-tables=false _29402e52a87f28e9 | /usr/bin/gzip >> ./crm.localhost/private/backups/20260407_120009-crm_localhost-database.sql.gz

Backup Summary for crm.localhost at 2026-04-07 12:00:10.513646
Config  : /home/emlad/Developer/frappe-crm-f0rk/frappe-bench/sites/crm.localhost/private/backups/20260407_120009-crm_localhost-site_config_backup.json 306.0B
Database: /home/emlad/Developer/frappe-crm-f0rk/frappe-bench/sites/crm.localhost/private/backups/20260407_120009-crm_localhost-database.sql.gz 337.6KiB
Backup for Site crm.localhost has been successfully completed
set -o pipefail; /usr/bin/mariadb-dump --user=_29402e52a87f28e9 --host=127.0.0.1 --port=3306 --password=********** --single-transaction --quick --lock-tables=false _29402e52a87f28e9 | /usr/bin/gzip >> ./crm.localhost/private/backups/20260407_180005-crm_localhost-database.sql.gz

Backup Summary for crm.localhost at 2026-04-07 18:00:07.509004
Config  : /home/emlad/Developer/frappe-crm-f0rk/frappe-bench/sites/crm.localhost/private/backups/20260407_180005-crm_localhost-site_config_backup.json 306.0B
Database: /home/emlad/Developer/frappe-crm-f0rk/frappe-bench/sites/crm.localhost/private/backups/20260407_180005-crm_localhost-database.sql.gz 337.6KiB
Backup for Site crm.localhost has been successfully completed
set -o pipefail; /usr/bin/mariadb-dump --user=_29402e52a87f28e9 --host=127.0.0.1 --port=3306 --password=********** --single-transaction --quick --lock-tables=false _29402e52a87f28e9 | /usr/bin/gzip >> ./crm.localhost/private/backups/20260408_000006-crm_localhost-database.sql.gz

Backup Summary for crm.localhost at 2026-04-08 00:00:07.517744
Config  : /home/emlad/Developer/frappe-crm-f0rk/frappe-bench/sites/crm.localhost/private/backups/20260408_000006-crm_localhost-site_config_backup.json 306.0B
Database: /home/emlad/Developer/frappe-crm-f0rk/frappe-bench/sites/crm.localhost/private/backups/20260408_000006-crm_localhost-database.sql.gz 337.6KiB
Backup for Site crm.localhost has been successfully completed
set -o pipefail; /usr/bin/mariadb-dump --user=_29402e52a87f28e9 --host=127.0.0.1 --port=3306 --password=********** --single-transaction --quick --lock-tables=false _29402e52a87f28e9 | /usr/bin/gzip >> ./crm.localhost/private/backups/20260408_060009-crm_localhost-database.sql.gz

Backup Summary for crm.localhost at 2026-04-08 06:00:10.685754
Config  : /home/emlad/Developer/frappe-crm-f0rk/frappe-bench/sites/crm.localhost/private/backups/20260408_060009-crm_localhost-site_config_backup.json 306.0B
Database: /home/emlad/Developer/frappe-crm-f0rk/frappe-bench/sites/crm.localhost/private/backups/20260408_060009-crm_localhost-database.sql.gz 337.6KiB
Backup for Site crm.localhost has been successfully completed
set -o pipefail; /usr/bin/mariadb-dump --user=_29402e52a87f28e9 --host=127.0.0.1 --port=3306 --password=********** --single-transaction --quick --lock-tables=false _29402e52a87f28e9 | /usr/bin/gzip >> ./crm.localhost/private/backups/20260408_120005-crm_localhost-database.sql.gz

Backup Summary for crm.localhost at 2026-04-08 12:00:06.770473
Config  : /home/emlad/Developer/frappe-crm-f0rk/frappe-bench/sites/crm.localhost/private/backups/20260408_120005-crm_localhost-site_config_backup.json 306.0B
Database: /home/emlad/Developer/frappe-crm-f0rk/frappe-bench/sites/crm.localhost/private/backups/20260408_120005-crm_localhost-database.sql.gz 337.6KiB
Backup for Site crm.localhost has been successfully completed
Backup failed for Site crm.localhost. Database or site_config.json may be corrupted
Traceback with variables (most recent call last):
  File "apps/frappe/frappe/commands/site.py", line 881, in backup
    odb = scheduled_backup(
      context = CliCtxObj(force=False, profile=False, sites=['crm.localhost'], verbose=True)
      with_files = False
      backup_path = None
      backup_path_db = None
      backup_path_files = None
      backup_path_private_files = None
      backup_path_conf = None
      ignore_backup_conf = False
      verbose = True
      compress = False
      include = ''
      exclude = ''
      old_backup_metadata = False
      scheduled_backup = <function scheduled_backup at 0x790d390d6ae0>
      exit_code = 0
      rollback_callback = None
      site = 'crm.localhost'
  File "apps/frappe/frappe/utils/backups.py", line 589, in scheduled_backup
    return new_backup(
      older_than = 6
      ignore_files = True
      backup_path = None
      backup_path_db = None
      backup_path_files = None
      backup_path_private_files = None
      backup_path_conf = None
      ignore_conf = False
      include_doctypes = ''
      exclude_doctypes = ''
      compress = False
      force = True
      verbose = True
      old_backup_metadata = False
      rollback_callback = frappe.utils.CallbackManager()
  File "apps/frappe/frappe/utils/backups.py", line 626, in new_backup
    odb = BackupGenerator(
      older_than = 6
      ignore_files = True
      backup_path = None
      backup_path_db = None
      backup_path_files = None
      backup_path_private_files = None
      backup_path_conf = None
      ignore_conf = False
      include_doctypes = ''
      exclude_doctypes = ''
      compress = False
      force = True
      verbose = True
      old_backup_metadata = False
      rollback_callback = frappe.utils.CallbackManager()
  File "apps/frappe/frappe/utils/backups.py", line 89, in __init__
    self.setup_backup_tables()
      self = frappe.utils.backups.BackupGenerator(backup_path=None, backup_path_conf=None, backup_path_db=None, backup_path_files=None, backup_path_private_files=None, compress_files=False, db_host='127.0.0.1', db_name='_29402e52a87f28e9', db_port=3306, db_socket=None, db_type='mariadb', exclude_doctypes='', ignore_conf=False, include_doctypes='', old_backup_metadata=False, partial=False, password='JYcurQeypTfWeGVA', rollback_callback=frappe.utils.CallbackManager(-), site_slug='crm_localhost', user='_29402e52a87f28e9', verbose=True)
      db_name = '_29402e52a87f28e9'
      user = '_29402e52a87f28e9'
      password = ********
      backup_path = None
      backup_path_db = None
      backup_path_files = None
      backup_path_private_files = None
      db_socket = None
      db_host = '127.0.0.1'
      db_port = 3306
      db_type = 'mariadb'
      backup_path_conf = None
      ignore_conf = False
      compress_files = False
      include_doctypes = ''
      exclude_doctypes = ''
      verbose = True
      old_backup_metadata = False
      rollback_callback = frappe.utils.CallbackManager()
      site = 'crm.localhost'
  File "apps/frappe/frappe/utils/backups.py", line 126, in setup_backup_tables
    self._set_existing_tables()
      self = frappe.utils.backups.BackupGenerator(backup_path=None, backup_path_conf=None, backup_path_db=None, backup_path_files=None, backup_path_private_files=None, compress_files=False, db_host='127.0.0.1', db_name='_29402e52a87f28e9', db_port=3306, db_socket=None, db_type='mariadb', exclude_doctypes='', ignore_conf=False, include_doctypes='', old_backup_metadata=False, partial=False, password='JYcurQeypTfWeGVA', rollback_callback=frappe.utils.CallbackManager(-), site_slug='crm_localhost', user='_29402e52a87f28e9', verbose=True)
  File "apps/frappe/frappe/utils/backups.py", line 122, in _set_existing_tables
    self._existing_tables = frappe.db.get_tables()
      self = frappe.utils.backups.BackupGenerator(backup_path=None, backup_path_conf=None, backup_path_db=None, backup_path_files=None, backup_path_private_files=None, compress_files=False, db_host='127.0.0.1', db_name='_29402e52a87f28e9', db_port=3306, db_socket=None, db_type='mariadb', exclude_doctypes='', ignore_conf=False, include_doctypes='', old_backup_metadata=False, partial=False, password='JYcurQeypTfWeGVA', rollback_callback=frappe.utils.CallbackManager(-), site_slug='crm_localhost', user='_29402e52a87f28e9', verbose=True)
  File "apps/frappe/frappe/database/mariadb/mysqlclient.py", line 518, in get_tables
    .run(pluck=True)
      self = frappe.database.mariadb.mysqlclient.MariaDBDatabase(after_commit=frappe.utils.CallbackManager(-), after_rollback=frappe.utils.CallbackManager(-), auto_commit_on_many_writes=0, before_commit=frappe.utils.CallbackManager(-), before_rollback=frappe.utils.CallbackManager(-), cur_db_name='_29402e52a87f28e9', db_type='mariadb', host='127.0.0.1', logger=<Logger database-crm.localhost (WARNING)>, password='JYcurQeypTfWeGVA', port=3306, socket=None, transaction_writes=0, type_map={'Currency': ('decimal', '21,9'), 'Int': ('int', '11'), 'Long Int': ('bigint', '20'), 'Float': ('decimal', '21,9'), 'Percent': ('decimal', '21,9'), 'Check': ('tinyint', '4'), 'Small Text': ('text', ''), 'Long Text': ('lon...'), 'Color': ('varchar', 140), 'Barcode': ('longtext', ''), 'Geolocation': ('longtext', ''), 'Duration': ('decimal', '21,9'), 'Icon': ('varchar', 140), 'Phone': ('varchar', 140), 'Autocomplete': ('varchar', 140), 'JSON': ('json', '')}, user='_29402e52a87f28e9', value_cache=collections.defaultdict{})
      cached = True
      to_query = True
      tables = None
      information_schema = pypika.queries.Schema()
  File "apps/frappe/frappe/query_builder/utils.py", line 131, in execute_query
    result = frappe.local.db.sql(query, params, *args, **kwargs)  # nosemgrep
      query = 'SELECT `table_name` FROM `information_schema`.`tables` WHERE `table_schema`=%(param1)s'
      args = ()
      kwargs = {'pluck': True}
      dt = None
      fields = []
      child_queries = "_child_queries"
      params = {'param1': '_29402e52a87f28e9'}
  File "apps/frappe/frappe/database/database.py", line 249, in sql
    self.connect()
      self = frappe.database.mariadb.mysqlclient.MariaDBDatabase(after_commit=frappe.utils.CallbackManager(-), after_rollback=frappe.utils.CallbackManager(-), auto_commit_on_many_writes=0, before_commit=frappe.utils.CallbackManager(-), before_rollback=frappe.utils.CallbackManager(-), cur_db_name='_29402e52a87f28e9', db_type='mariadb', host='127.0.0.1', logger=<Logger database-crm.localhost (WARNING)>, password='JYcurQeypTfWeGVA', port=3306, socket=None, transaction_writes=0, type_map={'Currency': ('decimal', '21,9'), 'Int': ('int', '11'), 'Long Int': ('bigint', '20'), 'Float': ('decimal', '21,9'), 'Percent': ('decimal', '21,9'), 'Check': ('tinyint', '4'), 'Small Text': ('text', ''), 'Long Text': ('lon...'), 'Color': ('varchar', 140), 'Barcode': ('longtext', ''), 'Geolocation': ('longtext', ''), 'Duration': ('decimal', '21,9'), 'Icon': ('varchar', 140), 'Phone': ('varchar', 140), 'Autocomplete': ('varchar', 140), 'JSON': ('json', '')}, user='_29402e52a87f28e9', value_cache=collections.defaultdict{})
      query = 'SELECT `table_name` FROM `information_schema`.`tables` WHERE `table_schema`=%(param1)s'
      values = {'param1': '_29402e52a87f28e9'}
      as_dict = 0
      as_list = 0
      debug = False
      ignore_ddl = 0
      auto_commit = 0
      update = None
      explain = False
      run = True
      pluck = True
      as_iterator = False
      query_type = 'select'
  File "apps/frappe/frappe/database/database.py", line 147, in connect
    self.get_connection()
      self = frappe.database.mariadb.mysqlclient.MariaDBDatabase(after_commit=frappe.utils.CallbackManager(-), after_rollback=frappe.utils.CallbackManager(-), auto_commit_on_many_writes=0, before_commit=frappe.utils.CallbackManager(-), before_rollback=frappe.utils.CallbackManager(-), cur_db_name='_29402e52a87f28e9', db_type='mariadb', host='127.0.0.1', logger=<Logger database-crm.localhost (WARNING)>, password='JYcurQeypTfWeGVA', port=3306, socket=None, transaction_writes=0, type_map={'Currency': ('decimal', '21,9'), 'Int': ('int', '11'), 'Long Int': ('bigint', '20'), 'Float': ('decimal', '21,9'), 'Percent': ('decimal', '21,9'), 'Check': ('tinyint', '4'), 'Small Text': ('text', ''), 'Long Text': ('lon...'), 'Color': ('varchar', 140), 'Barcode': ('longtext', ''), 'Geolocation': ('longtext', ''), 'Duration': ('decimal', '21,9'), 'Icon': ('varchar', 140), 'Phone': ('varchar', 140), 'Autocomplete': ('varchar', 140), 'JSON': ('json', '')}, user='_29402e52a87f28e9', value_cache=collections.defaultdict{})
  File "apps/frappe/frappe/database/mariadb/mysqlclient.py", line 109, in get_connection
    conn = self._get_connection()
      self = frappe.database.mariadb.mysqlclient.MariaDBDatabase(after_commit=frappe.utils.CallbackManager(-), after_rollback=frappe.utils.CallbackManager(-), auto_commit_on_many_writes=0, before_commit=frappe.utils.CallbackManager(-), before_rollback=frappe.utils.CallbackManager(-), cur_db_name='_29402e52a87f28e9', db_type='mariadb', host='127.0.0.1', logger=<Logger database-crm.localhost (WARNING)>, password='JYcurQeypTfWeGVA', port=3306, socket=None, transaction_writes=0, type_map={'Currency': ('decimal', '21,9'), 'Int': ('int', '11'), 'Long Int': ('bigint', '20'), 'Float': ('decimal', '21,9'), 'Percent': ('decimal', '21,9'), 'Check': ('tinyint', '4'), 'Small Text': ('text', ''), 'Long Text': ('lon...'), 'Color': ('varchar', 140), 'Barcode': ('longtext', ''), 'Geolocation': ('longtext', ''), 'Duration': ('decimal', '21,9'), 'Icon': ('varchar', 140), 'Phone': ('varchar', 140), 'Autocomplete': ('varchar', 140), 'JSON': ('json', '')}, user='_29402e52a87f28e9', value_cache=collections.defaultdict{})
  File "apps/frappe/frappe/database/mariadb/mysqlclient.py", line 114, in _get_connection
    return self.create_connection()
      self = frappe.database.mariadb.mysqlclient.MariaDBDatabase(after_commit=frappe.utils.CallbackManager(-), after_rollback=frappe.utils.CallbackManager(-), auto_commit_on_many_writes=0, before_commit=frappe.utils.CallbackManager(-), before_rollback=frappe.utils.CallbackManager(-), cur_db_name='_29402e52a87f28e9', db_type='mariadb', host='127.0.0.1', logger=<Logger database-crm.localhost (WARNING)>, password='JYcurQeypTfWeGVA', port=3306, socket=None, transaction_writes=0, type_map={'Currency': ('decimal', '21,9'), 'Int': ('int', '11'), 'Long Int': ('bigint', '20'), 'Float': ('decimal', '21,9'), 'Percent': ('decimal', '21,9'), 'Check': ('tinyint', '4'), 'Small Text': ('text', ''), 'Long Text': ('lon...'), 'Color': ('varchar', 140), 'Barcode': ('longtext', ''), 'Geolocation': ('longtext', ''), 'Duration': ('decimal', '21,9'), 'Icon': ('varchar', 140), 'Phone': ('varchar', 140), 'Autocomplete': ('varchar', 140), 'JSON': ('json', '')}, user='_29402e52a87f28e9', value_cache=collections.defaultdict{})
  File "apps/frappe/frappe/database/mariadb/mysqlclient.py", line 117, in create_connection
    return MySQLdb.connect(**self.get_connection_settings())
      self = frappe.database.mariadb.mysqlclient.MariaDBDatabase(after_commit=frappe.utils.CallbackManager(-), after_rollback=frappe.utils.CallbackManager(-), auto_commit_on_many_writes=0, before_commit=frappe.utils.CallbackManager(-), before_rollback=frappe.utils.CallbackManager(-), cur_db_name='_29402e52a87f28e9', db_type='mariadb', host='127.0.0.1', logger=<Logger database-crm.localhost (WARNING)>, password='JYcurQeypTfWeGVA', port=3306, socket=None, transaction_writes=0, type_map={'Currency': ('decimal', '21,9'), 'Int': ('int', '11'), 'Long Int': ('bigint', '20'), 'Float': ('decimal', '21,9'), 'Percent': ('decimal', '21,9'), 'Check': ('tinyint', '4'), 'Small Text': ('text', ''), 'Long Text': ('lon...'), 'Color': ('varchar', 140), 'Barcode': ('longtext', ''), 'Geolocation': ('longtext', ''), 'Duration': ('decimal', '21,9'), 'Icon': ('varchar', 140), 'Phone': ('varchar', 140), 'Autocomplete': ('varchar', 140), 'JSON': ('json', '')}, user='_29402e52a87f28e9', value_cache=collections.defaultdict{})
  File "env/lib/python3.14/site-packages/MySQLdb/__init__.py", line 121, in Connect
    return Connection(*args, **kwargs)
      args = ()
      kwargs = {'user': '_29402e52a87f28e9', 'conv': {<class 'int'>: <function Thing2Str at 0x790d383fb320>, <class 'float'>: <function Float2Str at 0x790d383fb3d0>, <class 'NoneType'>: <function None2NULL at 0x790d383fb480>, <class 'array.array'>: <function array2Str at 0x790d383fb690>, <class 'bool'>: <function Bool2Str at 0x790d383fb060>, <class 'datetime.date'>: <function Thing2Literal at 0x790d383fb530>, <class 'datetime.datetime'>: <function DateTime2literal at 0x790d383faa30>, <class 'datetime.timedelta'>: <function escape_timedelta at 0x790d38249430>, <class 'set'>: <function Set2Str at 0x790d383fb1c0>, <class 'decimal.Decimal'>: <function Decimal2Literal at 0x790d383fb5e0>, 1: <class 'int'>, 2: <c...t'>: <function escape_dict at 0x790d382494e0>, <class 'frozenset'>: <function escape_frozenset at 0x790d383f9b10>}, 'charset': 'utf8mb4', 'use_unicode': True, 'local_infile': False, 'multi_statements': False, 'database': '_29402e52a87f28e9', 'host': '127.0.0.1', 'port': 3306, 'password': '********'}
      Connection = MySQLdb.connections.Connection
  File "env/lib/python3.14/site-packages/MySQLdb/connections.py", line 200, in __init__
    super().__init__(*args, **kwargs2)
      self = <_mysql.connection open to '(null)' at 0x5970f054f780>
      args = ()
      kwargs = {'user': '_29402e52a87f28e9', 'conv': {<class 'int'>: <function Thing2Str at 0x790d383fb320>, <class 'float'>: <function Float2Str at 0x790d383fb3d0>, <class 'NoneType'>: <function None2NULL at 0x790d383fb480>, <class 'array.array'>: <function array2Str at 0x790d383fb690>, <class 'bool'>: <function Bool2Str at 0x790d383fb060>, <class 'datetime.date'>: <function Thing2Literal at 0x790d383fb530>, <class 'datetime.datetime'>: <function DateTime2literal at 0x790d383faa30>, <class 'datetime.timedelta'>: <function escape_timedelta at 0x790d38249430>, <class 'set'>: <function Set2Str at 0x790d383fb1c0>, <class 'decimal.Decimal'>: <function Decimal2Literal at 0x790d383fb5e0>, 1: <class 'int'>, 2: <c...t'>: <function escape_dict at 0x790d382494e0>, <class 'frozenset'>: <function escape_frozenset at 0x790d383f9b10>}, 'charset': 'utf8mb4', 'use_unicode': True, 'local_infile': False, 'multi_statements': False, 'database': '_29402e52a87f28e9', 'host': '127.0.0.1', 'port': 3306, 'password': '********'}
      CLIENT = <module 'MySQLdb.constants.CLIENT' from 'env/lib/python3.14/site-packages/MySQLdb/constants/CLIENT.py'>
      FIELD_TYPE = <module 'MySQLdb.constants.FIELD_TYPE' from 'env/lib/python3.14/site-packages/MySQLdb/constants/FIELD_TYPE.py'>
      conversions = {<class 'int'>: <function Thing2Str at 0x790d383fb320>, <class 'float'>: <function Float2Str at 0x790d383fb3d0>, <class 'NoneType'>: <function None2NULL at 0x790d383fb480>, <class 'array.array'>: <function array2Str at 0x790d383fb690>, <class 'bool'>: <function Bool2Str at 0x790d383fb060>, <class 'datetime.date'>: <function Thing2Literal at 0x790d383fb530>, <class 'datetime.datetime'>: <function DateTime2literal at 0x790d383faa30>, <class 'datetime.timedelta'>: <function DateTimeDelta2literal at 0x790d383faae0>, <class 'set'>: <function Set2Str at 0x790d383fb1c0>, <class 'decimal.Decimal'>: <function Decimal2Literal at 0x790d383fb5e0>, 1: <class 'int'>, 2: <class 'int'>, 3: <class 'int'>, 4:...r_None at 0x790d383fa770>, 11: <function TimeDelta_or_None at 0x790d383fa820>, 10: <function Date_or_None at 0x790d383fa980>, 249: <class 'bytes'>, 250: <class 'bytes'>, 251: <class 'bytes'>, 252: <class 'bytes'>, 254: <class 'bytes'>, 253: <class 'bytes'>, 15: <class 'bytes'>, 245: <class 'bytes'>}
      _bytes_or_str = ((128, bytes), (None, str))
      kwargs2 = {'user': '_29402e52a87f28e9', 'conv': {<class 'int'>: <function Thing2Str at 0x790d383fb320>, <class 'float'>: <function Float2Str at 0x790d383fb3d0>, <class 'NoneType'>: <function None2NULL at 0x790d383fb480>, <class 'array.array'>: <function array2Str at 0x790d383fb690>, <class 'bool'>: <function Bool2Str at 0x790d383fb060>, <class 'datetime.date'>: <function Thing2Literal at 0x790d383fb530>, <class 'datetime.datetime'>: <function DateTime2literal at 0x790d383faa30>, <class 'datetime.timedelta'>: <function escape_timedelta at 0x790d38249430>, <class 'set'>: <function Set2Str at 0x790d383fb1c0>, <class 'decimal.Decimal'>: <function Decimal2Literal at 0x790d383fb5e0>, 1: <class 'int'>, 2: <c...ass 'bytes'>, <class 'dict'>: <function escape_dict at 0x790d382494e0>, <class 'frozenset'>: <function escape_frozenset at 0x790d383f9b10>}, 'charset': 'utf8mb4', 'local_infile': False, 'database': '_29402e52a87f28e9', 'host': '127.0.0.1', 'port': 3306, 'password': '********', 'client_flag': 131072}
      conv = {<class 'int'>: <function Thing2Str at 0x790d383fb320>, <class 'float'>: <function Float2Str at 0x790d383fb3d0>, <class 'NoneType'>: <function None2NULL at 0x790d383fb480>, <class 'array.array'>: <function array2Str at 0x790d383fb690>, <class 'bool'>: <function Bool2Str at 0x790d383fb060>, <class 'datetime.date'>: <function Thing2Literal at 0x790d383fb530>, <class 'datetime.datetime'>: <function DateTime2literal at 0x790d383faa30>, <class 'datetime.timedelta'>: <function escape_timedelta at 0x790d38249430>, <class 'set'>: <function Set2Str at 0x790d383fb1c0>, <class 'decimal.Decimal'>: <function Decimal2Literal at 0x790d383fb5e0>, 1: <class 'int'>, 2: <class 'int'>, 3: <class 'int'>, 4: <cla...249: <class 'bytes'>, 250: <class 'bytes'>, 251: <class 'bytes'>, 252: <class 'bytes'>, 254: <class 'bytes'>, 253: <class 'bytes'>, 15: <class 'bytes'>, 245: <class 'bytes'>, <class 'dict'>: <function escape_dict at 0x790d382494e0>, <class 'frozenset'>: <function escape_frozenset at 0x790d383f9b10>}
      conv2 = {<class 'int'>: <function Thing2Str at 0x790d383fb320>, <class 'float'>: <function Float2Str at 0x790d383fb3d0>, <class 'NoneType'>: <function None2NULL at 0x790d383fb480>, <class 'array.array'>: <function array2Str at 0x790d383fb690>, <class 'bool'>: <function Bool2Str at 0x790d383fb060>, <class 'datetime.date'>: <function Thing2Literal at 0x790d383fb530>, <class 'datetime.datetime'>: <function DateTime2literal at 0x790d383faa30>, <class 'datetime.timedelta'>: <function escape_timedelta at 0x790d38249430>, <class 'set'>: <function Set2Str at 0x790d383fb1c0>, <class 'decimal.Decimal'>: <function Decimal2Literal at 0x790d383fb5e0>, 1: <class 'int'>, 2: <class 'int'>, 3: <class 'int'>, 4: <cla...249: <class 'bytes'>, 250: <class 'bytes'>, 251: <class 'bytes'>, 252: <class 'bytes'>, 254: <class 'bytes'>, 253: <class 'bytes'>, 15: <class 'bytes'>, 245: <class 'bytes'>, <class 'dict'>: <function escape_dict at 0x790d382494e0>, <class 'frozenset'>: <function escape_frozenset at 0x790d383f9b10>}
      k = frozenset
      v = <function escape_frozenset at 0x790d383f9b10>
      cursorclass = MySQLdb.cursors.Cursor
      charset = 'utf8mb4'
      collation = ''
      use_unicode = True
      sql_mode = ''
      client_flag = 131072
      multi_statements = False
      autocommit = False
      __class__ = MySQLdb.connections.Connection
MySQLdb.OperationalError: (1045, "Access denied for user '_29402e52a87f28e9'@'localhost' (using password: YES)")
Backup failed for Site crm.localhost. Database or site_config.json may be corrupted
Traceback with variables (most recent call last):
  File "apps/frappe/frappe/commands/site.py", line 881, in backup
    odb = scheduled_backup(
      context = CliCtxObj(force=False, profile=False, sites=['crm.localhost'], verbose=True)
      with_files = False
      backup_path = None
      backup_path_db = None
      backup_path_files = None
      backup_path_private_files = None
      backup_path_conf = None
      ignore_backup_conf = False
      verbose = True
      compress = False
      include = ''
      exclude = ''
      old_backup_metadata = False
      scheduled_backup = <function scheduled_backup at 0x73ada40e6ae0>
      exit_code = 0
      rollback_callback = None
      site = 'crm.localhost'
  File "apps/frappe/frappe/utils/backups.py", line 589, in scheduled_backup
    return new_backup(
      older_than = 6
      ignore_files = True
      backup_path = None
      backup_path_db = None
      backup_path_files = None
      backup_path_private_files = None
      backup_path_conf = None
      ignore_conf = False
      include_doctypes = ''
      exclude_doctypes = ''
      compress = False
      force = True
      verbose = True
      old_backup_metadata = False
      rollback_callback = frappe.utils.CallbackManager()
  File "apps/frappe/frappe/utils/backups.py", line 626, in new_backup
    odb = BackupGenerator(
      older_than = 6
      ignore_files = True
      backup_path = None
      backup_path_db = None
      backup_path_files = None
      backup_path_private_files = None
      backup_path_conf = None
      ignore_conf = False
      include_doctypes = ''
      exclude_doctypes = ''
      compress = False
      force = True
      verbose = True
      old_backup_metadata = False
      rollback_callback = frappe.utils.CallbackManager()
  File "apps/frappe/frappe/utils/backups.py", line 89, in __init__
    self.setup_backup_tables()
      self = frappe.utils.backups.BackupGenerator(backup_path=None, backup_path_conf=None, backup_path_db=None, backup_path_files=None, backup_path_private_files=None, compress_files=False, db_host='127.0.0.1', db_name='_29402e52a87f28e9', db_port=3306, db_socket=None, db_type='mariadb', exclude_doctypes='', ignore_conf=False, include_doctypes='', old_backup_metadata=False, partial=False, password='JYcurQeypTfWeGVA', rollback_callback=frappe.utils.CallbackManager(-), site_slug='crm_localhost', user='_29402e52a87f28e9', verbose=True)
      db_name = '_29402e52a87f28e9'
      user = '_29402e52a87f28e9'
      password = ********
      backup_path = None
      backup_path_db = None
      backup_path_files = None
      backup_path_private_files = None
      db_socket = None
      db_host = '127.0.0.1'
      db_port = 3306
      db_type = 'mariadb'
      backup_path_conf = None
      ignore_conf = False
      compress_files = False
      include_doctypes = ''
      exclude_doctypes = ''
      verbose = True
      old_backup_metadata = False
      rollback_callback = frappe.utils.CallbackManager()
      site = 'crm.localhost'
  File "apps/frappe/frappe/utils/backups.py", line 126, in setup_backup_tables
    self._set_existing_tables()
      self = frappe.utils.backups.BackupGenerator(backup_path=None, backup_path_conf=None, backup_path_db=None, backup_path_files=None, backup_path_private_files=None, compress_files=False, db_host='127.0.0.1', db_name='_29402e52a87f28e9', db_port=3306, db_socket=None, db_type='mariadb', exclude_doctypes='', ignore_conf=False, include_doctypes='', old_backup_metadata=False, partial=False, password='JYcurQeypTfWeGVA', rollback_callback=frappe.utils.CallbackManager(-), site_slug='crm_localhost', user='_29402e52a87f28e9', verbose=True)
  File "apps/frappe/frappe/utils/backups.py", line 122, in _set_existing_tables
    self._existing_tables = frappe.db.get_tables()
      self = frappe.utils.backups.BackupGenerator(backup_path=None, backup_path_conf=None, backup_path_db=None, backup_path_files=None, backup_path_private_files=None, compress_files=False, db_host='127.0.0.1', db_name='_29402e52a87f28e9', db_port=3306, db_socket=None, db_type='mariadb', exclude_doctypes='', ignore_conf=False, include_doctypes='', old_backup_metadata=False, partial=False, password='JYcurQeypTfWeGVA', rollback_callback=frappe.utils.CallbackManager(-), site_slug='crm_localhost', user='_29402e52a87f28e9', verbose=True)
  File "apps/frappe/frappe/database/mariadb/mysqlclient.py", line 518, in get_tables
    .run(pluck=True)
      self = frappe.database.mariadb.mysqlclient.MariaDBDatabase(after_commit=frappe.utils.CallbackManager(-), after_rollback=frappe.utils.CallbackManager(-), auto_commit_on_many_writes=0, before_commit=frappe.utils.CallbackManager(-), before_rollback=frappe.utils.CallbackManager(-), cur_db_name='_29402e52a87f28e9', db_type='mariadb', host='127.0.0.1', logger=<Logger database-crm.localhost (WARNING)>, password='JYcurQeypTfWeGVA', port=3306, socket=None, transaction_writes=0, type_map={'Currency': ('decimal', '21,9'), 'Int': ('int', '11'), 'Long Int': ('bigint', '20'), 'Float': ('decimal', '21,9'), 'Percent': ('decimal', '21,9'), 'Check': ('tinyint', '4'), 'Small Text': ('text', ''), 'Long Text': ('lon...'), 'Color': ('varchar', 140), 'Barcode': ('longtext', ''), 'Geolocation': ('longtext', ''), 'Duration': ('decimal', '21,9'), 'Icon': ('varchar', 140), 'Phone': ('varchar', 140), 'Autocomplete': ('varchar', 140), 'JSON': ('json', '')}, user='_29402e52a87f28e9', value_cache=collections.defaultdict{})
      cached = True
      to_query = True
      tables = None
      information_schema = pypika.queries.Schema()
  File "apps/frappe/frappe/query_builder/utils.py", line 131, in execute_query
    result = frappe.local.db.sql(query, params, *args, **kwargs)  # nosemgrep
      query = 'SELECT `table_name` FROM `information_schema`.`tables` WHERE `table_schema`=%(param1)s'
      args = ()
      kwargs = {'pluck': True}
      dt = None
      fields = []
      child_queries = "_child_queries"
      params = {'param1': '_29402e52a87f28e9'}
  File "apps/frappe/frappe/database/database.py", line 249, in sql
    self.connect()
      self = frappe.database.mariadb.mysqlclient.MariaDBDatabase(after_commit=frappe.utils.CallbackManager(-), after_rollback=frappe.utils.CallbackManager(-), auto_commit_on_many_writes=0, before_commit=frappe.utils.CallbackManager(-), before_rollback=frappe.utils.CallbackManager(-), cur_db_name='_29402e52a87f28e9', db_type='mariadb', host='127.0.0.1', logger=<Logger database-crm.localhost (WARNING)>, password='JYcurQeypTfWeGVA', port=3306, socket=None, transaction_writes=0, type_map={'Currency': ('decimal', '21,9'), 'Int': ('int', '11'), 'Long Int': ('bigint', '20'), 'Float': ('decimal', '21,9'), 'Percent': ('decimal', '21,9'), 'Check': ('tinyint', '4'), 'Small Text': ('text', ''), 'Long Text': ('lon...'), 'Color': ('varchar', 140), 'Barcode': ('longtext', ''), 'Geolocation': ('longtext', ''), 'Duration': ('decimal', '21,9'), 'Icon': ('varchar', 140), 'Phone': ('varchar', 140), 'Autocomplete': ('varchar', 140), 'JSON': ('json', '')}, user='_29402e52a87f28e9', value_cache=collections.defaultdict{})
      query = 'SELECT `table_name` FROM `information_schema`.`tables` WHERE `table_schema`=%(param1)s'
      values = {'param1': '_29402e52a87f28e9'}
      as_dict = 0
      as_list = 0
      debug = False
      ignore_ddl = 0
      auto_commit = 0
      update = None
      explain = False
      run = True
      pluck = True
      as_iterator = False
      query_type = 'select'
  File "apps/frappe/frappe/database/database.py", line 147, in connect
    self.get_connection()
      self = frappe.database.mariadb.mysqlclient.MariaDBDatabase(after_commit=frappe.utils.CallbackManager(-), after_rollback=frappe.utils.CallbackManager(-), auto_commit_on_many_writes=0, before_commit=frappe.utils.CallbackManager(-), before_rollback=frappe.utils.CallbackManager(-), cur_db_name='_29402e52a87f28e9', db_type='mariadb', host='127.0.0.1', logger=<Logger database-crm.localhost (WARNING)>, password='JYcurQeypTfWeGVA', port=3306, socket=None, transaction_writes=0, type_map={'Currency': ('decimal', '21,9'), 'Int': ('int', '11'), 'Long Int': ('bigint', '20'), 'Float': ('decimal', '21,9'), 'Percent': ('decimal', '21,9'), 'Check': ('tinyint', '4'), 'Small Text': ('text', ''), 'Long Text': ('lon...'), 'Color': ('varchar', 140), 'Barcode': ('longtext', ''), 'Geolocation': ('longtext', ''), 'Duration': ('decimal', '21,9'), 'Icon': ('varchar', 140), 'Phone': ('varchar', 140), 'Autocomplete': ('varchar', 140), 'JSON': ('json', '')}, user='_29402e52a87f28e9', value_cache=collections.defaultdict{})
  File "apps/frappe/frappe/database/mariadb/mysqlclient.py", line 109, in get_connection
    conn = self._get_connection()
      self = frappe.database.mariadb.mysqlclient.MariaDBDatabase(after_commit=frappe.utils.CallbackManager(-), after_rollback=frappe.utils.CallbackManager(-), auto_commit_on_many_writes=0, before_commit=frappe.utils.CallbackManager(-), before_rollback=frappe.utils.CallbackManager(-), cur_db_name='_29402e52a87f28e9', db_type='mariadb', host='127.0.0.1', logger=<Logger database-crm.localhost (WARNING)>, password='JYcurQeypTfWeGVA', port=3306, socket=None, transaction_writes=0, type_map={'Currency': ('decimal', '21,9'), 'Int': ('int', '11'), 'Long Int': ('bigint', '20'), 'Float': ('decimal', '21,9'), 'Percent': ('decimal', '21,9'), 'Check': ('tinyint', '4'), 'Small Text': ('text', ''), 'Long Text': ('lon...'), 'Color': ('varchar', 140), 'Barcode': ('longtext', ''), 'Geolocation': ('longtext', ''), 'Duration': ('decimal', '21,9'), 'Icon': ('varchar', 140), 'Phone': ('varchar', 140), 'Autocomplete': ('varchar', 140), 'JSON': ('json', '')}, user='_29402e52a87f28e9', value_cache=collections.defaultdict{})
  File "apps/frappe/frappe/database/mariadb/mysqlclient.py", line 114, in _get_connection
    return self.create_connection()
      self = frappe.database.mariadb.mysqlclient.MariaDBDatabase(after_commit=frappe.utils.CallbackManager(-), after_rollback=frappe.utils.CallbackManager(-), auto_commit_on_many_writes=0, before_commit=frappe.utils.CallbackManager(-), before_rollback=frappe.utils.CallbackManager(-), cur_db_name='_29402e52a87f28e9', db_type='mariadb', host='127.0.0.1', logger=<Logger database-crm.localhost (WARNING)>, password='JYcurQeypTfWeGVA', port=3306, socket=None, transaction_writes=0, type_map={'Currency': ('decimal', '21,9'), 'Int': ('int', '11'), 'Long Int': ('bigint', '20'), 'Float': ('decimal', '21,9'), 'Percent': ('decimal', '21,9'), 'Check': ('tinyint', '4'), 'Small Text': ('text', ''), 'Long Text': ('lon...'), 'Color': ('varchar', 140), 'Barcode': ('longtext', ''), 'Geolocation': ('longtext', ''), 'Duration': ('decimal', '21,9'), 'Icon': ('varchar', 140), 'Phone': ('varchar', 140), 'Autocomplete': ('varchar', 140), 'JSON': ('json', '')}, user='_29402e52a87f28e9', value_cache=collections.defaultdict{})
  File "apps/frappe/frappe/database/mariadb/mysqlclient.py", line 117, in create_connection
    return MySQLdb.connect(**self.get_connection_settings())
      self = frappe.database.mariadb.mysqlclient.MariaDBDatabase(after_commit=frappe.utils.CallbackManager(-), after_rollback=frappe.utils.CallbackManager(-), auto_commit_on_many_writes=0, before_commit=frappe.utils.CallbackManager(-), before_rollback=frappe.utils.CallbackManager(-), cur_db_name='_29402e52a87f28e9', db_type='mariadb', host='127.0.0.1', logger=<Logger database-crm.localhost (WARNING)>, password='JYcurQeypTfWeGVA', port=3306, socket=None, transaction_writes=0, type_map={'Currency': ('decimal', '21,9'), 'Int': ('int', '11'), 'Long Int': ('bigint', '20'), 'Float': ('decimal', '21,9'), 'Percent': ('decimal', '21,9'), 'Check': ('tinyint', '4'), 'Small Text': ('text', ''), 'Long Text': ('lon...'), 'Color': ('varchar', 140), 'Barcode': ('longtext', ''), 'Geolocation': ('longtext', ''), 'Duration': ('decimal', '21,9'), 'Icon': ('varchar', 140), 'Phone': ('varchar', 140), 'Autocomplete': ('varchar', 140), 'JSON': ('json', '')}, user='_29402e52a87f28e9', value_cache=collections.defaultdict{})
  File "env/lib/python3.14/site-packages/MySQLdb/__init__.py", line 121, in Connect
    return Connection(*args, **kwargs)
      args = ()
      kwargs = {'user': '_29402e52a87f28e9', 'conv': {<class 'int'>: <function Thing2Str at 0x73ada3ea3320>, <class 'float'>: <function Float2Str at 0x73ada3ea33d0>, <class 'NoneType'>: <function None2NULL at 0x73ada3ea3480>, <class 'array.array'>: <function array2Str at 0x73ada3ea3690>, <class 'bool'>: <function Bool2Str at 0x73ada3ea3060>, <class 'datetime.date'>: <function Thing2Literal at 0x73ada3ea3530>, <class 'datetime.datetime'>: <function DateTime2literal at 0x73ada3ea2a30>, <class 'datetime.timedelta'>: <function escape_timedelta at 0x73ada3ced430>, <class 'set'>: <function Set2Str at 0x73ada3ea31c0>, <class 'decimal.Decimal'>: <function Decimal2Literal at 0x73ada3ea35e0>, 1: <class 'int'>, 2: <c...t'>: <function escape_dict at 0x73ada3ced4e0>, <class 'frozenset'>: <function escape_frozenset at 0x73ada3ea1b10>}, 'charset': 'utf8mb4', 'use_unicode': True, 'local_infile': False, 'multi_statements': False, 'database': '_29402e52a87f28e9', 'host': '127.0.0.1', 'port': 3306, 'password': '********'}
      Connection = MySQLdb.connections.Connection
  File "env/lib/python3.14/site-packages/MySQLdb/connections.py", line 200, in __init__
    super().__init__(*args, **kwargs2)
      self = <_mysql.connection open to '(null)' at 0x64c8dd9447b0>
      args = ()
      kwargs = {'user': '_29402e52a87f28e9', 'conv': {<class 'int'>: <function Thing2Str at 0x73ada3ea3320>, <class 'float'>: <function Float2Str at 0x73ada3ea33d0>, <class 'NoneType'>: <function None2NULL at 0x73ada3ea3480>, <class 'array.array'>: <function array2Str at 0x73ada3ea3690>, <class 'bool'>: <function Bool2Str at 0x73ada3ea3060>, <class 'datetime.date'>: <function Thing2Literal at 0x73ada3ea3530>, <class 'datetime.datetime'>: <function DateTime2literal at 0x73ada3ea2a30>, <class 'datetime.timedelta'>: <function escape_timedelta at 0x73ada3ced430>, <class 'set'>: <function Set2Str at 0x73ada3ea31c0>, <class 'decimal.Decimal'>: <function Decimal2Literal at 0x73ada3ea35e0>, 1: <class 'int'>, 2: <c...t'>: <function escape_dict at 0x73ada3ced4e0>, <class 'frozenset'>: <function escape_frozenset at 0x73ada3ea1b10>}, 'charset': 'utf8mb4', 'use_unicode': True, 'local_infile': False, 'multi_statements': False, 'database': '_29402e52a87f28e9', 'host': '127.0.0.1', 'port': 3306, 'password': '********'}
      CLIENT = <module 'MySQLdb.constants.CLIENT' from 'env/lib/python3.14/site-packages/MySQLdb/constants/CLIENT.py'>
      FIELD_TYPE = <module 'MySQLdb.constants.FIELD_TYPE' from 'env/lib/python3.14/site-packages/MySQLdb/constants/FIELD_TYPE.py'>
      conversions = {<class 'int'>: <function Thing2Str at 0x73ada3ea3320>, <class 'float'>: <function Float2Str at 0x73ada3ea33d0>, <class 'NoneType'>: <function None2NULL at 0x73ada3ea3480>, <class 'array.array'>: <function array2Str at 0x73ada3ea3690>, <class 'bool'>: <function Bool2Str at 0x73ada3ea3060>, <class 'datetime.date'>: <function Thing2Literal at 0x73ada3ea3530>, <class 'datetime.datetime'>: <function DateTime2literal at 0x73ada3ea2a30>, <class 'datetime.timedelta'>: <function DateTimeDelta2literal at 0x73ada3ea2ae0>, <class 'set'>: <function Set2Str at 0x73ada3ea31c0>, <class 'decimal.Decimal'>: <function Decimal2Literal at 0x73ada3ea35e0>, 1: <class 'int'>, 2: <class 'int'>, 3: <class 'int'>, 4:...r_None at 0x73ada3ea2770>, 11: <function TimeDelta_or_None at 0x73ada3ea2820>, 10: <function Date_or_None at 0x73ada3ea2980>, 249: <class 'bytes'>, 250: <class 'bytes'>, 251: <class 'bytes'>, 252: <class 'bytes'>, 254: <class 'bytes'>, 253: <class 'bytes'>, 15: <class 'bytes'>, 245: <class 'bytes'>}
      _bytes_or_str = ((128, bytes), (None, str))
      kwargs2 = {'user': '_29402e52a87f28e9', 'conv': {<class 'int'>: <function Thing2Str at 0x73ada3ea3320>, <class 'float'>: <function Float2Str at 0x73ada3ea33d0>, <class 'NoneType'>: <function None2NULL at 0x73ada3ea3480>, <class 'array.array'>: <function array2Str at 0x73ada3ea3690>, <class 'bool'>: <function Bool2Str at 0x73ada3ea3060>, <class 'datetime.date'>: <function Thing2Literal at 0x73ada3ea3530>, <class 'datetime.datetime'>: <function DateTime2literal at 0x73ada3ea2a30>, <class 'datetime.timedelta'>: <function escape_timedelta at 0x73ada3ced430>, <class 'set'>: <function Set2Str at 0x73ada3ea31c0>, <class 'decimal.Decimal'>: <function Decimal2Literal at 0x73ada3ea35e0>, 1: <class 'int'>, 2: <c...ass 'bytes'>, <class 'dict'>: <function escape_dict at 0x73ada3ced4e0>, <class 'frozenset'>: <function escape_frozenset at 0x73ada3ea1b10>}, 'charset': 'utf8mb4', 'local_infile': False, 'database': '_29402e52a87f28e9', 'host': '127.0.0.1', 'port': 3306, 'password': '********', 'client_flag': 131072}
      conv = {<class 'int'>: <function Thing2Str at 0x73ada3ea3320>, <class 'float'>: <function Float2Str at 0x73ada3ea33d0>, <class 'NoneType'>: <function None2NULL at 0x73ada3ea3480>, <class 'array.array'>: <function array2Str at 0x73ada3ea3690>, <class 'bool'>: <function Bool2Str at 0x73ada3ea3060>, <class 'datetime.date'>: <function Thing2Literal at 0x73ada3ea3530>, <class 'datetime.datetime'>: <function DateTime2literal at 0x73ada3ea2a30>, <class 'datetime.timedelta'>: <function escape_timedelta at 0x73ada3ced430>, <class 'set'>: <function Set2Str at 0x73ada3ea31c0>, <class 'decimal.Decimal'>: <function Decimal2Literal at 0x73ada3ea35e0>, 1: <class 'int'>, 2: <class 'int'>, 3: <class 'int'>, 4: <cla...249: <class 'bytes'>, 250: <class 'bytes'>, 251: <class 'bytes'>, 252: <class 'bytes'>, 254: <class 'bytes'>, 253: <class 'bytes'>, 15: <class 'bytes'>, 245: <class 'bytes'>, <class 'dict'>: <function escape_dict at 0x73ada3ced4e0>, <class 'frozenset'>: <function escape_frozenset at 0x73ada3ea1b10>}
      conv2 = {<class 'int'>: <function Thing2Str at 0x73ada3ea3320>, <class 'float'>: <function Float2Str at 0x73ada3ea33d0>, <class 'NoneType'>: <function None2NULL at 0x73ada3ea3480>, <class 'array.array'>: <function array2Str at 0x73ada3ea3690>, <class 'bool'>: <function Bool2Str at 0x73ada3ea3060>, <class 'datetime.date'>: <function Thing2Literal at 0x73ada3ea3530>, <class 'datetime.datetime'>: <function DateTime2literal at 0x73ada3ea2a30>, <class 'datetime.timedelta'>: <function escape_timedelta at 0x73ada3ced430>, <class 'set'>: <function Set2Str at 0x73ada3ea31c0>, <class 'decimal.Decimal'>: <function Decimal2Literal at 0x73ada3ea35e0>, 1: <class 'int'>, 2: <class 'int'>, 3: <class 'int'>, 4: <cla...249: <class 'bytes'>, 250: <class 'bytes'>, 251: <class 'bytes'>, 252: <class 'bytes'>, 254: <class 'bytes'>, 253: <class 'bytes'>, 15: <class 'bytes'>, 245: <class 'bytes'>, <class 'dict'>: <function escape_dict at 0x73ada3ced4e0>, <class 'frozenset'>: <function escape_frozenset at 0x73ada3ea1b10>}
      k = frozenset
      v = <function escape_frozenset at 0x73ada3ea1b10>
      cursorclass = MySQLdb.cursors.Cursor
      charset = 'utf8mb4'
      collation = ''
      use_unicode = True
      sql_mode = ''
      client_flag = 131072
      multi_statements = False
      autocommit = False
      __class__ = MySQLdb.connections.Connection
MySQLdb.OperationalError: (1045, "Access denied for user '_29402e52a87f28e9'@'localhost' (using password: YES)")
Backup failed for Site crm.localhost. Database or site_config.json may be corrupted
Traceback with variables (most recent call last):
  File "apps/frappe/frappe/commands/site.py", line 881, in backup
    odb = scheduled_backup(
      context = CliCtxObj(force=False, profile=False, sites=['crm.localhost'], verbose=True)
      with_files = False
      backup_path = None
      backup_path_db = None
      backup_path_files = None
      backup_path_private_files = None
      backup_path_conf = None
      ignore_backup_conf = False
      verbose = True
      compress = False
      include = ''
      exclude = ''
      old_backup_metadata = False
      scheduled_backup = <function scheduled_backup at 0x720e65adaae0>
      exit_code = 0
      rollback_callback = None
      site = 'crm.localhost'
  File "apps/frappe/frappe/utils/backups.py", line 589, in scheduled_backup
    return new_backup(
      older_than = 6
      ignore_files = True
      backup_path = None
      backup_path_db = None
      backup_path_files = None
      backup_path_private_files = None
      backup_path_conf = None
      ignore_conf = False
      include_doctypes = ''
      exclude_doctypes = ''
      compress = False
      force = True
      verbose = True
      old_backup_metadata = False
      rollback_callback = frappe.utils.CallbackManager()
  File "apps/frappe/frappe/utils/backups.py", line 626, in new_backup
    odb = BackupGenerator(
      older_than = 6
      ignore_files = True
      backup_path = None
      backup_path_db = None
      backup_path_files = None
      backup_path_private_files = None
      backup_path_conf = None
      ignore_conf = False
      include_doctypes = ''
      exclude_doctypes = ''
      compress = False
      force = True
      verbose = True
      old_backup_metadata = False
      rollback_callback = frappe.utils.CallbackManager()
  File "apps/frappe/frappe/utils/backups.py", line 89, in __init__
    self.setup_backup_tables()
      self = frappe.utils.backups.BackupGenerator(backup_path=None, backup_path_conf=None, backup_path_db=None, backup_path_files=None, backup_path_private_files=None, compress_files=False, db_host='127.0.0.1', db_name='_29402e52a87f28e9', db_port=3306, db_socket=None, db_type='mariadb', exclude_doctypes='', ignore_conf=False, include_doctypes='', old_backup_metadata=False, partial=False, password='JYcurQeypTfWeGVA', rollback_callback=frappe.utils.CallbackManager(-), site_slug='crm_localhost', user='_29402e52a87f28e9', verbose=True)
      db_name = '_29402e52a87f28e9'
      user = '_29402e52a87f28e9'
      password = ********
      backup_path = None
      backup_path_db = None
      backup_path_files = None
      backup_path_private_files = None
      db_socket = None
      db_host = '127.0.0.1'
      db_port = 3306
      db_type = 'mariadb'
      backup_path_conf = None
      ignore_conf = False
      compress_files = False
      include_doctypes = ''
      exclude_doctypes = ''
      verbose = True
      old_backup_metadata = False
      rollback_callback = frappe.utils.CallbackManager()
      site = 'crm.localhost'
  File "apps/frappe/frappe/utils/backups.py", line 126, in setup_backup_tables
    self._set_existing_tables()
      self = frappe.utils.backups.BackupGenerator(backup_path=None, backup_path_conf=None, backup_path_db=None, backup_path_files=None, backup_path_private_files=None, compress_files=False, db_host='127.0.0.1', db_name='_29402e52a87f28e9', db_port=3306, db_socket=None, db_type='mariadb', exclude_doctypes='', ignore_conf=False, include_doctypes='', old_backup_metadata=False, partial=False, password='JYcurQeypTfWeGVA', rollback_callback=frappe.utils.CallbackManager(-), site_slug='crm_localhost', user='_29402e52a87f28e9', verbose=True)
  File "apps/frappe/frappe/utils/backups.py", line 122, in _set_existing_tables
    self._existing_tables = frappe.db.get_tables()
      self = frappe.utils.backups.BackupGenerator(backup_path=None, backup_path_conf=None, backup_path_db=None, backup_path_files=None, backup_path_private_files=None, compress_files=False, db_host='127.0.0.1', db_name='_29402e52a87f28e9', db_port=3306, db_socket=None, db_type='mariadb', exclude_doctypes='', ignore_conf=False, include_doctypes='', old_backup_metadata=False, partial=False, password='JYcurQeypTfWeGVA', rollback_callback=frappe.utils.CallbackManager(-), site_slug='crm_localhost', user='_29402e52a87f28e9', verbose=True)
  File "apps/frappe/frappe/database/mariadb/mysqlclient.py", line 518, in get_tables
    .run(pluck=True)
      self = frappe.database.mariadb.mysqlclient.MariaDBDatabase(after_commit=frappe.utils.CallbackManager(-), after_rollback=frappe.utils.CallbackManager(-), auto_commit_on_many_writes=0, before_commit=frappe.utils.CallbackManager(-), before_rollback=frappe.utils.CallbackManager(-), cur_db_name='_29402e52a87f28e9', db_type='mariadb', host='127.0.0.1', logger=<Logger database-crm.localhost (WARNING)>, password='JYcurQeypTfWeGVA', port=3306, socket=None, transaction_writes=0, type_map={'Currency': ('decimal', '21,9'), 'Int': ('int', '11'), 'Long Int': ('bigint', '20'), 'Float': ('decimal', '21,9'), 'Percent': ('decimal', '21,9'), 'Check': ('tinyint', '4'), 'Small Text': ('text', ''), 'Long Text': ('lon...'), 'Color': ('varchar', 140), 'Barcode': ('longtext', ''), 'Geolocation': ('longtext', ''), 'Duration': ('decimal', '21,9'), 'Icon': ('varchar', 140), 'Phone': ('varchar', 140), 'Autocomplete': ('varchar', 140), 'JSON': ('json', '')}, user='_29402e52a87f28e9', value_cache=collections.defaultdict{})
      cached = True
      to_query = True
      tables = None
      information_schema = pypika.queries.Schema()
  File "apps/frappe/frappe/query_builder/utils.py", line 131, in execute_query
    result = frappe.local.db.sql(query, params, *args, **kwargs)  # nosemgrep
      query = 'SELECT `table_name` FROM `information_schema`.`tables` WHERE `table_schema`=%(param1)s'
      args = ()
      kwargs = {'pluck': True}
      dt = None
      fields = []
      child_queries = "_child_queries"
      params = {'param1': '_29402e52a87f28e9'}
  File "apps/frappe/frappe/database/database.py", line 249, in sql
    self.connect()
      self = frappe.database.mariadb.mysqlclient.MariaDBDatabase(after_commit=frappe.utils.CallbackManager(-), after_rollback=frappe.utils.CallbackManager(-), auto_commit_on_many_writes=0, before_commit=frappe.utils.CallbackManager(-), before_rollback=frappe.utils.CallbackManager(-), cur_db_name='_29402e52a87f28e9', db_type='mariadb', host='127.0.0.1', logger=<Logger database-crm.localhost (WARNING)>, password='JYcurQeypTfWeGVA', port=3306, socket=None, transaction_writes=0, type_map={'Currency': ('decimal', '21,9'), 'Int': ('int', '11'), 'Long Int': ('bigint', '20'), 'Float': ('decimal', '21,9'), 'Percent': ('decimal', '21,9'), 'Check': ('tinyint', '4'), 'Small Text': ('text', ''), 'Long Text': ('lon...'), 'Color': ('varchar', 140), 'Barcode': ('longtext', ''), 'Geolocation': ('longtext', ''), 'Duration': ('decimal', '21,9'), 'Icon': ('varchar', 140), 'Phone': ('varchar', 140), 'Autocomplete': ('varchar', 140), 'JSON': ('json', '')}, user='_29402e52a87f28e9', value_cache=collections.defaultdict{})
      query = 'SELECT `table_name` FROM `information_schema`.`tables` WHERE `table_schema`=%(param1)s'
      values = {'param1': '_29402e52a87f28e9'}
      as_dict = 0
      as_list = 0
      debug = False
      ignore_ddl = 0
      auto_commit = 0
      update = None
      explain = False
      run = True
      pluck = True
      as_iterator = False
      query_type = 'select'
  File "apps/frappe/frappe/database/database.py", line 147, in connect
    self.get_connection()
      self = frappe.database.mariadb.mysqlclient.MariaDBDatabase(after_commit=frappe.utils.CallbackManager(-), after_rollback=frappe.utils.CallbackManager(-), auto_commit_on_many_writes=0, before_commit=frappe.utils.CallbackManager(-), before_rollback=frappe.utils.CallbackManager(-), cur_db_name='_29402e52a87f28e9', db_type='mariadb', host='127.0.0.1', logger=<Logger database-crm.localhost (WARNING)>, password='JYcurQeypTfWeGVA', port=3306, socket=None, transaction_writes=0, type_map={'Currency': ('decimal', '21,9'), 'Int': ('int', '11'), 'Long Int': ('bigint', '20'), 'Float': ('decimal', '21,9'), 'Percent': ('decimal', '21,9'), 'Check': ('tinyint', '4'), 'Small Text': ('text', ''), 'Long Text': ('lon...'), 'Color': ('varchar', 140), 'Barcode': ('longtext', ''), 'Geolocation': ('longtext', ''), 'Duration': ('decimal', '21,9'), 'Icon': ('varchar', 140), 'Phone': ('varchar', 140), 'Autocomplete': ('varchar', 140), 'JSON': ('json', '')}, user='_29402e52a87f28e9', value_cache=collections.defaultdict{})
  File "apps/frappe/frappe/database/mariadb/mysqlclient.py", line 109, in get_connection
    conn = self._get_connection()
      self = frappe.database.mariadb.mysqlclient.MariaDBDatabase(after_commit=frappe.utils.CallbackManager(-), after_rollback=frappe.utils.CallbackManager(-), auto_commit_on_many_writes=0, before_commit=frappe.utils.CallbackManager(-), before_rollback=frappe.utils.CallbackManager(-), cur_db_name='_29402e52a87f28e9', db_type='mariadb', host='127.0.0.1', logger=<Logger database-crm.localhost (WARNING)>, password='JYcurQeypTfWeGVA', port=3306, socket=None, transaction_writes=0, type_map={'Currency': ('decimal', '21,9'), 'Int': ('int', '11'), 'Long Int': ('bigint', '20'), 'Float': ('decimal', '21,9'), 'Percent': ('decimal', '21,9'), 'Check': ('tinyint', '4'), 'Small Text': ('text', ''), 'Long Text': ('lon...'), 'Color': ('varchar', 140), 'Barcode': ('longtext', ''), 'Geolocation': ('longtext', ''), 'Duration': ('decimal', '21,9'), 'Icon': ('varchar', 140), 'Phone': ('varchar', 140), 'Autocomplete': ('varchar', 140), 'JSON': ('json', '')}, user='_29402e52a87f28e9', value_cache=collections.defaultdict{})
  File "apps/frappe/frappe/database/mariadb/mysqlclient.py", line 114, in _get_connection
    return self.create_connection()
      self = frappe.database.mariadb.mysqlclient.MariaDBDatabase(after_commit=frappe.utils.CallbackManager(-), after_rollback=frappe.utils.CallbackManager(-), auto_commit_on_many_writes=0, before_commit=frappe.utils.CallbackManager(-), before_rollback=frappe.utils.CallbackManager(-), cur_db_name='_29402e52a87f28e9', db_type='mariadb', host='127.0.0.1', logger=<Logger database-crm.localhost (WARNING)>, password='JYcurQeypTfWeGVA', port=3306, socket=None, transaction_writes=0, type_map={'Currency': ('decimal', '21,9'), 'Int': ('int', '11'), 'Long Int': ('bigint', '20'), 'Float': ('decimal', '21,9'), 'Percent': ('decimal', '21,9'), 'Check': ('tinyint', '4'), 'Small Text': ('text', ''), 'Long Text': ('lon...'), 'Color': ('varchar', 140), 'Barcode': ('longtext', ''), 'Geolocation': ('longtext', ''), 'Duration': ('decimal', '21,9'), 'Icon': ('varchar', 140), 'Phone': ('varchar', 140), 'Autocomplete': ('varchar', 140), 'JSON': ('json', '')}, user='_29402e52a87f28e9', value_cache=collections.defaultdict{})
  File "apps/frappe/frappe/database/mariadb/mysqlclient.py", line 117, in create_connection
    return MySQLdb.connect(**self.get_connection_settings())
      self = frappe.database.mariadb.mysqlclient.MariaDBDatabase(after_commit=frappe.utils.CallbackManager(-), after_rollback=frappe.utils.CallbackManager(-), auto_commit_on_many_writes=0, before_commit=frappe.utils.CallbackManager(-), before_rollback=frappe.utils.CallbackManager(-), cur_db_name='_29402e52a87f28e9', db_type='mariadb', host='127.0.0.1', logger=<Logger database-crm.localhost (WARNING)>, password='JYcurQeypTfWeGVA', port=3306, socket=None, transaction_writes=0, type_map={'Currency': ('decimal', '21,9'), 'Int': ('int', '11'), 'Long Int': ('bigint', '20'), 'Float': ('decimal', '21,9'), 'Percent': ('decimal', '21,9'), 'Check': ('tinyint', '4'), 'Small Text': ('text', ''), 'Long Text': ('lon...'), 'Color': ('varchar', 140), 'Barcode': ('longtext', ''), 'Geolocation': ('longtext', ''), 'Duration': ('decimal', '21,9'), 'Icon': ('varchar', 140), 'Phone': ('varchar', 140), 'Autocomplete': ('varchar', 140), 'JSON': ('json', '')}, user='_29402e52a87f28e9', value_cache=collections.defaultdict{})
  File "env/lib/python3.14/site-packages/MySQLdb/__init__.py", line 121, in Connect
    return Connection(*args, **kwargs)
      args = ()
      kwargs = {'user': '_29402e52a87f28e9', 'conv': {<class 'int'>: <function Thing2Str at 0x720e64dff320>, <class 'float'>: <function Float2Str at 0x720e64dff3d0>, <class 'NoneType'>: <function None2NULL at 0x720e64dff480>, <class 'array.array'>: <function array2Str at 0x720e64dff690>, <class 'bool'>: <function Bool2Str at 0x720e64dff060>, <class 'datetime.date'>: <function Thing2Literal at 0x720e64dff530>, <class 'datetime.datetime'>: <function DateTime2literal at 0x720e64dfea30>, <class 'datetime.timedelta'>: <function escape_timedelta at 0x720e64c4d430>, <class 'set'>: <function Set2Str at 0x720e64dff1c0>, <class 'decimal.Decimal'>: <function Decimal2Literal at 0x720e64dff5e0>, 1: <class 'int'>, 2: <c...t'>: <function escape_dict at 0x720e64c4d4e0>, <class 'frozenset'>: <function escape_frozenset at 0x720e64dfdb10>}, 'charset': 'utf8mb4', 'use_unicode': True, 'local_infile': False, 'multi_statements': False, 'database': '_29402e52a87f28e9', 'host': '127.0.0.1', 'port': 3306, 'password': '********'}
      Connection = MySQLdb.connections.Connection
  File "env/lib/python3.14/site-packages/MySQLdb/connections.py", line 200, in __init__
    super().__init__(*args, **kwargs2)
      self = <_mysql.connection open to '(null)' at 0x5ceaeb60a780>
      args = ()
      kwargs = {'user': '_29402e52a87f28e9', 'conv': {<class 'int'>: <function Thing2Str at 0x720e64dff320>, <class 'float'>: <function Float2Str at 0x720e64dff3d0>, <class 'NoneType'>: <function None2NULL at 0x720e64dff480>, <class 'array.array'>: <function array2Str at 0x720e64dff690>, <class 'bool'>: <function Bool2Str at 0x720e64dff060>, <class 'datetime.date'>: <function Thing2Literal at 0x720e64dff530>, <class 'datetime.datetime'>: <function DateTime2literal at 0x720e64dfea30>, <class 'datetime.timedelta'>: <function escape_timedelta at 0x720e64c4d430>, <class 'set'>: <function Set2Str at 0x720e64dff1c0>, <class 'decimal.Decimal'>: <function Decimal2Literal at 0x720e64dff5e0>, 1: <class 'int'>, 2: <c...t'>: <function escape_dict at 0x720e64c4d4e0>, <class 'frozenset'>: <function escape_frozenset at 0x720e64dfdb10>}, 'charset': 'utf8mb4', 'use_unicode': True, 'local_infile': False, 'multi_statements': False, 'database': '_29402e52a87f28e9', 'host': '127.0.0.1', 'port': 3306, 'password': '********'}
      CLIENT = <module 'MySQLdb.constants.CLIENT' from 'env/lib/python3.14/site-packages/MySQLdb/constants/CLIENT.py'>
      FIELD_TYPE = <module 'MySQLdb.constants.FIELD_TYPE' from 'env/lib/python3.14/site-packages/MySQLdb/constants/FIELD_TYPE.py'>
      conversions = {<class 'int'>: <function Thing2Str at 0x720e64dff320>, <class 'float'>: <function Float2Str at 0x720e64dff3d0>, <class 'NoneType'>: <function None2NULL at 0x720e64dff480>, <class 'array.array'>: <function array2Str at 0x720e64dff690>, <class 'bool'>: <function Bool2Str at 0x720e64dff060>, <class 'datetime.date'>: <function Thing2Literal at 0x720e64dff530>, <class 'datetime.datetime'>: <function DateTime2literal at 0x720e64dfea30>, <class 'datetime.timedelta'>: <function DateTimeDelta2literal at 0x720e64dfeae0>, <class 'set'>: <function Set2Str at 0x720e64dff1c0>, <class 'decimal.Decimal'>: <function Decimal2Literal at 0x720e64dff5e0>, 1: <class 'int'>, 2: <class 'int'>, 3: <class 'int'>, 4:...r_None at 0x720e64dfe770>, 11: <function TimeDelta_or_None at 0x720e64dfe820>, 10: <function Date_or_None at 0x720e64dfe980>, 249: <class 'bytes'>, 250: <class 'bytes'>, 251: <class 'bytes'>, 252: <class 'bytes'>, 254: <class 'bytes'>, 253: <class 'bytes'>, 15: <class 'bytes'>, 245: <class 'bytes'>}
      _bytes_or_str = ((128, bytes), (None, str))
      kwargs2 = {'user': '_29402e52a87f28e9', 'conv': {<class 'int'>: <function Thing2Str at 0x720e64dff320>, <class 'float'>: <function Float2Str at 0x720e64dff3d0>, <class 'NoneType'>: <function None2NULL at 0x720e64dff480>, <class 'array.array'>: <function array2Str at 0x720e64dff690>, <class 'bool'>: <function Bool2Str at 0x720e64dff060>, <class 'datetime.date'>: <function Thing2Literal at 0x720e64dff530>, <class 'datetime.datetime'>: <function DateTime2literal at 0x720e64dfea30>, <class 'datetime.timedelta'>: <function escape_timedelta at 0x720e64c4d430>, <class 'set'>: <function Set2Str at 0x720e64dff1c0>, <class 'decimal.Decimal'>: <function Decimal2Literal at 0x720e64dff5e0>, 1: <class 'int'>, 2: <c...ass 'bytes'>, <class 'dict'>: <function escape_dict at 0x720e64c4d4e0>, <class 'frozenset'>: <function escape_frozenset at 0x720e64dfdb10>}, 'charset': 'utf8mb4', 'local_infile': False, 'database': '_29402e52a87f28e9', 'host': '127.0.0.1', 'port': 3306, 'password': '********', 'client_flag': 131072}
      conv = {<class 'int'>: <function Thing2Str at 0x720e64dff320>, <class 'float'>: <function Float2Str at 0x720e64dff3d0>, <class 'NoneType'>: <function None2NULL at 0x720e64dff480>, <class 'array.array'>: <function array2Str at 0x720e64dff690>, <class 'bool'>: <function Bool2Str at 0x720e64dff060>, <class 'datetime.date'>: <function Thing2Literal at 0x720e64dff530>, <class 'datetime.datetime'>: <function DateTime2literal at 0x720e64dfea30>, <class 'datetime.timedelta'>: <function escape_timedelta at 0x720e64c4d430>, <class 'set'>: <function Set2Str at 0x720e64dff1c0>, <class 'decimal.Decimal'>: <function Decimal2Literal at 0x720e64dff5e0>, 1: <class 'int'>, 2: <class 'int'>, 3: <class 'int'>, 4: <cla...249: <class 'bytes'>, 250: <class 'bytes'>, 251: <class 'bytes'>, 252: <class 'bytes'>, 254: <class 'bytes'>, 253: <class 'bytes'>, 15: <class 'bytes'>, 245: <class 'bytes'>, <class 'dict'>: <function escape_dict at 0x720e64c4d4e0>, <class 'frozenset'>: <function escape_frozenset at 0x720e64dfdb10>}
      conv2 = {<class 'int'>: <function Thing2Str at 0x720e64dff320>, <class 'float'>: <function Float2Str at 0x720e64dff3d0>, <class 'NoneType'>: <function None2NULL at 0x720e64dff480>, <class 'array.array'>: <function array2Str at 0x720e64dff690>, <class 'bool'>: <function Bool2Str at 0x720e64dff060>, <class 'datetime.date'>: <function Thing2Literal at 0x720e64dff530>, <class 'datetime.datetime'>: <function DateTime2literal at 0x720e64dfea30>, <class 'datetime.timedelta'>: <function escape_timedelta at 0x720e64c4d430>, <class 'set'>: <function Set2Str at 0x720e64dff1c0>, <class 'decimal.Decimal'>: <function Decimal2Literal at 0x720e64dff5e0>, 1: <class 'int'>, 2: <class 'int'>, 3: <class 'int'>, 4: <cla...249: <class 'bytes'>, 250: <class 'bytes'>, 251: <class 'bytes'>, 252: <class 'bytes'>, 254: <class 'bytes'>, 253: <class 'bytes'>, 15: <class 'bytes'>, 245: <class 'bytes'>, <class 'dict'>: <function escape_dict at 0x720e64c4d4e0>, <class 'frozenset'>: <function escape_frozenset at 0x720e64dfdb10>}
      k = frozenset
      v = <function escape_frozenset at 0x720e64dfdb10>
      cursorclass = MySQLdb.cursors.Cursor
      charset = 'utf8mb4'
      collation = ''
      use_unicode = True
      sql_mode = ''
      client_flag = 131072
      multi_statements = False
      autocommit = False
      __class__ = MySQLdb.connections.Connection
MySQLdb.OperationalError: (1045, "Access denied for user '_29402e52a87f28e9'@'localhost' (using password: YES)")
Backup failed for Site crm.localhost. Database or site_config.json may be corrupted
Traceback with variables (most recent call last):
  File "apps/frappe/frappe/commands/site.py", line 881, in backup
    odb = scheduled_backup(
      context = CliCtxObj(force=False, profile=False, sites=['crm.localhost'], verbose=True)
      with_files = False
      backup_path = None
      backup_path_db = None
      backup_path_files = None
      backup_path_private_files = None
      backup_path_conf = None
      ignore_backup_conf = False
      verbose = True
      compress = False
      include = ''
      exclude = ''
      old_backup_metadata = False
      scheduled_backup = <function scheduled_backup at 0x7979fe11aae0>
      exit_code = 0
      rollback_callback = None
      site = 'crm.localhost'
  File "apps/frappe/frappe/utils/backups.py", line 589, in scheduled_backup
    return new_backup(
      older_than = 6
      ignore_files = True
      backup_path = None
      backup_path_db = None
      backup_path_files = None
      backup_path_private_files = None
      backup_path_conf = None
      ignore_conf = False
      include_doctypes = ''
      exclude_doctypes = ''
      compress = False
      force = True
      verbose = True
      old_backup_metadata = False
      rollback_callback = frappe.utils.CallbackManager()
  File "apps/frappe/frappe/utils/backups.py", line 626, in new_backup
    odb = BackupGenerator(
      older_than = 6
      ignore_files = True
      backup_path = None
      backup_path_db = None
      backup_path_files = None
      backup_path_private_files = None
      backup_path_conf = None
      ignore_conf = False
      include_doctypes = ''
      exclude_doctypes = ''
      compress = False
      force = True
      verbose = True
      old_backup_metadata = False
      rollback_callback = frappe.utils.CallbackManager()
  File "apps/frappe/frappe/utils/backups.py", line 89, in __init__
    self.setup_backup_tables()
      self = frappe.utils.backups.BackupGenerator(backup_path=None, backup_path_conf=None, backup_path_db=None, backup_path_files=None, backup_path_private_files=None, compress_files=False, db_host='127.0.0.1', db_name='_29402e52a87f28e9', db_port=3306, db_socket=None, db_type='mariadb', exclude_doctypes='', ignore_conf=False, include_doctypes='', old_backup_metadata=False, partial=False, password='JYcurQeypTfWeGVA', rollback_callback=frappe.utils.CallbackManager(-), site_slug='crm_localhost', user='_29402e52a87f28e9', verbose=True)
      db_name = '_29402e52a87f28e9'
      user = '_29402e52a87f28e9'
      password = ********
      backup_path = None
      backup_path_db = None
      backup_path_files = None
      backup_path_private_files = None
      db_socket = None
      db_host = '127.0.0.1'
      db_port = 3306
      db_type = 'mariadb'
      backup_path_conf = None
      ignore_conf = False
      compress_files = False
      include_doctypes = ''
      exclude_doctypes = ''
      verbose = True
      old_backup_metadata = False
      rollback_callback = frappe.utils.CallbackManager()
      site = 'crm.localhost'
  File "apps/frappe/frappe/utils/backups.py", line 126, in setup_backup_tables
    self._set_existing_tables()
      self = frappe.utils.backups.BackupGenerator(backup_path=None, backup_path_conf=None, backup_path_db=None, backup_path_files=None, backup_path_private_files=None, compress_files=False, db_host='127.0.0.1', db_name='_29402e52a87f28e9', db_port=3306, db_socket=None, db_type='mariadb', exclude_doctypes='', ignore_conf=False, include_doctypes='', old_backup_metadata=False, partial=False, password='JYcurQeypTfWeGVA', rollback_callback=frappe.utils.CallbackManager(-), site_slug='crm_localhost', user='_29402e52a87f28e9', verbose=True)
  File "apps/frappe/frappe/utils/backups.py", line 122, in _set_existing_tables
    self._existing_tables = frappe.db.get_tables()
      self = frappe.utils.backups.BackupGenerator(backup_path=None, backup_path_conf=None, backup_path_db=None, backup_path_files=None, backup_path_private_files=None, compress_files=False, db_host='127.0.0.1', db_name='_29402e52a87f28e9', db_port=3306, db_socket=None, db_type='mariadb', exclude_doctypes='', ignore_conf=False, include_doctypes='', old_backup_metadata=False, partial=False, password='JYcurQeypTfWeGVA', rollback_callback=frappe.utils.CallbackManager(-), site_slug='crm_localhost', user='_29402e52a87f28e9', verbose=True)
  File "apps/frappe/frappe/database/mariadb/mysqlclient.py", line 518, in get_tables
    .run(pluck=True)
      self = frappe.database.mariadb.mysqlclient.MariaDBDatabase(after_commit=frappe.utils.CallbackManager(-), after_rollback=frappe.utils.CallbackManager(-), auto_commit_on_many_writes=0, before_commit=frappe.utils.CallbackManager(-), before_rollback=frappe.utils.CallbackManager(-), cur_db_name='_29402e52a87f28e9', db_type='mariadb', host='127.0.0.1', logger=<Logger database-crm.localhost (WARNING)>, password='JYcurQeypTfWeGVA', port=3306, socket=None, transaction_writes=0, type_map={'Currency': ('decimal', '21,9'), 'Int': ('int', '11'), 'Long Int': ('bigint', '20'), 'Float': ('decimal', '21,9'), 'Percent': ('decimal', '21,9'), 'Check': ('tinyint', '4'), 'Small Text': ('text', ''), 'Long Text': ('lon...'), 'Color': ('varchar', 140), 'Barcode': ('longtext', ''), 'Geolocation': ('longtext', ''), 'Duration': ('decimal', '21,9'), 'Icon': ('varchar', 140), 'Phone': ('varchar', 140), 'Autocomplete': ('varchar', 140), 'JSON': ('json', '')}, user='_29402e52a87f28e9', value_cache=collections.defaultdict{})
      cached = True
      to_query = True
      tables = None
      information_schema = pypika.queries.Schema()
  File "apps/frappe/frappe/query_builder/utils.py", line 131, in execute_query
    result = frappe.local.db.sql(query, params, *args, **kwargs)  # nosemgrep
      query = 'SELECT `table_name` FROM `information_schema`.`tables` WHERE `table_schema`=%(param1)s'
      args = ()
      kwargs = {'pluck': True}
      dt = None
      fields = []
      child_queries = "_child_queries"
      params = {'param1': '_29402e52a87f28e9'}
  File "apps/frappe/frappe/database/database.py", line 249, in sql
    self.connect()
      self = frappe.database.mariadb.mysqlclient.MariaDBDatabase(after_commit=frappe.utils.CallbackManager(-), after_rollback=frappe.utils.CallbackManager(-), auto_commit_on_many_writes=0, before_commit=frappe.utils.CallbackManager(-), before_rollback=frappe.utils.CallbackManager(-), cur_db_name='_29402e52a87f28e9', db_type='mariadb', host='127.0.0.1', logger=<Logger database-crm.localhost (WARNING)>, password='JYcurQeypTfWeGVA', port=3306, socket=None, transaction_writes=0, type_map={'Currency': ('decimal', '21,9'), 'Int': ('int', '11'), 'Long Int': ('bigint', '20'), 'Float': ('decimal', '21,9'), 'Percent': ('decimal', '21,9'), 'Check': ('tinyint', '4'), 'Small Text': ('text', ''), 'Long Text': ('lon...'), 'Color': ('varchar', 140), 'Barcode': ('longtext', ''), 'Geolocation': ('longtext', ''), 'Duration': ('decimal', '21,9'), 'Icon': ('varchar', 140), 'Phone': ('varchar', 140), 'Autocomplete': ('varchar', 140), 'JSON': ('json', '')}, user='_29402e52a87f28e9', value_cache=collections.defaultdict{})
      query = 'SELECT `table_name` FROM `information_schema`.`tables` WHERE `table_schema`=%(param1)s'
      values = {'param1': '_29402e52a87f28e9'}
      as_dict = 0
      as_list = 0
      debug = False
      ignore_ddl = 0
      auto_commit = 0
      update = None
      explain = False
      run = True
      pluck = True
      as_iterator = False
      query_type = 'select'
  File "apps/frappe/frappe/database/database.py", line 147, in connect
    self.get_connection()
      self = frappe.database.mariadb.mysqlclient.MariaDBDatabase(after_commit=frappe.utils.CallbackManager(-), after_rollback=frappe.utils.CallbackManager(-), auto_commit_on_many_writes=0, before_commit=frappe.utils.CallbackManager(-), before_rollback=frappe.utils.CallbackManager(-), cur_db_name='_29402e52a87f28e9', db_type='mariadb', host='127.0.0.1', logger=<Logger database-crm.localhost (WARNING)>, password='JYcurQeypTfWeGVA', port=3306, socket=None, transaction_writes=0, type_map={'Currency': ('decimal', '21,9'), 'Int': ('int', '11'), 'Long Int': ('bigint', '20'), 'Float': ('decimal', '21,9'), 'Percent': ('decimal', '21,9'), 'Check': ('tinyint', '4'), 'Small Text': ('text', ''), 'Long Text': ('lon...'), 'Color': ('varchar', 140), 'Barcode': ('longtext', ''), 'Geolocation': ('longtext', ''), 'Duration': ('decimal', '21,9'), 'Icon': ('varchar', 140), 'Phone': ('varchar', 140), 'Autocomplete': ('varchar', 140), 'JSON': ('json', '')}, user='_29402e52a87f28e9', value_cache=collections.defaultdict{})
  File "apps/frappe/frappe/database/mariadb/mysqlclient.py", line 109, in get_connection
    conn = self._get_connection()
      self = frappe.database.mariadb.mysqlclient.MariaDBDatabase(after_commit=frappe.utils.CallbackManager(-), after_rollback=frappe.utils.CallbackManager(-), auto_commit_on_many_writes=0, before_commit=frappe.utils.CallbackManager(-), before_rollback=frappe.utils.CallbackManager(-), cur_db_name='_29402e52a87f28e9', db_type='mariadb', host='127.0.0.1', logger=<Logger database-crm.localhost (WARNING)>, password='JYcurQeypTfWeGVA', port=3306, socket=None, transaction_writes=0, type_map={'Currency': ('decimal', '21,9'), 'Int': ('int', '11'), 'Long Int': ('bigint', '20'), 'Float': ('decimal', '21,9'), 'Percent': ('decimal', '21,9'), 'Check': ('tinyint', '4'), 'Small Text': ('text', ''), 'Long Text': ('lon...'), 'Color': ('varchar', 140), 'Barcode': ('longtext', ''), 'Geolocation': ('longtext', ''), 'Duration': ('decimal', '21,9'), 'Icon': ('varchar', 140), 'Phone': ('varchar', 140), 'Autocomplete': ('varchar', 140), 'JSON': ('json', '')}, user='_29402e52a87f28e9', value_cache=collections.defaultdict{})
  File "apps/frappe/frappe/database/mariadb/mysqlclient.py", line 114, in _get_connection
    return self.create_connection()
      self = frappe.database.mariadb.mysqlclient.MariaDBDatabase(after_commit=frappe.utils.CallbackManager(-), after_rollback=frappe.utils.CallbackManager(-), auto_commit_on_many_writes=0, before_commit=frappe.utils.CallbackManager(-), before_rollback=frappe.utils.CallbackManager(-), cur_db_name='_29402e52a87f28e9', db_type='mariadb', host='127.0.0.1', logger=<Logger database-crm.localhost (WARNING)>, password='JYcurQeypTfWeGVA', port=3306, socket=None, transaction_writes=0, type_map={'Currency': ('decimal', '21,9'), 'Int': ('int', '11'), 'Long Int': ('bigint', '20'), 'Float': ('decimal', '21,9'), 'Percent': ('decimal', '21,9'), 'Check': ('tinyint', '4'), 'Small Text': ('text', ''), 'Long Text': ('lon...'), 'Color': ('varchar', 140), 'Barcode': ('longtext', ''), 'Geolocation': ('longtext', ''), 'Duration': ('decimal', '21,9'), 'Icon': ('varchar', 140), 'Phone': ('varchar', 140), 'Autocomplete': ('varchar', 140), 'JSON': ('json', '')}, user='_29402e52a87f28e9', value_cache=collections.defaultdict{})
  File "apps/frappe/frappe/database/mariadb/mysqlclient.py", line 117, in create_connection
    return MySQLdb.connect(**self.get_connection_settings())
      self = frappe.database.mariadb.mysqlclient.MariaDBDatabase(after_commit=frappe.utils.CallbackManager(-), after_rollback=frappe.utils.CallbackManager(-), auto_commit_on_many_writes=0, before_commit=frappe.utils.CallbackManager(-), before_rollback=frappe.utils.CallbackManager(-), cur_db_name='_29402e52a87f28e9', db_type='mariadb', host='127.0.0.1', logger=<Logger database-crm.localhost (WARNING)>, password='JYcurQeypTfWeGVA', port=3306, socket=None, transaction_writes=0, type_map={'Currency': ('decimal', '21,9'), 'Int': ('int', '11'), 'Long Int': ('bigint', '20'), 'Float': ('decimal', '21,9'), 'Percent': ('decimal', '21,9'), 'Check': ('tinyint', '4'), 'Small Text': ('text', ''), 'Long Text': ('lon...'), 'Color': ('varchar', 140), 'Barcode': ('longtext', ''), 'Geolocation': ('longtext', ''), 'Duration': ('decimal', '21,9'), 'Icon': ('varchar', 140), 'Phone': ('varchar', 140), 'Autocomplete': ('varchar', 140), 'JSON': ('json', '')}, user='_29402e52a87f28e9', value_cache=collections.defaultdict{})
  File "env/lib/python3.14/site-packages/MySQLdb/__init__.py", line 121, in Connect
    return Connection(*args, **kwargs)
      args = ()
      kwargs = {'user': '_29402e52a87f28e9', 'conv': {<class 'int'>: <function Thing2Str at 0x7979fded7320>, <class 'float'>: <function Float2Str at 0x7979fded73d0>, <class 'NoneType'>: <function None2NULL at 0x7979fded7480>, <class 'array.array'>: <function array2Str at 0x7979fded7690>, <class 'bool'>: <function Bool2Str at 0x7979fded7060>, <class 'datetime.date'>: <function Thing2Literal at 0x7979fded7530>, <class 'datetime.datetime'>: <function DateTime2literal at 0x7979fded6a30>, <class 'datetime.timedelta'>: <function escape_timedelta at 0x7979fdf21430>, <class 'set'>: <function Set2Str at 0x7979fded71c0>, <class 'decimal.Decimal'>: <function Decimal2Literal at 0x7979fded75e0>, 1: <class 'int'>, 2: <c...t'>: <function escape_dict at 0x7979fdf214e0>, <class 'frozenset'>: <function escape_frozenset at 0x7979fded5b10>}, 'charset': 'utf8mb4', 'use_unicode': True, 'local_infile': False, 'multi_statements': False, 'database': '_29402e52a87f28e9', 'host': '127.0.0.1', 'port': 3306, 'password': '********'}
      Connection = MySQLdb.connections.Connection
  File "env/lib/python3.14/site-packages/MySQLdb/connections.py", line 200, in __init__
    super().__init__(*args, **kwargs2)
      self = <_mysql.connection open to '(null)' at 0x62dac475ec90>
      args = ()
      kwargs = {'user': '_29402e52a87f28e9', 'conv': {<class 'int'>: <function Thing2Str at 0x7979fded7320>, <class 'float'>: <function Float2Str at 0x7979fded73d0>, <class 'NoneType'>: <function None2NULL at 0x7979fded7480>, <class 'array.array'>: <function array2Str at 0x7979fded7690>, <class 'bool'>: <function Bool2Str at 0x7979fded7060>, <class 'datetime.date'>: <function Thing2Literal at 0x7979fded7530>, <class 'datetime.datetime'>: <function DateTime2literal at 0x7979fded6a30>, <class 'datetime.timedelta'>: <function escape_timedelta at 0x7979fdf21430>, <class 'set'>: <function Set2Str at 0x7979fded71c0>, <class 'decimal.Decimal'>: <function Decimal2Literal at 0x7979fded75e0>, 1: <class 'int'>, 2: <c...t'>: <function escape_dict at 0x7979fdf214e0>, <class 'frozenset'>: <function escape_frozenset at 0x7979fded5b10>}, 'charset': 'utf8mb4', 'use_unicode': True, 'local_infile': False, 'multi_statements': False, 'database': '_29402e52a87f28e9', 'host': '127.0.0.1', 'port': 3306, 'password': '********'}
      CLIENT = <module 'MySQLdb.constants.CLIENT' from 'env/lib/python3.14/site-packages/MySQLdb/constants/CLIENT.py'>
      FIELD_TYPE = <module 'MySQLdb.constants.FIELD_TYPE' from 'env/lib/python3.14/site-packages/MySQLdb/constants/FIELD_TYPE.py'>
      conversions = {<class 'int'>: <function Thing2Str at 0x7979fded7320>, <class 'float'>: <function Float2Str at 0x7979fded73d0>, <class 'NoneType'>: <function None2NULL at 0x7979fded7480>, <class 'array.array'>: <function array2Str at 0x7979fded7690>, <class 'bool'>: <function Bool2Str at 0x7979fded7060>, <class 'datetime.date'>: <function Thing2Literal at 0x7979fded7530>, <class 'datetime.datetime'>: <function DateTime2literal at 0x7979fded6a30>, <class 'datetime.timedelta'>: <function DateTimeDelta2literal at 0x7979fded6ae0>, <class 'set'>: <function Set2Str at 0x7979fded71c0>, <class 'decimal.Decimal'>: <function Decimal2Literal at 0x7979fded75e0>, 1: <class 'int'>, 2: <class 'int'>, 3: <class 'int'>, 4:...r_None at 0x7979fded6770>, 11: <function TimeDelta_or_None at 0x7979fded6820>, 10: <function Date_or_None at 0x7979fded6980>, 249: <class 'bytes'>, 250: <class 'bytes'>, 251: <class 'bytes'>, 252: <class 'bytes'>, 254: <class 'bytes'>, 253: <class 'bytes'>, 15: <class 'bytes'>, 245: <class 'bytes'>}
      _bytes_or_str = ((128, bytes), (None, str))
      kwargs2 = {'user': '_29402e52a87f28e9', 'conv': {<class 'int'>: <function Thing2Str at 0x7979fded7320>, <class 'float'>: <function Float2Str at 0x7979fded73d0>, <class 'NoneType'>: <function None2NULL at 0x7979fded7480>, <class 'array.array'>: <function array2Str at 0x7979fded7690>, <class 'bool'>: <function Bool2Str at 0x7979fded7060>, <class 'datetime.date'>: <function Thing2Literal at 0x7979fded7530>, <class 'datetime.datetime'>: <function DateTime2literal at 0x7979fded6a30>, <class 'datetime.timedelta'>: <function escape_timedelta at 0x7979fdf21430>, <class 'set'>: <function Set2Str at 0x7979fded71c0>, <class 'decimal.Decimal'>: <function Decimal2Literal at 0x7979fded75e0>, 1: <class 'int'>, 2: <c...ass 'bytes'>, <class 'dict'>: <function escape_dict at 0x7979fdf214e0>, <class 'frozenset'>: <function escape_frozenset at 0x7979fded5b10>}, 'charset': 'utf8mb4', 'local_infile': False, 'database': '_29402e52a87f28e9', 'host': '127.0.0.1', 'port': 3306, 'password': '********', 'client_flag': 131072}
      conv = {<class 'int'>: <function Thing2Str at 0x7979fded7320>, <class 'float'>: <function Float2Str at 0x7979fded73d0>, <class 'NoneType'>: <function None2NULL at 0x7979fded7480>, <class 'array.array'>: <function array2Str at 0x7979fded7690>, <class 'bool'>: <function Bool2Str at 0x7979fded7060>, <class 'datetime.date'>: <function Thing2Literal at 0x7979fded7530>, <class 'datetime.datetime'>: <function DateTime2literal at 0x7979fded6a30>, <class 'datetime.timedelta'>: <function escape_timedelta at 0x7979fdf21430>, <class 'set'>: <function Set2Str at 0x7979fded71c0>, <class 'decimal.Decimal'>: <function Decimal2Literal at 0x7979fded75e0>, 1: <class 'int'>, 2: <class 'int'>, 3: <class 'int'>, 4: <cla...249: <class 'bytes'>, 250: <class 'bytes'>, 251: <class 'bytes'>, 252: <class 'bytes'>, 254: <class 'bytes'>, 253: <class 'bytes'>, 15: <class 'bytes'>, 245: <class 'bytes'>, <class 'dict'>: <function escape_dict at 0x7979fdf214e0>, <class 'frozenset'>: <function escape_frozenset at 0x7979fded5b10>}
      conv2 = {<class 'int'>: <function Thing2Str at 0x7979fded7320>, <class 'float'>: <function Float2Str at 0x7979fded73d0>, <class 'NoneType'>: <function None2NULL at 0x7979fded7480>, <class 'array.array'>: <function array2Str at 0x7979fded7690>, <class 'bool'>: <function Bool2Str at 0x7979fded7060>, <class 'datetime.date'>: <function Thing2Literal at 0x7979fded7530>, <class 'datetime.datetime'>: <function DateTime2literal at 0x7979fded6a30>, <class 'datetime.timedelta'>: <function escape_timedelta at 0x7979fdf21430>, <class 'set'>: <function Set2Str at 0x7979fded71c0>, <class 'decimal.Decimal'>: <function Decimal2Literal at 0x7979fded75e0>, 1: <class 'int'>, 2: <class 'int'>, 3: <class 'int'>, 4: <cla...249: <class 'bytes'>, 250: <class 'bytes'>, 251: <class 'bytes'>, 252: <class 'bytes'>, 254: <class 'bytes'>, 253: <class 'bytes'>, 15: <class 'bytes'>, 245: <class 'bytes'>, <class 'dict'>: <function escape_dict at 0x7979fdf214e0>, <class 'frozenset'>: <function escape_frozenset at 0x7979fded5b10>}
      k = frozenset
      v = <function escape_frozenset at 0x7979fded5b10>
      cursorclass = MySQLdb.cursors.Cursor
      charset = 'utf8mb4'
      collation = ''
      use_unicode = True
      sql_mode = ''
      client_flag = 131072
      multi_statements = False
      autocommit = False
      __class__ = MySQLdb.connections.Connection
MySQLdb.OperationalError: (1045, "Access denied for user '_29402e52a87f28e9'@'localhost' (using password: YES)")
Backup failed for Site crm.localhost. Database or site_config.json may be corrupted
Traceback with variables (most recent call last):
  File "apps/frappe/frappe/commands/site.py", line 881, in backup
    odb = scheduled_backup(
      context = CliCtxObj(force=False, profile=False, sites=['crm.localhost'], verbose=True)
      with_files = False
      backup_path = None
      backup_path_db = None
      backup_path_files = None
      backup_path_private_files = None
      backup_path_conf = None
      ignore_backup_conf = False
      verbose = True
      compress = False
      include = ''
      exclude = ''
      old_backup_metadata = False
      scheduled_backup = <function scheduled_backup at 0x7749c66eeae0>
      exit_code = 0
      rollback_callback = None
      site = 'crm.localhost'
  File "apps/frappe/frappe/utils/backups.py", line 589, in scheduled_backup
    return new_backup(
      older_than = 6
      ignore_files = True
      backup_path = None
      backup_path_db = None
      backup_path_files = None
      backup_path_private_files = None
      backup_path_conf = None
      ignore_conf = False
      include_doctypes = ''
      exclude_doctypes = ''
      compress = False
      force = True
      verbose = True
      old_backup_metadata = False
      rollback_callback = frappe.utils.CallbackManager()
  File "apps/frappe/frappe/utils/backups.py", line 626, in new_backup
    odb = BackupGenerator(
      older_than = 6
      ignore_files = True
      backup_path = None
      backup_path_db = None
      backup_path_files = None
      backup_path_private_files = None
      backup_path_conf = None
      ignore_conf = False
      include_doctypes = ''
      exclude_doctypes = ''
      compress = False
      force = True
      verbose = True
      old_backup_metadata = False
      rollback_callback = frappe.utils.CallbackManager()
  File "apps/frappe/frappe/utils/backups.py", line 89, in __init__
    self.setup_backup_tables()
      self = frappe.utils.backups.BackupGenerator(backup_path=None, backup_path_conf=None, backup_path_db=None, backup_path_files=None, backup_path_private_files=None, compress_files=False, db_host='127.0.0.1', db_name='_29402e52a87f28e9', db_port=3306, db_socket=None, db_type='mariadb', exclude_doctypes='', ignore_conf=False, include_doctypes='', old_backup_metadata=False, partial=False, password='JYcurQeypTfWeGVA', rollback_callback=frappe.utils.CallbackManager(-), site_slug='crm_localhost', user='_29402e52a87f28e9', verbose=True)
      db_name = '_29402e52a87f28e9'
      user = '_29402e52a87f28e9'
      password = ********
      backup_path = None
      backup_path_db = None
      backup_path_files = None
      backup_path_private_files = None
      db_socket = None
      db_host = '127.0.0.1'
      db_port = 3306
      db_type = 'mariadb'
      backup_path_conf = None
      ignore_conf = False
      compress_files = False
      include_doctypes = ''
      exclude_doctypes = ''
      verbose = True
      old_backup_metadata = False
      rollback_callback = frappe.utils.CallbackManager()
      site = 'crm.localhost'
  File "apps/frappe/frappe/utils/backups.py", line 126, in setup_backup_tables
    self._set_existing_tables()
      self = frappe.utils.backups.BackupGenerator(backup_path=None, backup_path_conf=None, backup_path_db=None, backup_path_files=None, backup_path_private_files=None, compress_files=False, db_host='127.0.0.1', db_name='_29402e52a87f28e9', db_port=3306, db_socket=None, db_type='mariadb', exclude_doctypes='', ignore_conf=False, include_doctypes='', old_backup_metadata=False, partial=False, password='JYcurQeypTfWeGVA', rollback_callback=frappe.utils.CallbackManager(-), site_slug='crm_localhost', user='_29402e52a87f28e9', verbose=True)
  File "apps/frappe/frappe/utils/backups.py", line 122, in _set_existing_tables
    self._existing_tables = frappe.db.get_tables()
      self = frappe.utils.backups.BackupGenerator(backup_path=None, backup_path_conf=None, backup_path_db=None, backup_path_files=None, backup_path_private_files=None, compress_files=False, db_host='127.0.0.1', db_name='_29402e52a87f28e9', db_port=3306, db_socket=None, db_type='mariadb', exclude_doctypes='', ignore_conf=False, include_doctypes='', old_backup_metadata=False, partial=False, password='JYcurQeypTfWeGVA', rollback_callback=frappe.utils.CallbackManager(-), site_slug='crm_localhost', user='_29402e52a87f28e9', verbose=True)
  File "apps/frappe/frappe/database/mariadb/mysqlclient.py", line 518, in get_tables
    .run(pluck=True)
      self = frappe.database.mariadb.mysqlclient.MariaDBDatabase(after_commit=frappe.utils.CallbackManager(-), after_rollback=frappe.utils.CallbackManager(-), auto_commit_on_many_writes=0, before_commit=frappe.utils.CallbackManager(-), before_rollback=frappe.utils.CallbackManager(-), cur_db_name='_29402e52a87f28e9', db_type='mariadb', host='127.0.0.1', logger=<Logger database-crm.localhost (WARNING)>, password='JYcurQeypTfWeGVA', port=3306, socket=None, transaction_writes=0, type_map={'Currency': ('decimal', '21,9'), 'Int': ('int', '11'), 'Long Int': ('bigint', '20'), 'Float': ('decimal', '21,9'), 'Percent': ('decimal', '21,9'), 'Check': ('tinyint', '4'), 'Small Text': ('text', ''), 'Long Text': ('lon...'), 'Color': ('varchar', 140), 'Barcode': ('longtext', ''), 'Geolocation': ('longtext', ''), 'Duration': ('decimal', '21,9'), 'Icon': ('varchar', 140), 'Phone': ('varchar', 140), 'Autocomplete': ('varchar', 140), 'JSON': ('json', '')}, user='_29402e52a87f28e9', value_cache=collections.defaultdict{})
      cached = True
      to_query = True
      tables = None
      information_schema = pypika.queries.Schema()
  File "apps/frappe/frappe/query_builder/utils.py", line 131, in execute_query
    result = frappe.local.db.sql(query, params, *args, **kwargs)  # nosemgrep
      query = 'SELECT `table_name` FROM `information_schema`.`tables` WHERE `table_schema`=%(param1)s'
      args = ()
      kwargs = {'pluck': True}
      dt = None
      fields = []
      child_queries = "_child_queries"
      params = {'param1': '_29402e52a87f28e9'}
  File "apps/frappe/frappe/database/database.py", line 249, in sql
    self.connect()
      self = frappe.database.mariadb.mysqlclient.MariaDBDatabase(after_commit=frappe.utils.CallbackManager(-), after_rollback=frappe.utils.CallbackManager(-), auto_commit_on_many_writes=0, before_commit=frappe.utils.CallbackManager(-), before_rollback=frappe.utils.CallbackManager(-), cur_db_name='_29402e52a87f28e9', db_type='mariadb', host='127.0.0.1', logger=<Logger database-crm.localhost (WARNING)>, password='JYcurQeypTfWeGVA', port=3306, socket=None, transaction_writes=0, type_map={'Currency': ('decimal', '21,9'), 'Int': ('int', '11'), 'Long Int': ('bigint', '20'), 'Float': ('decimal', '21,9'), 'Percent': ('decimal', '21,9'), 'Check': ('tinyint', '4'), 'Small Text': ('text', ''), 'Long Text': ('lon...'), 'Color': ('varchar', 140), 'Barcode': ('longtext', ''), 'Geolocation': ('longtext', ''), 'Duration': ('decimal', '21,9'), 'Icon': ('varchar', 140), 'Phone': ('varchar', 140), 'Autocomplete': ('varchar', 140), 'JSON': ('json', '')}, user='_29402e52a87f28e9', value_cache=collections.defaultdict{})
      query = 'SELECT `table_name` FROM `information_schema`.`tables` WHERE `table_schema`=%(param1)s'
      values = {'param1': '_29402e52a87f28e9'}
      as_dict = 0
      as_list = 0
      debug = False
      ignore_ddl = 0
      auto_commit = 0
      update = None
      explain = False
      run = True
      pluck = True
      as_iterator = False
      query_type = 'select'
  File "apps/frappe/frappe/database/database.py", line 147, in connect
    self.get_connection()
      self = frappe.database.mariadb.mysqlclient.MariaDBDatabase(after_commit=frappe.utils.CallbackManager(-), after_rollback=frappe.utils.CallbackManager(-), auto_commit_on_many_writes=0, before_commit=frappe.utils.CallbackManager(-), before_rollback=frappe.utils.CallbackManager(-), cur_db_name='_29402e52a87f28e9', db_type='mariadb', host='127.0.0.1', logger=<Logger database-crm.localhost (WARNING)>, password='JYcurQeypTfWeGVA', port=3306, socket=None, transaction_writes=0, type_map={'Currency': ('decimal', '21,9'), 'Int': ('int', '11'), 'Long Int': ('bigint', '20'), 'Float': ('decimal', '21,9'), 'Percent': ('decimal', '21,9'), 'Check': ('tinyint', '4'), 'Small Text': ('text', ''), 'Long Text': ('lon...'), 'Color': ('varchar', 140), 'Barcode': ('longtext', ''), 'Geolocation': ('longtext', ''), 'Duration': ('decimal', '21,9'), 'Icon': ('varchar', 140), 'Phone': ('varchar', 140), 'Autocomplete': ('varchar', 140), 'JSON': ('json', '')}, user='_29402e52a87f28e9', value_cache=collections.defaultdict{})
  File "apps/frappe/frappe/database/mariadb/mysqlclient.py", line 109, in get_connection
    conn = self._get_connection()
      self = frappe.database.mariadb.mysqlclient.MariaDBDatabase(after_commit=frappe.utils.CallbackManager(-), after_rollback=frappe.utils.CallbackManager(-), auto_commit_on_many_writes=0, before_commit=frappe.utils.CallbackManager(-), before_rollback=frappe.utils.CallbackManager(-), cur_db_name='_29402e52a87f28e9', db_type='mariadb', host='127.0.0.1', logger=<Logger database-crm.localhost (WARNING)>, password='JYcurQeypTfWeGVA', port=3306, socket=None, transaction_writes=0, type_map={'Currency': ('decimal', '21,9'), 'Int': ('int', '11'), 'Long Int': ('bigint', '20'), 'Float': ('decimal', '21,9'), 'Percent': ('decimal', '21,9'), 'Check': ('tinyint', '4'), 'Small Text': ('text', ''), 'Long Text': ('lon...'), 'Color': ('varchar', 140), 'Barcode': ('longtext', ''), 'Geolocation': ('longtext', ''), 'Duration': ('decimal', '21,9'), 'Icon': ('varchar', 140), 'Phone': ('varchar', 140), 'Autocomplete': ('varchar', 140), 'JSON': ('json', '')}, user='_29402e52a87f28e9', value_cache=collections.defaultdict{})
  File "apps/frappe/frappe/database/mariadb/mysqlclient.py", line 114, in _get_connection
    return self.create_connection()
      self = frappe.database.mariadb.mysqlclient.MariaDBDatabase(after_commit=frappe.utils.CallbackManager(-), after_rollback=frappe.utils.CallbackManager(-), auto_commit_on_many_writes=0, before_commit=frappe.utils.CallbackManager(-), before_rollback=frappe.utils.CallbackManager(-), cur_db_name='_29402e52a87f28e9', db_type='mariadb', host='127.0.0.1', logger=<Logger database-crm.localhost (WARNING)>, password='JYcurQeypTfWeGVA', port=3306, socket=None, transaction_writes=0, type_map={'Currency': ('decimal', '21,9'), 'Int': ('int', '11'), 'Long Int': ('bigint', '20'), 'Float': ('decimal', '21,9'), 'Percent': ('decimal', '21,9'), 'Check': ('tinyint', '4'), 'Small Text': ('text', ''), 'Long Text': ('lon...'), 'Color': ('varchar', 140), 'Barcode': ('longtext', ''), 'Geolocation': ('longtext', ''), 'Duration': ('decimal', '21,9'), 'Icon': ('varchar', 140), 'Phone': ('varchar', 140), 'Autocomplete': ('varchar', 140), 'JSON': ('json', '')}, user='_29402e52a87f28e9', value_cache=collections.defaultdict{})
  File "apps/frappe/frappe/database/mariadb/mysqlclient.py", line 117, in create_connection
    return MySQLdb.connect(**self.get_connection_settings())
      self = frappe.database.mariadb.mysqlclient.MariaDBDatabase(after_commit=frappe.utils.CallbackManager(-), after_rollback=frappe.utils.CallbackManager(-), auto_commit_on_many_writes=0, before_commit=frappe.utils.CallbackManager(-), before_rollback=frappe.utils.CallbackManager(-), cur_db_name='_29402e52a87f28e9', db_type='mariadb', host='127.0.0.1', logger=<Logger database-crm.localhost (WARNING)>, password='JYcurQeypTfWeGVA', port=3306, socket=None, transaction_writes=0, type_map={'Currency': ('decimal', '21,9'), 'Int': ('int', '11'), 'Long Int': ('bigint', '20'), 'Float': ('decimal', '21,9'), 'Percent': ('decimal', '21,9'), 'Check': ('tinyint', '4'), 'Small Text': ('text', ''), 'Long Text': ('lon...'), 'Color': ('varchar', 140), 'Barcode': ('longtext', ''), 'Geolocation': ('longtext', ''), 'Duration': ('decimal', '21,9'), 'Icon': ('varchar', 140), 'Phone': ('varchar', 140), 'Autocomplete': ('varchar', 140), 'JSON': ('json', '')}, user='_29402e52a87f28e9', value_cache=collections.defaultdict{})
  File "env/lib/python3.14/site-packages/MySQLdb/__init__.py", line 121, in Connect
    return Connection(*args, **kwargs)
      args = ()
      kwargs = {'user': '_29402e52a87f28e9', 'conv': {<class 'int'>: <function Thing2Str at 0x7749c64ab320>, <class 'float'>: <function Float2Str at 0x7749c64ab3d0>, <class 'NoneType'>: <function None2NULL at 0x7749c64ab480>, <class 'array.array'>: <function array2Str at 0x7749c64ab690>, <class 'bool'>: <function Bool2Str at 0x7749c64ab060>, <class 'datetime.date'>: <function Thing2Literal at 0x7749c64ab530>, <class 'datetime.datetime'>: <function DateTime2literal at 0x7749c64aaa30>, <class 'datetime.timedelta'>: <function escape_timedelta at 0x7749c62f5430>, <class 'set'>: <function Set2Str at 0x7749c64ab1c0>, <class 'decimal.Decimal'>: <function Decimal2Literal at 0x7749c64ab5e0>, 1: <class 'int'>, 2: <c...t'>: <function escape_dict at 0x7749c62f54e0>, <class 'frozenset'>: <function escape_frozenset at 0x7749c64a9b10>}, 'charset': 'utf8mb4', 'use_unicode': True, 'local_infile': False, 'multi_statements': False, 'database': '_29402e52a87f28e9', 'host': '127.0.0.1', 'port': 3306, 'password': '********'}
      Connection = MySQLdb.connections.Connection
  File "env/lib/python3.14/site-packages/MySQLdb/connections.py", line 200, in __init__
    super().__init__(*args, **kwargs2)
      self = <_mysql.connection open to '(null)' at 0x58fede80d7b0>
      args = ()
      kwargs = {'user': '_29402e52a87f28e9', 'conv': {<class 'int'>: <function Thing2Str at 0x7749c64ab320>, <class 'float'>: <function Float2Str at 0x7749c64ab3d0>, <class 'NoneType'>: <function None2NULL at 0x7749c64ab480>, <class 'array.array'>: <function array2Str at 0x7749c64ab690>, <class 'bool'>: <function Bool2Str at 0x7749c64ab060>, <class 'datetime.date'>: <function Thing2Literal at 0x7749c64ab530>, <class 'datetime.datetime'>: <function DateTime2literal at 0x7749c64aaa30>, <class 'datetime.timedelta'>: <function escape_timedelta at 0x7749c62f5430>, <class 'set'>: <function Set2Str at 0x7749c64ab1c0>, <class 'decimal.Decimal'>: <function Decimal2Literal at 0x7749c64ab5e0>, 1: <class 'int'>, 2: <c...t'>: <function escape_dict at 0x7749c62f54e0>, <class 'frozenset'>: <function escape_frozenset at 0x7749c64a9b10>}, 'charset': 'utf8mb4', 'use_unicode': True, 'local_infile': False, 'multi_statements': False, 'database': '_29402e52a87f28e9', 'host': '127.0.0.1', 'port': 3306, 'password': '********'}
      CLIENT = <module 'MySQLdb.constants.CLIENT' from 'env/lib/python3.14/site-packages/MySQLdb/constants/CLIENT.py'>
      FIELD_TYPE = <module 'MySQLdb.constants.FIELD_TYPE' from 'env/lib/python3.14/site-packages/MySQLdb/constants/FIELD_TYPE.py'>
      conversions = {<class 'int'>: <function Thing2Str at 0x7749c64ab320>, <class 'float'>: <function Float2Str at 0x7749c64ab3d0>, <class 'NoneType'>: <function None2NULL at 0x7749c64ab480>, <class 'array.array'>: <function array2Str at 0x7749c64ab690>, <class 'bool'>: <function Bool2Str at 0x7749c64ab060>, <class 'datetime.date'>: <function Thing2Literal at 0x7749c64ab530>, <class 'datetime.datetime'>: <function DateTime2literal at 0x7749c64aaa30>, <class 'datetime.timedelta'>: <function DateTimeDelta2literal at 0x7749c64aaae0>, <class 'set'>: <function Set2Str at 0x7749c64ab1c0>, <class 'decimal.Decimal'>: <function Decimal2Literal at 0x7749c64ab5e0>, 1: <class 'int'>, 2: <class 'int'>, 3: <class 'int'>, 4:...r_None at 0x7749c64aa770>, 11: <function TimeDelta_or_None at 0x7749c64aa820>, 10: <function Date_or_None at 0x7749c64aa980>, 249: <class 'bytes'>, 250: <class 'bytes'>, 251: <class 'bytes'>, 252: <class 'bytes'>, 254: <class 'bytes'>, 253: <class 'bytes'>, 15: <class 'bytes'>, 245: <class 'bytes'>}
      _bytes_or_str = ((128, bytes), (None, str))
      kwargs2 = {'user': '_29402e52a87f28e9', 'conv': {<class 'int'>: <function Thing2Str at 0x7749c64ab320>, <class 'float'>: <function Float2Str at 0x7749c64ab3d0>, <class 'NoneType'>: <function None2NULL at 0x7749c64ab480>, <class 'array.array'>: <function array2Str at 0x7749c64ab690>, <class 'bool'>: <function Bool2Str at 0x7749c64ab060>, <class 'datetime.date'>: <function Thing2Literal at 0x7749c64ab530>, <class 'datetime.datetime'>: <function DateTime2literal at 0x7749c64aaa30>, <class 'datetime.timedelta'>: <function escape_timedelta at 0x7749c62f5430>, <class 'set'>: <function Set2Str at 0x7749c64ab1c0>, <class 'decimal.Decimal'>: <function Decimal2Literal at 0x7749c64ab5e0>, 1: <class 'int'>, 2: <c...ass 'bytes'>, <class 'dict'>: <function escape_dict at 0x7749c62f54e0>, <class 'frozenset'>: <function escape_frozenset at 0x7749c64a9b10>}, 'charset': 'utf8mb4', 'local_infile': False, 'database': '_29402e52a87f28e9', 'host': '127.0.0.1', 'port': 3306, 'password': '********', 'client_flag': 131072}
      conv = {<class 'int'>: <function Thing2Str at 0x7749c64ab320>, <class 'float'>: <function Float2Str at 0x7749c64ab3d0>, <class 'NoneType'>: <function None2NULL at 0x7749c64ab480>, <class 'array.array'>: <function array2Str at 0x7749c64ab690>, <class 'bool'>: <function Bool2Str at 0x7749c64ab060>, <class 'datetime.date'>: <function Thing2Literal at 0x7749c64ab530>, <class 'datetime.datetime'>: <function DateTime2literal at 0x7749c64aaa30>, <class 'datetime.timedelta'>: <function escape_timedelta at 0x7749c62f5430>, <class 'set'>: <function Set2Str at 0x7749c64ab1c0>, <class 'decimal.Decimal'>: <function Decimal2Literal at 0x7749c64ab5e0>, 1: <class 'int'>, 2: <class 'int'>, 3: <class 'int'>, 4: <cla...249: <class 'bytes'>, 250: <class 'bytes'>, 251: <class 'bytes'>, 252: <class 'bytes'>, 254: <class 'bytes'>, 253: <class 'bytes'>, 15: <class 'bytes'>, 245: <class 'bytes'>, <class 'dict'>: <function escape_dict at 0x7749c62f54e0>, <class 'frozenset'>: <function escape_frozenset at 0x7749c64a9b10>}
      conv2 = {<class 'int'>: <function Thing2Str at 0x7749c64ab320>, <class 'float'>: <function Float2Str at 0x7749c64ab3d0>, <class 'NoneType'>: <function None2NULL at 0x7749c64ab480>, <class 'array.array'>: <function array2Str at 0x7749c64ab690>, <class 'bool'>: <function Bool2Str at 0x7749c64ab060>, <class 'datetime.date'>: <function Thing2Literal at 0x7749c64ab530>, <class 'datetime.datetime'>: <function DateTime2literal at 0x7749c64aaa30>, <class 'datetime.timedelta'>: <function escape_timedelta at 0x7749c62f5430>, <class 'set'>: <function Set2Str at 0x7749c64ab1c0>, <class 'decimal.Decimal'>: <function Decimal2Literal at 0x7749c64ab5e0>, 1: <class 'int'>, 2: <class 'int'>, 3: <class 'int'>, 4: <cla...249: <class 'bytes'>, 250: <class 'bytes'>, 251: <class 'bytes'>, 252: <class 'bytes'>, 254: <class 'bytes'>, 253: <class 'bytes'>, 15: <class 'bytes'>, 245: <class 'bytes'>, <class 'dict'>: <function escape_dict at 0x7749c62f54e0>, <class 'frozenset'>: <function escape_frozenset at 0x7749c64a9b10>}
      k = frozenset
      v = <function escape_frozenset at 0x7749c64a9b10>
      cursorclass = MySQLdb.cursors.Cursor
      charset = 'utf8mb4'
      collation = ''
      use_unicode = True
      sql_mode = ''
      client_flag = 131072
      multi_statements = False
      autocommit = False
      __class__ = MySQLdb.connections.Connection
MySQLdb.OperationalError: (1045, "Access denied for user '_29402e52a87f28e9'@'localhost' (using password: YES)")
Backup failed for Site crm.localhost. Database or site_config.json may be corrupted
Traceback with variables (most recent call last):
  File "apps/frappe/frappe/commands/site.py", line 881, in backup
    odb = scheduled_backup(
      context = CliCtxObj(force=False, profile=False, sites=['crm.localhost'], verbose=True)
      with_files = False
      backup_path = None
      backup_path_db = None
      backup_path_files = None
      backup_path_private_files = None
      backup_path_conf = None
      ignore_backup_conf = False
      verbose = True
      compress = False
      include = ''
      exclude = ''
      old_backup_metadata = False
      scheduled_backup = <function scheduled_backup at 0x7e30276b2ae0>
      exit_code = 0
      rollback_callback = None
      site = 'crm.localhost'
  File "apps/frappe/frappe/utils/backups.py", line 589, in scheduled_backup
    return new_backup(
      older_than = 6
      ignore_files = True
      backup_path = None
      backup_path_db = None
      backup_path_files = None
      backup_path_private_files = None
      backup_path_conf = None
      ignore_conf = False
      include_doctypes = ''
      exclude_doctypes = ''
      compress = False
      force = True
      verbose = True
      old_backup_metadata = False
      rollback_callback = frappe.utils.CallbackManager()
  File "apps/frappe/frappe/utils/backups.py", line 626, in new_backup
    odb = BackupGenerator(
      older_than = 6
      ignore_files = True
      backup_path = None
      backup_path_db = None
      backup_path_files = None
      backup_path_private_files = None
      backup_path_conf = None
      ignore_conf = False
      include_doctypes = ''
      exclude_doctypes = ''
      compress = False
      force = True
      verbose = True
      old_backup_metadata = False
      rollback_callback = frappe.utils.CallbackManager()
  File "apps/frappe/frappe/utils/backups.py", line 89, in __init__
    self.setup_backup_tables()
      self = frappe.utils.backups.BackupGenerator(backup_path=None, backup_path_conf=None, backup_path_db=None, backup_path_files=None, backup_path_private_files=None, compress_files=False, db_host='127.0.0.1', db_name='_29402e52a87f28e9', db_port=3306, db_socket=None, db_type='mariadb', exclude_doctypes='', ignore_conf=False, include_doctypes='', old_backup_metadata=False, partial=False, password='JYcurQeypTfWeGVA', rollback_callback=frappe.utils.CallbackManager(-), site_slug='crm_localhost', user='_29402e52a87f28e9', verbose=True)
      db_name = '_29402e52a87f28e9'
      user = '_29402e52a87f28e9'
      password = ********
      backup_path = None
      backup_path_db = None
      backup_path_files = None
      backup_path_private_files = None
      db_socket = None
      db_host = '127.0.0.1'
      db_port = 3306
      db_type = 'mariadb'
      backup_path_conf = None
      ignore_conf = False
      compress_files = False
      include_doctypes = ''
      exclude_doctypes = ''
      verbose = True
      old_backup_metadata = False
      rollback_callback = frappe.utils.CallbackManager()
      site = 'crm.localhost'
  File "apps/frappe/frappe/utils/backups.py", line 126, in setup_backup_tables
    self._set_existing_tables()
      self = frappe.utils.backups.BackupGenerator(backup_path=None, backup_path_conf=None, backup_path_db=None, backup_path_files=None, backup_path_private_files=None, compress_files=False, db_host='127.0.0.1', db_name='_29402e52a87f28e9', db_port=3306, db_socket=None, db_type='mariadb', exclude_doctypes='', ignore_conf=False, include_doctypes='', old_backup_metadata=False, partial=False, password='JYcurQeypTfWeGVA', rollback_callback=frappe.utils.CallbackManager(-), site_slug='crm_localhost', user='_29402e52a87f28e9', verbose=True)
  File "apps/frappe/frappe/utils/backups.py", line 122, in _set_existing_tables
    self._existing_tables = frappe.db.get_tables()
      self = frappe.utils.backups.BackupGenerator(backup_path=None, backup_path_conf=None, backup_path_db=None, backup_path_files=None, backup_path_private_files=None, compress_files=False, db_host='127.0.0.1', db_name='_29402e52a87f28e9', db_port=3306, db_socket=None, db_type='mariadb', exclude_doctypes='', ignore_conf=False, include_doctypes='', old_backup_metadata=False, partial=False, password='JYcurQeypTfWeGVA', rollback_callback=frappe.utils.CallbackManager(-), site_slug='crm_localhost', user='_29402e52a87f28e9', verbose=True)
  File "apps/frappe/frappe/database/mariadb/mysqlclient.py", line 518, in get_tables
    .run(pluck=True)
      self = frappe.database.mariadb.mysqlclient.MariaDBDatabase(after_commit=frappe.utils.CallbackManager(-), after_rollback=frappe.utils.CallbackManager(-), auto_commit_on_many_writes=0, before_commit=frappe.utils.CallbackManager(-), before_rollback=frappe.utils.CallbackManager(-), cur_db_name='_29402e52a87f28e9', db_type='mariadb', host='127.0.0.1', logger=<Logger database-crm.localhost (WARNING)>, password='JYcurQeypTfWeGVA', port=3306, socket=None, transaction_writes=0, type_map={'Currency': ('decimal', '21,9'), 'Int': ('int', '11'), 'Long Int': ('bigint', '20'), 'Float': ('decimal', '21,9'), 'Percent': ('decimal', '21,9'), 'Check': ('tinyint', '4'), 'Small Text': ('text', ''), 'Long Text': ('lon...'), 'Color': ('varchar', 140), 'Barcode': ('longtext', ''), 'Geolocation': ('longtext', ''), 'Duration': ('decimal', '21,9'), 'Icon': ('varchar', 140), 'Phone': ('varchar', 140), 'Autocomplete': ('varchar', 140), 'JSON': ('json', '')}, user='_29402e52a87f28e9', value_cache=collections.defaultdict{})
      cached = True
      to_query = True
      tables = None
      information_schema = pypika.queries.Schema()
  File "apps/frappe/frappe/query_builder/utils.py", line 131, in execute_query
    result = frappe.local.db.sql(query, params, *args, **kwargs)  # nosemgrep
      query = 'SELECT `table_name` FROM `information_schema`.`tables` WHERE `table_schema`=%(param1)s'
      args = ()
      kwargs = {'pluck': True}
      dt = None
      fields = []
      child_queries = "_child_queries"
      params = {'param1': '_29402e52a87f28e9'}
  File "apps/frappe/frappe/database/database.py", line 249, in sql
    self.connect()
      self = frappe.database.mariadb.mysqlclient.MariaDBDatabase(after_commit=frappe.utils.CallbackManager(-), after_rollback=frappe.utils.CallbackManager(-), auto_commit_on_many_writes=0, before_commit=frappe.utils.CallbackManager(-), before_rollback=frappe.utils.CallbackManager(-), cur_db_name='_29402e52a87f28e9', db_type='mariadb', host='127.0.0.1', logger=<Logger database-crm.localhost (WARNING)>, password='JYcurQeypTfWeGVA', port=3306, socket=None, transaction_writes=0, type_map={'Currency': ('decimal', '21,9'), 'Int': ('int', '11'), 'Long Int': ('bigint', '20'), 'Float': ('decimal', '21,9'), 'Percent': ('decimal', '21,9'), 'Check': ('tinyint', '4'), 'Small Text': ('text', ''), 'Long Text': ('lon...'), 'Color': ('varchar', 140), 'Barcode': ('longtext', ''), 'Geolocation': ('longtext', ''), 'Duration': ('decimal', '21,9'), 'Icon': ('varchar', 140), 'Phone': ('varchar', 140), 'Autocomplete': ('varchar', 140), 'JSON': ('json', '')}, user='_29402e52a87f28e9', value_cache=collections.defaultdict{})
      query = 'SELECT `table_name` FROM `information_schema`.`tables` WHERE `table_schema`=%(param1)s'
      values = {'param1': '_29402e52a87f28e9'}
      as_dict = 0
      as_list = 0
      debug = False
      ignore_ddl = 0
      auto_commit = 0
      update = None
      explain = False
      run = True
      pluck = True
      as_iterator = False
      query_type = 'select'
  File "apps/frappe/frappe/database/database.py", line 147, in connect
    self.get_connection()
      self = frappe.database.mariadb.mysqlclient.MariaDBDatabase(after_commit=frappe.utils.CallbackManager(-), after_rollback=frappe.utils.CallbackManager(-), auto_commit_on_many_writes=0, before_commit=frappe.utils.CallbackManager(-), before_rollback=frappe.utils.CallbackManager(-), cur_db_name='_29402e52a87f28e9', db_type='mariadb', host='127.0.0.1', logger=<Logger database-crm.localhost (WARNING)>, password='JYcurQeypTfWeGVA', port=3306, socket=None, transaction_writes=0, type_map={'Currency': ('decimal', '21,9'), 'Int': ('int', '11'), 'Long Int': ('bigint', '20'), 'Float': ('decimal', '21,9'), 'Percent': ('decimal', '21,9'), 'Check': ('tinyint', '4'), 'Small Text': ('text', ''), 'Long Text': ('lon...'), 'Color': ('varchar', 140), 'Barcode': ('longtext', ''), 'Geolocation': ('longtext', ''), 'Duration': ('decimal', '21,9'), 'Icon': ('varchar', 140), 'Phone': ('varchar', 140), 'Autocomplete': ('varchar', 140), 'JSON': ('json', '')}, user='_29402e52a87f28e9', value_cache=collections.defaultdict{})
  File "apps/frappe/frappe/database/mariadb/mysqlclient.py", line 109, in get_connection
    conn = self._get_connection()
      self = frappe.database.mariadb.mysqlclient.MariaDBDatabase(after_commit=frappe.utils.CallbackManager(-), after_rollback=frappe.utils.CallbackManager(-), auto_commit_on_many_writes=0, before_commit=frappe.utils.CallbackManager(-), before_rollback=frappe.utils.CallbackManager(-), cur_db_name='_29402e52a87f28e9', db_type='mariadb', host='127.0.0.1', logger=<Logger database-crm.localhost (WARNING)>, password='JYcurQeypTfWeGVA', port=3306, socket=None, transaction_writes=0, type_map={'Currency': ('decimal', '21,9'), 'Int': ('int', '11'), 'Long Int': ('bigint', '20'), 'Float': ('decimal', '21,9'), 'Percent': ('decimal', '21,9'), 'Check': ('tinyint', '4'), 'Small Text': ('text', ''), 'Long Text': ('lon...'), 'Color': ('varchar', 140), 'Barcode': ('longtext', ''), 'Geolocation': ('longtext', ''), 'Duration': ('decimal', '21,9'), 'Icon': ('varchar', 140), 'Phone': ('varchar', 140), 'Autocomplete': ('varchar', 140), 'JSON': ('json', '')}, user='_29402e52a87f28e9', value_cache=collections.defaultdict{})
  File "apps/frappe/frappe/database/mariadb/mysqlclient.py", line 114, in _get_connection
    return self.create_connection()
      self = frappe.database.mariadb.mysqlclient.MariaDBDatabase(after_commit=frappe.utils.CallbackManager(-), after_rollback=frappe.utils.CallbackManager(-), auto_commit_on_many_writes=0, before_commit=frappe.utils.CallbackManager(-), before_rollback=frappe.utils.CallbackManager(-), cur_db_name='_29402e52a87f28e9', db_type='mariadb', host='127.0.0.1', logger=<Logger database-crm.localhost (WARNING)>, password='JYcurQeypTfWeGVA', port=3306, socket=None, transaction_writes=0, type_map={'Currency': ('decimal', '21,9'), 'Int': ('int', '11'), 'Long Int': ('bigint', '20'), 'Float': ('decimal', '21,9'), 'Percent': ('decimal', '21,9'), 'Check': ('tinyint', '4'), 'Small Text': ('text', ''), 'Long Text': ('lon...'), 'Color': ('varchar', 140), 'Barcode': ('longtext', ''), 'Geolocation': ('longtext', ''), 'Duration': ('decimal', '21,9'), 'Icon': ('varchar', 140), 'Phone': ('varchar', 140), 'Autocomplete': ('varchar', 140), 'JSON': ('json', '')}, user='_29402e52a87f28e9', value_cache=collections.defaultdict{})
  File "apps/frappe/frappe/database/mariadb/mysqlclient.py", line 117, in create_connection
    return MySQLdb.connect(**self.get_connection_settings())
      self = frappe.database.mariadb.mysqlclient.MariaDBDatabase(after_commit=frappe.utils.CallbackManager(-), after_rollback=frappe.utils.CallbackManager(-), auto_commit_on_many_writes=0, before_commit=frappe.utils.CallbackManager(-), before_rollback=frappe.utils.CallbackManager(-), cur_db_name='_29402e52a87f28e9', db_type='mariadb', host='127.0.0.1', logger=<Logger database-crm.localhost (WARNING)>, password='JYcurQeypTfWeGVA', port=3306, socket=None, transaction_writes=0, type_map={'Currency': ('decimal', '21,9'), 'Int': ('int', '11'), 'Long Int': ('bigint', '20'), 'Float': ('decimal', '21,9'), 'Percent': ('decimal', '21,9'), 'Check': ('tinyint', '4'), 'Small Text': ('text', ''), 'Long Text': ('lon...'), 'Color': ('varchar', 140), 'Barcode': ('longtext', ''), 'Geolocation': ('longtext', ''), 'Duration': ('decimal', '21,9'), 'Icon': ('varchar', 140), 'Phone': ('varchar', 140), 'Autocomplete': ('varchar', 140), 'JSON': ('json', '')}, user='_29402e52a87f28e9', value_cache=collections.defaultdict{})
  File "env/lib/python3.14/site-packages/MySQLdb/__init__.py", line 121, in Connect
    return Connection(*args, **kwargs)
      args = ()
      kwargs = {'user': '_29402e52a87f28e9', 'conv': {<class 'int'>: <function Thing2Str at 0x7e30269af320>, <class 'float'>: <function Float2Str at 0x7e30269af3d0>, <class 'NoneType'>: <function None2NULL at 0x7e30269af480>, <class 'array.array'>: <function array2Str at 0x7e30269af690>, <class 'bool'>: <function Bool2Str at 0x7e30269af060>, <class 'datetime.date'>: <function Thing2Literal at 0x7e30269af530>, <class 'datetime.datetime'>: <function DateTime2literal at 0x7e30269aea30>, <class 'datetime.timedelta'>: <function escape_timedelta at 0x7e30267f9430>, <class 'set'>: <function Set2Str at 0x7e30269af1c0>, <class 'decimal.Decimal'>: <function Decimal2Literal at 0x7e30269af5e0>, 1: <class 'int'>, 2: <c...t'>: <function escape_dict at 0x7e30267f94e0>, <class 'frozenset'>: <function escape_frozenset at 0x7e30269adb10>}, 'charset': 'utf8mb4', 'use_unicode': True, 'local_infile': False, 'multi_statements': False, 'database': '_29402e52a87f28e9', 'host': '127.0.0.1', 'port': 3306, 'password': '********'}
      Connection = MySQLdb.connections.Connection
  File "env/lib/python3.14/site-packages/MySQLdb/connections.py", line 200, in __init__
    super().__init__(*args, **kwargs2)
      self = <_mysql.connection open to '(null)' at 0x5942321f8780>
      args = ()
      kwargs = {'user': '_29402e52a87f28e9', 'conv': {<class 'int'>: <function Thing2Str at 0x7e30269af320>, <class 'float'>: <function Float2Str at 0x7e30269af3d0>, <class 'NoneType'>: <function None2NULL at 0x7e30269af480>, <class 'array.array'>: <function array2Str at 0x7e30269af690>, <class 'bool'>: <function Bool2Str at 0x7e30269af060>, <class 'datetime.date'>: <function Thing2Literal at 0x7e30269af530>, <class 'datetime.datetime'>: <function DateTime2literal at 0x7e30269aea30>, <class 'datetime.timedelta'>: <function escape_timedelta at 0x7e30267f9430>, <class 'set'>: <function Set2Str at 0x7e30269af1c0>, <class 'decimal.Decimal'>: <function Decimal2Literal at 0x7e30269af5e0>, 1: <class 'int'>, 2: <c...t'>: <function escape_dict at 0x7e30267f94e0>, <class 'frozenset'>: <function escape_frozenset at 0x7e30269adb10>}, 'charset': 'utf8mb4', 'use_unicode': True, 'local_infile': False, 'multi_statements': False, 'database': '_29402e52a87f28e9', 'host': '127.0.0.1', 'port': 3306, 'password': '********'}
      CLIENT = <module 'MySQLdb.constants.CLIENT' from 'env/lib/python3.14/site-packages/MySQLdb/constants/CLIENT.py'>
      FIELD_TYPE = <module 'MySQLdb.constants.FIELD_TYPE' from 'env/lib/python3.14/site-packages/MySQLdb/constants/FIELD_TYPE.py'>
      conversions = {<class 'int'>: <function Thing2Str at 0x7e30269af320>, <class 'float'>: <function Float2Str at 0x7e30269af3d0>, <class 'NoneType'>: <function None2NULL at 0x7e30269af480>, <class 'array.array'>: <function array2Str at 0x7e30269af690>, <class 'bool'>: <function Bool2Str at 0x7e30269af060>, <class 'datetime.date'>: <function Thing2Literal at 0x7e30269af530>, <class 'datetime.datetime'>: <function DateTime2literal at 0x7e30269aea30>, <class 'datetime.timedelta'>: <function DateTimeDelta2literal at 0x7e30269aeae0>, <class 'set'>: <function Set2Str at 0x7e30269af1c0>, <class 'decimal.Decimal'>: <function Decimal2Literal at 0x7e30269af5e0>, 1: <class 'int'>, 2: <class 'int'>, 3: <class 'int'>, 4:...r_None at 0x7e30269ae770>, 11: <function TimeDelta_or_None at 0x7e30269ae820>, 10: <function Date_or_None at 0x7e30269ae980>, 249: <class 'bytes'>, 250: <class 'bytes'>, 251: <class 'bytes'>, 252: <class 'bytes'>, 254: <class 'bytes'>, 253: <class 'bytes'>, 15: <class 'bytes'>, 245: <class 'bytes'>}
      _bytes_or_str = ((128, bytes), (None, str))
      kwargs2 = {'user': '_29402e52a87f28e9', 'conv': {<class 'int'>: <function Thing2Str at 0x7e30269af320>, <class 'float'>: <function Float2Str at 0x7e30269af3d0>, <class 'NoneType'>: <function None2NULL at 0x7e30269af480>, <class 'array.array'>: <function array2Str at 0x7e30269af690>, <class 'bool'>: <function Bool2Str at 0x7e30269af060>, <class 'datetime.date'>: <function Thing2Literal at 0x7e30269af530>, <class 'datetime.datetime'>: <function DateTime2literal at 0x7e30269aea30>, <class 'datetime.timedelta'>: <function escape_timedelta at 0x7e30267f9430>, <class 'set'>: <function Set2Str at 0x7e30269af1c0>, <class 'decimal.Decimal'>: <function Decimal2Literal at 0x7e30269af5e0>, 1: <class 'int'>, 2: <c...ass 'bytes'>, <class 'dict'>: <function escape_dict at 0x7e30267f94e0>, <class 'frozenset'>: <function escape_frozenset at 0x7e30269adb10>}, 'charset': 'utf8mb4', 'local_infile': False, 'database': '_29402e52a87f28e9', 'host': '127.0.0.1', 'port': 3306, 'password': '********', 'client_flag': 131072}
      conv = {<class 'int'>: <function Thing2Str at 0x7e30269af320>, <class 'float'>: <function Float2Str at 0x7e30269af3d0>, <class 'NoneType'>: <function None2NULL at 0x7e30269af480>, <class 'array.array'>: <function array2Str at 0x7e30269af690>, <class 'bool'>: <function Bool2Str at 0x7e30269af060>, <class 'datetime.date'>: <function Thing2Literal at 0x7e30269af530>, <class 'datetime.datetime'>: <function DateTime2literal at 0x7e30269aea30>, <class 'datetime.timedelta'>: <function escape_timedelta at 0x7e30267f9430>, <class 'set'>: <function Set2Str at 0x7e30269af1c0>, <class 'decimal.Decimal'>: <function Decimal2Literal at 0x7e30269af5e0>, 1: <class 'int'>, 2: <class 'int'>, 3: <class 'int'>, 4: <cla...249: <class 'bytes'>, 250: <class 'bytes'>, 251: <class 'bytes'>, 252: <class 'bytes'>, 254: <class 'bytes'>, 253: <class 'bytes'>, 15: <class 'bytes'>, 245: <class 'bytes'>, <class 'dict'>: <function escape_dict at 0x7e30267f94e0>, <class 'frozenset'>: <function escape_frozenset at 0x7e30269adb10>}
      conv2 = {<class 'int'>: <function Thing2Str at 0x7e30269af320>, <class 'float'>: <function Float2Str at 0x7e30269af3d0>, <class 'NoneType'>: <function None2NULL at 0x7e30269af480>, <class 'array.array'>: <function array2Str at 0x7e30269af690>, <class 'bool'>: <function Bool2Str at 0x7e30269af060>, <class 'datetime.date'>: <function Thing2Literal at 0x7e30269af530>, <class 'datetime.datetime'>: <function DateTime2literal at 0x7e30269aea30>, <class 'datetime.timedelta'>: <function escape_timedelta at 0x7e30267f9430>, <class 'set'>: <function Set2Str at 0x7e30269af1c0>, <class 'decimal.Decimal'>: <function Decimal2Literal at 0x7e30269af5e0>, 1: <class 'int'>, 2: <class 'int'>, 3: <class 'int'>, 4: <cla...249: <class 'bytes'>, 250: <class 'bytes'>, 251: <class 'bytes'>, 252: <class 'bytes'>, 254: <class 'bytes'>, 253: <class 'bytes'>, 15: <class 'bytes'>, 245: <class 'bytes'>, <class 'dict'>: <function escape_dict at 0x7e30267f94e0>, <class 'frozenset'>: <function escape_frozenset at 0x7e30269adb10>}
      k = frozenset
      v = <function escape_frozenset at 0x7e30269adb10>
      cursorclass = MySQLdb.cursors.Cursor
      charset = 'utf8mb4'
      collation = ''
      use_unicode = True
      sql_mode = ''
      client_flag = 131072
      multi_statements = False
      autocommit = False
      __class__ = MySQLdb.connections.Connection
MySQLdb.OperationalError: (2002, "Can't connect to server on '127.0.0.1' (115)")
Backup failed for Site crm.localhost. Database or site_config.json may be corrupted
Traceback with variables (most recent call last):
  File "apps/frappe/frappe/commands/site.py", line 881, in backup
    odb = scheduled_backup(
      context = CliCtxObj(force=False, profile=False, sites=['crm.localhost'], verbose=True)
      with_files = False
      backup_path = None
      backup_path_db = None
      backup_path_files = None
      backup_path_private_files = None
      backup_path_conf = None
      ignore_backup_conf = False
      verbose = True
      compress = False
      include = ''
      exclude = ''
      old_backup_metadata = False
      scheduled_backup = <function scheduled_backup at 0x781927b36ae0>
      exit_code = 0
      rollback_callback = None
      site = 'crm.localhost'
  File "apps/frappe/frappe/utils/backups.py", line 589, in scheduled_backup
    return new_backup(
      older_than = 6
      ignore_files = True
      backup_path = None
      backup_path_db = None
      backup_path_files = None
      backup_path_private_files = None
      backup_path_conf = None
      ignore_conf = False
      include_doctypes = ''
      exclude_doctypes = ''
      compress = False
      force = True
      verbose = True
      old_backup_metadata = False
      rollback_callback = frappe.utils.CallbackManager()
  File "apps/frappe/frappe/utils/backups.py", line 626, in new_backup
    odb = BackupGenerator(
      older_than = 6
      ignore_files = True
      backup_path = None
      backup_path_db = None
      backup_path_files = None
      backup_path_private_files = None
      backup_path_conf = None
      ignore_conf = False
      include_doctypes = ''
      exclude_doctypes = ''
      compress = False
      force = True
      verbose = True
      old_backup_metadata = False
      rollback_callback = frappe.utils.CallbackManager()
  File "apps/frappe/frappe/utils/backups.py", line 89, in __init__
    self.setup_backup_tables()
      self = frappe.utils.backups.BackupGenerator(backup_path=None, backup_path_conf=None, backup_path_db=None, backup_path_files=None, backup_path_private_files=None, compress_files=False, db_host='127.0.0.1', db_name='_29402e52a87f28e9', db_port=3306, db_socket=None, db_type='mariadb', exclude_doctypes='', ignore_conf=False, include_doctypes='', old_backup_metadata=False, partial=False, password='JYcurQeypTfWeGVA', rollback_callback=frappe.utils.CallbackManager(-), site_slug='crm_localhost', user='_29402e52a87f28e9', verbose=True)
      db_name = '_29402e52a87f28e9'
      user = '_29402e52a87f28e9'
      password = ********
      backup_path = None
      backup_path_db = None
      backup_path_files = None
      backup_path_private_files = None
      db_socket = None
      db_host = '127.0.0.1'
      db_port = 3306
      db_type = 'mariadb'
      backup_path_conf = None
      ignore_conf = False
      compress_files = False
      include_doctypes = ''
      exclude_doctypes = ''
      verbose = True
      old_backup_metadata = False
      rollback_callback = frappe.utils.CallbackManager()
      site = 'crm.localhost'
  File "apps/frappe/frappe/utils/backups.py", line 126, in setup_backup_tables
    self._set_existing_tables()
      self = frappe.utils.backups.BackupGenerator(backup_path=None, backup_path_conf=None, backup_path_db=None, backup_path_files=None, backup_path_private_files=None, compress_files=False, db_host='127.0.0.1', db_name='_29402e52a87f28e9', db_port=3306, db_socket=None, db_type='mariadb', exclude_doctypes='', ignore_conf=False, include_doctypes='', old_backup_metadata=False, partial=False, password='JYcurQeypTfWeGVA', rollback_callback=frappe.utils.CallbackManager(-), site_slug='crm_localhost', user='_29402e52a87f28e9', verbose=True)
  File "apps/frappe/frappe/utils/backups.py", line 122, in _set_existing_tables
    self._existing_tables = frappe.db.get_tables()
      self = frappe.utils.backups.BackupGenerator(backup_path=None, backup_path_conf=None, backup_path_db=None, backup_path_files=None, backup_path_private_files=None, compress_files=False, db_host='127.0.0.1', db_name='_29402e52a87f28e9', db_port=3306, db_socket=None, db_type='mariadb', exclude_doctypes='', ignore_conf=False, include_doctypes='', old_backup_metadata=False, partial=False, password='JYcurQeypTfWeGVA', rollback_callback=frappe.utils.CallbackManager(-), site_slug='crm_localhost', user='_29402e52a87f28e9', verbose=True)
  File "apps/frappe/frappe/database/mariadb/mysqlclient.py", line 518, in get_tables
    .run(pluck=True)
      self = frappe.database.mariadb.mysqlclient.MariaDBDatabase(after_commit=frappe.utils.CallbackManager(-), after_rollback=frappe.utils.CallbackManager(-), auto_commit_on_many_writes=0, before_commit=frappe.utils.CallbackManager(-), before_rollback=frappe.utils.CallbackManager(-), cur_db_name='_29402e52a87f28e9', db_type='mariadb', host='127.0.0.1', logger=<Logger database-crm.localhost (WARNING)>, password='JYcurQeypTfWeGVA', port=3306, socket=None, transaction_writes=0, type_map={'Currency': ('decimal', '21,9'), 'Int': ('int', '11'), 'Long Int': ('bigint', '20'), 'Float': ('decimal', '21,9'), 'Percent': ('decimal', '21,9'), 'Check': ('tinyint', '4'), 'Small Text': ('text', ''), 'Long Text': ('lon...'), 'Color': ('varchar', 140), 'Barcode': ('longtext', ''), 'Geolocation': ('longtext', ''), 'Duration': ('decimal', '21,9'), 'Icon': ('varchar', 140), 'Phone': ('varchar', 140), 'Autocomplete': ('varchar', 140), 'JSON': ('json', '')}, user='_29402e52a87f28e9', value_cache=collections.defaultdict{})
      cached = True
      to_query = True
      tables = None
      information_schema = pypika.queries.Schema()
  File "apps/frappe/frappe/query_builder/utils.py", line 131, in execute_query
    result = frappe.local.db.sql(query, params, *args, **kwargs)  # nosemgrep
      query = 'SELECT `table_name` FROM `information_schema`.`tables` WHERE `table_schema`=%(param1)s'
      args = ()
      kwargs = {'pluck': True}
      dt = None
      fields = []
      child_queries = "_child_queries"
      params = {'param1': '_29402e52a87f28e9'}
  File "apps/frappe/frappe/database/database.py", line 249, in sql
    self.connect()
      self = frappe.database.mariadb.mysqlclient.MariaDBDatabase(after_commit=frappe.utils.CallbackManager(-), after_rollback=frappe.utils.CallbackManager(-), auto_commit_on_many_writes=0, before_commit=frappe.utils.CallbackManager(-), before_rollback=frappe.utils.CallbackManager(-), cur_db_name='_29402e52a87f28e9', db_type='mariadb', host='127.0.0.1', logger=<Logger database-crm.localhost (WARNING)>, password='JYcurQeypTfWeGVA', port=3306, socket=None, transaction_writes=0, type_map={'Currency': ('decimal', '21,9'), 'Int': ('int', '11'), 'Long Int': ('bigint', '20'), 'Float': ('decimal', '21,9'), 'Percent': ('decimal', '21,9'), 'Check': ('tinyint', '4'), 'Small Text': ('text', ''), 'Long Text': ('lon...'), 'Color': ('varchar', 140), 'Barcode': ('longtext', ''), 'Geolocation': ('longtext', ''), 'Duration': ('decimal', '21,9'), 'Icon': ('varchar', 140), 'Phone': ('varchar', 140), 'Autocomplete': ('varchar', 140), 'JSON': ('json', '')}, user='_29402e52a87f28e9', value_cache=collections.defaultdict{})
      query = 'SELECT `table_name` FROM `information_schema`.`tables` WHERE `table_schema`=%(param1)s'
      values = {'param1': '_29402e52a87f28e9'}
      as_dict = 0
      as_list = 0
      debug = False
      ignore_ddl = 0
      auto_commit = 0
      update = None
      explain = False
      run = True
      pluck = True
      as_iterator = False
      query_type = 'select'
  File "apps/frappe/frappe/database/database.py", line 147, in connect
    self.get_connection()
      self = frappe.database.mariadb.mysqlclient.MariaDBDatabase(after_commit=frappe.utils.CallbackManager(-), after_rollback=frappe.utils.CallbackManager(-), auto_commit_on_many_writes=0, before_commit=frappe.utils.CallbackManager(-), before_rollback=frappe.utils.CallbackManager(-), cur_db_name='_29402e52a87f28e9', db_type='mariadb', host='127.0.0.1', logger=<Logger database-crm.localhost (WARNING)>, password='JYcurQeypTfWeGVA', port=3306, socket=None, transaction_writes=0, type_map={'Currency': ('decimal', '21,9'), 'Int': ('int', '11'), 'Long Int': ('bigint', '20'), 'Float': ('decimal', '21,9'), 'Percent': ('decimal', '21,9'), 'Check': ('tinyint', '4'), 'Small Text': ('text', ''), 'Long Text': ('lon...'), 'Color': ('varchar', 140), 'Barcode': ('longtext', ''), 'Geolocation': ('longtext', ''), 'Duration': ('decimal', '21,9'), 'Icon': ('varchar', 140), 'Phone': ('varchar', 140), 'Autocomplete': ('varchar', 140), 'JSON': ('json', '')}, user='_29402e52a87f28e9', value_cache=collections.defaultdict{})
  File "apps/frappe/frappe/database/mariadb/mysqlclient.py", line 109, in get_connection
    conn = self._get_connection()
      self = frappe.database.mariadb.mysqlclient.MariaDBDatabase(after_commit=frappe.utils.CallbackManager(-), after_rollback=frappe.utils.CallbackManager(-), auto_commit_on_many_writes=0, before_commit=frappe.utils.CallbackManager(-), before_rollback=frappe.utils.CallbackManager(-), cur_db_name='_29402e52a87f28e9', db_type='mariadb', host='127.0.0.1', logger=<Logger database-crm.localhost (WARNING)>, password='JYcurQeypTfWeGVA', port=3306, socket=None, transaction_writes=0, type_map={'Currency': ('decimal', '21,9'), 'Int': ('int', '11'), 'Long Int': ('bigint', '20'), 'Float': ('decimal', '21,9'), 'Percent': ('decimal', '21,9'), 'Check': ('tinyint', '4'), 'Small Text': ('text', ''), 'Long Text': ('lon...'), 'Color': ('varchar', 140), 'Barcode': ('longtext', ''), 'Geolocation': ('longtext', ''), 'Duration': ('decimal', '21,9'), 'Icon': ('varchar', 140), 'Phone': ('varchar', 140), 'Autocomplete': ('varchar', 140), 'JSON': ('json', '')}, user='_29402e52a87f28e9', value_cache=collections.defaultdict{})
  File "apps/frappe/frappe/database/mariadb/mysqlclient.py", line 114, in _get_connection
    return self.create_connection()
      self = frappe.database.mariadb.mysqlclient.MariaDBDatabase(after_commit=frappe.utils.CallbackManager(-), after_rollback=frappe.utils.CallbackManager(-), auto_commit_on_many_writes=0, before_commit=frappe.utils.CallbackManager(-), before_rollback=frappe.utils.CallbackManager(-), cur_db_name='_29402e52a87f28e9', db_type='mariadb', host='127.0.0.1', logger=<Logger database-crm.localhost (WARNING)>, password='JYcurQeypTfWeGVA', port=3306, socket=None, transaction_writes=0, type_map={'Currency': ('decimal', '21,9'), 'Int': ('int', '11'), 'Long Int': ('bigint', '20'), 'Float': ('decimal', '21,9'), 'Percent': ('decimal', '21,9'), 'Check': ('tinyint', '4'), 'Small Text': ('text', ''), 'Long Text': ('lon...'), 'Color': ('varchar', 140), 'Barcode': ('longtext', ''), 'Geolocation': ('longtext', ''), 'Duration': ('decimal', '21,9'), 'Icon': ('varchar', 140), 'Phone': ('varchar', 140), 'Autocomplete': ('varchar', 140), 'JSON': ('json', '')}, user='_29402e52a87f28e9', value_cache=collections.defaultdict{})
  File "apps/frappe/frappe/database/mariadb/mysqlclient.py", line 117, in create_connection
    return MySQLdb.connect(**self.get_connection_settings())
      self = frappe.database.mariadb.mysqlclient.MariaDBDatabase(after_commit=frappe.utils.CallbackManager(-), after_rollback=frappe.utils.CallbackManager(-), auto_commit_on_many_writes=0, before_commit=frappe.utils.CallbackManager(-), before_rollback=frappe.utils.CallbackManager(-), cur_db_name='_29402e52a87f28e9', db_type='mariadb', host='127.0.0.1', logger=<Logger database-crm.localhost (WARNING)>, password='JYcurQeypTfWeGVA', port=3306, socket=None, transaction_writes=0, type_map={'Currency': ('decimal', '21,9'), 'Int': ('int', '11'), 'Long Int': ('bigint', '20'), 'Float': ('decimal', '21,9'), 'Percent': ('decimal', '21,9'), 'Check': ('tinyint', '4'), 'Small Text': ('text', ''), 'Long Text': ('lon...'), 'Color': ('varchar', 140), 'Barcode': ('longtext', ''), 'Geolocation': ('longtext', ''), 'Duration': ('decimal', '21,9'), 'Icon': ('varchar', 140), 'Phone': ('varchar', 140), 'Autocomplete': ('varchar', 140), 'JSON': ('json', '')}, user='_29402e52a87f28e9', value_cache=collections.defaultdict{})
  File "env/lib/python3.14/site-packages/MySQLdb/__init__.py", line 121, in Connect
    return Connection(*args, **kwargs)
      args = ()
      kwargs = {'user': '_29402e52a87f28e9', 'conv': {<class 'int'>: <function Thing2Str at 0x7819278f3320>, <class 'float'>: <function Float2Str at 0x7819278f33d0>, <class 'NoneType'>: <function None2NULL at 0x7819278f3480>, <class 'array.array'>: <function array2Str at 0x7819278f3690>, <class 'bool'>: <function Bool2Str at 0x7819278f3060>, <class 'datetime.date'>: <function Thing2Literal at 0x7819278f3530>, <class 'datetime.datetime'>: <function DateTime2literal at 0x7819278f2a30>, <class 'datetime.timedelta'>: <function escape_timedelta at 0x781927741430>, <class 'set'>: <function Set2Str at 0x7819278f31c0>, <class 'decimal.Decimal'>: <function Decimal2Literal at 0x7819278f35e0>, 1: <class 'int'>, 2: <c...t'>: <function escape_dict at 0x7819277414e0>, <class 'frozenset'>: <function escape_frozenset at 0x7819278f1b10>}, 'charset': 'utf8mb4', 'use_unicode': True, 'local_infile': False, 'multi_statements': False, 'database': '_29402e52a87f28e9', 'host': '127.0.0.1', 'port': 3306, 'password': '********'}
      Connection = MySQLdb.connections.Connection
  File "env/lib/python3.14/site-packages/MySQLdb/connections.py", line 200, in __init__
    super().__init__(*args, **kwargs2)
      self = <_mysql.connection open to '(null)' at 0x58e7ce1a8780>
      args = ()
      kwargs = {'user': '_29402e52a87f28e9', 'conv': {<class 'int'>: <function Thing2Str at 0x7819278f3320>, <class 'float'>: <function Float2Str at 0x7819278f33d0>, <class 'NoneType'>: <function None2NULL at 0x7819278f3480>, <class 'array.array'>: <function array2Str at 0x7819278f3690>, <class 'bool'>: <function Bool2Str at 0x7819278f3060>, <class 'datetime.date'>: <function Thing2Literal at 0x7819278f3530>, <class 'datetime.datetime'>: <function DateTime2literal at 0x7819278f2a30>, <class 'datetime.timedelta'>: <function escape_timedelta at 0x781927741430>, <class 'set'>: <function Set2Str at 0x7819278f31c0>, <class 'decimal.Decimal'>: <function Decimal2Literal at 0x7819278f35e0>, 1: <class 'int'>, 2: <c...t'>: <function escape_dict at 0x7819277414e0>, <class 'frozenset'>: <function escape_frozenset at 0x7819278f1b10>}, 'charset': 'utf8mb4', 'use_unicode': True, 'local_infile': False, 'multi_statements': False, 'database': '_29402e52a87f28e9', 'host': '127.0.0.1', 'port': 3306, 'password': '********'}
      CLIENT = <module 'MySQLdb.constants.CLIENT' from 'env/lib/python3.14/site-packages/MySQLdb/constants/CLIENT.py'>
      FIELD_TYPE = <module 'MySQLdb.constants.FIELD_TYPE' from 'env/lib/python3.14/site-packages/MySQLdb/constants/FIELD_TYPE.py'>
      conversions = {<class 'int'>: <function Thing2Str at 0x7819278f3320>, <class 'float'>: <function Float2Str at 0x7819278f33d0>, <class 'NoneType'>: <function None2NULL at 0x7819278f3480>, <class 'array.array'>: <function array2Str at 0x7819278f3690>, <class 'bool'>: <function Bool2Str at 0x7819278f3060>, <class 'datetime.date'>: <function Thing2Literal at 0x7819278f3530>, <class 'datetime.datetime'>: <function DateTime2literal at 0x7819278f2a30>, <class 'datetime.timedelta'>: <function DateTimeDelta2literal at 0x7819278f2ae0>, <class 'set'>: <function Set2Str at 0x7819278f31c0>, <class 'decimal.Decimal'>: <function Decimal2Literal at 0x7819278f35e0>, 1: <class 'int'>, 2: <class 'int'>, 3: <class 'int'>, 4:...r_None at 0x7819278f2770>, 11: <function TimeDelta_or_None at 0x7819278f2820>, 10: <function Date_or_None at 0x7819278f2980>, 249: <class 'bytes'>, 250: <class 'bytes'>, 251: <class 'bytes'>, 252: <class 'bytes'>, 254: <class 'bytes'>, 253: <class 'bytes'>, 15: <class 'bytes'>, 245: <class 'bytes'>}
      _bytes_or_str = ((128, bytes), (None, str))
      kwargs2 = {'user': '_29402e52a87f28e9', 'conv': {<class 'int'>: <function Thing2Str at 0x7819278f3320>, <class 'float'>: <function Float2Str at 0x7819278f33d0>, <class 'NoneType'>: <function None2NULL at 0x7819278f3480>, <class 'array.array'>: <function array2Str at 0x7819278f3690>, <class 'bool'>: <function Bool2Str at 0x7819278f3060>, <class 'datetime.date'>: <function Thing2Literal at 0x7819278f3530>, <class 'datetime.datetime'>: <function DateTime2literal at 0x7819278f2a30>, <class 'datetime.timedelta'>: <function escape_timedelta at 0x781927741430>, <class 'set'>: <function Set2Str at 0x7819278f31c0>, <class 'decimal.Decimal'>: <function Decimal2Literal at 0x7819278f35e0>, 1: <class 'int'>, 2: <c...ass 'bytes'>, <class 'dict'>: <function escape_dict at 0x7819277414e0>, <class 'frozenset'>: <function escape_frozenset at 0x7819278f1b10>}, 'charset': 'utf8mb4', 'local_infile': False, 'database': '_29402e52a87f28e9', 'host': '127.0.0.1', 'port': 3306, 'password': '********', 'client_flag': 131072}
      conv = {<class 'int'>: <function Thing2Str at 0x7819278f3320>, <class 'float'>: <function Float2Str at 0x7819278f33d0>, <class 'NoneType'>: <function None2NULL at 0x7819278f3480>, <class 'array.array'>: <function array2Str at 0x7819278f3690>, <class 'bool'>: <function Bool2Str at 0x7819278f3060>, <class 'datetime.date'>: <function Thing2Literal at 0x7819278f3530>, <class 'datetime.datetime'>: <function DateTime2literal at 0x7819278f2a30>, <class 'datetime.timedelta'>: <function escape_timedelta at 0x781927741430>, <class 'set'>: <function Set2Str at 0x7819278f31c0>, <class 'decimal.Decimal'>: <function Decimal2Literal at 0x7819278f35e0>, 1: <class 'int'>, 2: <class 'int'>, 3: <class 'int'>, 4: <cla...249: <class 'bytes'>, 250: <class 'bytes'>, 251: <class 'bytes'>, 252: <class 'bytes'>, 254: <class 'bytes'>, 253: <class 'bytes'>, 15: <class 'bytes'>, 245: <class 'bytes'>, <class 'dict'>: <function escape_dict at 0x7819277414e0>, <class 'frozenset'>: <function escape_frozenset at 0x7819278f1b10>}
      conv2 = {<class 'int'>: <function Thing2Str at 0x7819278f3320>, <class 'float'>: <function Float2Str at 0x7819278f33d0>, <class 'NoneType'>: <function None2NULL at 0x7819278f3480>, <class 'array.array'>: <function array2Str at 0x7819278f3690>, <class 'bool'>: <function Bool2Str at 0x7819278f3060>, <class 'datetime.date'>: <function Thing2Literal at 0x7819278f3530>, <class 'datetime.datetime'>: <function DateTime2literal at 0x7819278f2a30>, <class 'datetime.timedelta'>: <function escape_timedelta at 0x781927741430>, <class 'set'>: <function Set2Str at 0x7819278f31c0>, <class 'decimal.Decimal'>: <function Decimal2Literal at 0x7819278f35e0>, 1: <class 'int'>, 2: <class 'int'>, 3: <class 'int'>, 4: <cla...249: <class 'bytes'>, 250: <class 'bytes'>, 251: <class 'bytes'>, 252: <class 'bytes'>, 254: <class 'bytes'>, 253: <class 'bytes'>, 15: <class 'bytes'>, 245: <class 'bytes'>, <class 'dict'>: <function escape_dict at 0x7819277414e0>, <class 'frozenset'>: <function escape_frozenset at 0x7819278f1b10>}
      k = frozenset
      v = <function escape_frozenset at 0x7819278f1b10>
      cursorclass = MySQLdb.cursors.Cursor
      charset = 'utf8mb4'
      collation = ''
      use_unicode = True
      sql_mode = ''
      client_flag = 131072
      multi_statements = False
      autocommit = False
      __class__ = MySQLdb.connections.Connection
MySQLdb.OperationalError: (2002, "Can't connect to server on '127.0.0.1' (115)")
Backup failed for Site crm.localhost. Database or site_config.json may be corrupted
Traceback with variables (most recent call last):
  File "apps/frappe/frappe/commands/site.py", line 881, in backup
    odb = scheduled_backup(
      context = CliCtxObj(force=False, profile=False, sites=['crm.localhost'], verbose=True)
      with_files = False
      backup_path = None
      backup_path_db = None
      backup_path_files = None
      backup_path_private_files = None
      backup_path_conf = None
      ignore_backup_conf = False
      verbose = True
      compress = False
      include = ''
      exclude = ''
      old_backup_metadata = False
      scheduled_backup = <function scheduled_backup at 0x7d938532eae0>
      exit_code = 0
      rollback_callback = None
      site = 'crm.localhost'
  File "apps/frappe/frappe/utils/backups.py", line 589, in scheduled_backup
    return new_backup(
      older_than = 6
      ignore_files = True
      backup_path = None
      backup_path_db = None
      backup_path_files = None
      backup_path_private_files = None
      backup_path_conf = None
      ignore_conf = False
      include_doctypes = ''
      exclude_doctypes = ''
      compress = False
      force = True
      verbose = True
      old_backup_metadata = False
      rollback_callback = frappe.utils.CallbackManager()
  File "apps/frappe/frappe/utils/backups.py", line 626, in new_backup
    odb = BackupGenerator(
      older_than = 6
      ignore_files = True
      backup_path = None
      backup_path_db = None
      backup_path_files = None
      backup_path_private_files = None
      backup_path_conf = None
      ignore_conf = False
      include_doctypes = ''
      exclude_doctypes = ''
      compress = False
      force = True
      verbose = True
      old_backup_metadata = False
      rollback_callback = frappe.utils.CallbackManager()
  File "apps/frappe/frappe/utils/backups.py", line 89, in __init__
    self.setup_backup_tables()
      self = frappe.utils.backups.BackupGenerator(backup_path=None, backup_path_conf=None, backup_path_db=None, backup_path_files=None, backup_path_private_files=None, compress_files=False, db_host='127.0.0.1', db_name='_29402e52a87f28e9', db_port=3306, db_socket=None, db_type='mariadb', exclude_doctypes='', ignore_conf=False, include_doctypes='', old_backup_metadata=False, partial=False, password='JYcurQeypTfWeGVA', rollback_callback=frappe.utils.CallbackManager(-), site_slug='crm_localhost', user='_29402e52a87f28e9', verbose=True)
      db_name = '_29402e52a87f28e9'
      user = '_29402e52a87f28e9'
      password = ********
      backup_path = None
      backup_path_db = None
      backup_path_files = None
      backup_path_private_files = None
      db_socket = None
      db_host = '127.0.0.1'
      db_port = 3306
      db_type = 'mariadb'
      backup_path_conf = None
      ignore_conf = False
      compress_files = False
      include_doctypes = ''
      exclude_doctypes = ''
      verbose = True
      old_backup_metadata = False
      rollback_callback = frappe.utils.CallbackManager()
      site = 'crm.localhost'
  File "apps/frappe/frappe/utils/backups.py", line 126, in setup_backup_tables
    self._set_existing_tables()
      self = frappe.utils.backups.BackupGenerator(backup_path=None, backup_path_conf=None, backup_path_db=None, backup_path_files=None, backup_path_private_files=None, compress_files=False, db_host='127.0.0.1', db_name='_29402e52a87f28e9', db_port=3306, db_socket=None, db_type='mariadb', exclude_doctypes='', ignore_conf=False, include_doctypes='', old_backup_metadata=False, partial=False, password='JYcurQeypTfWeGVA', rollback_callback=frappe.utils.CallbackManager(-), site_slug='crm_localhost', user='_29402e52a87f28e9', verbose=True)
  File "apps/frappe/frappe/utils/backups.py", line 122, in _set_existing_tables
    self._existing_tables = frappe.db.get_tables()
      self = frappe.utils.backups.BackupGenerator(backup_path=None, backup_path_conf=None, backup_path_db=None, backup_path_files=None, backup_path_private_files=None, compress_files=False, db_host='127.0.0.1', db_name='_29402e52a87f28e9', db_port=3306, db_socket=None, db_type='mariadb', exclude_doctypes='', ignore_conf=False, include_doctypes='', old_backup_metadata=False, partial=False, password='JYcurQeypTfWeGVA', rollback_callback=frappe.utils.CallbackManager(-), site_slug='crm_localhost', user='_29402e52a87f28e9', verbose=True)
  File "apps/frappe/frappe/database/mariadb/mysqlclient.py", line 518, in get_tables
    .run(pluck=True)
      self = frappe.database.mariadb.mysqlclient.MariaDBDatabase(after_commit=frappe.utils.CallbackManager(-), after_rollback=frappe.utils.CallbackManager(-), auto_commit_on_many_writes=0, before_commit=frappe.utils.CallbackManager(-), before_rollback=frappe.utils.CallbackManager(-), cur_db_name='_29402e52a87f28e9', db_type='mariadb', host='127.0.0.1', logger=<Logger database-crm.localhost (WARNING)>, password='JYcurQeypTfWeGVA', port=3306, socket=None, transaction_writes=0, type_map={'Currency': ('decimal', '21,9'), 'Int': ('int', '11'), 'Long Int': ('bigint', '20'), 'Float': ('decimal', '21,9'), 'Percent': ('decimal', '21,9'), 'Check': ('tinyint', '4'), 'Small Text': ('text', ''), 'Long Text': ('lon...'), 'Color': ('varchar', 140), 'Barcode': ('longtext', ''), 'Geolocation': ('longtext', ''), 'Duration': ('decimal', '21,9'), 'Icon': ('varchar', 140), 'Phone': ('varchar', 140), 'Autocomplete': ('varchar', 140), 'JSON': ('json', '')}, user='_29402e52a87f28e9', value_cache=collections.defaultdict{})
      cached = True
      to_query = True
      tables = None
      information_schema = pypika.queries.Schema()
  File "apps/frappe/frappe/query_builder/utils.py", line 131, in execute_query
    result = frappe.local.db.sql(query, params, *args, **kwargs)  # nosemgrep
      query = 'SELECT `table_name` FROM `information_schema`.`tables` WHERE `table_schema`=%(param1)s'
      args = ()
      kwargs = {'pluck': True}
      dt = None
      fields = []
      child_queries = "_child_queries"
      params = {'param1': '_29402e52a87f28e9'}
  File "apps/frappe/frappe/database/database.py", line 249, in sql
    self.connect()
      self = frappe.database.mariadb.mysqlclient.MariaDBDatabase(after_commit=frappe.utils.CallbackManager(-), after_rollback=frappe.utils.CallbackManager(-), auto_commit_on_many_writes=0, before_commit=frappe.utils.CallbackManager(-), before_rollback=frappe.utils.CallbackManager(-), cur_db_name='_29402e52a87f28e9', db_type='mariadb', host='127.0.0.1', logger=<Logger database-crm.localhost (WARNING)>, password='JYcurQeypTfWeGVA', port=3306, socket=None, transaction_writes=0, type_map={'Currency': ('decimal', '21,9'), 'Int': ('int', '11'), 'Long Int': ('bigint', '20'), 'Float': ('decimal', '21,9'), 'Percent': ('decimal', '21,9'), 'Check': ('tinyint', '4'), 'Small Text': ('text', ''), 'Long Text': ('lon...'), 'Color': ('varchar', 140), 'Barcode': ('longtext', ''), 'Geolocation': ('longtext', ''), 'Duration': ('decimal', '21,9'), 'Icon': ('varchar', 140), 'Phone': ('varchar', 140), 'Autocomplete': ('varchar', 140), 'JSON': ('json', '')}, user='_29402e52a87f28e9', value_cache=collections.defaultdict{})
      query = 'SELECT `table_name` FROM `information_schema`.`tables` WHERE `table_schema`=%(param1)s'
      values = {'param1': '_29402e52a87f28e9'}
      as_dict = 0
      as_list = 0
      debug = False
      ignore_ddl = 0
      auto_commit = 0
      update = None
      explain = False
      run = True
      pluck = True
      as_iterator = False
      query_type = 'select'
  File "apps/frappe/frappe/database/database.py", line 147, in connect
    self.get_connection()
      self = frappe.database.mariadb.mysqlclient.MariaDBDatabase(after_commit=frappe.utils.CallbackManager(-), after_rollback=frappe.utils.CallbackManager(-), auto_commit_on_many_writes=0, before_commit=frappe.utils.CallbackManager(-), before_rollback=frappe.utils.CallbackManager(-), cur_db_name='_29402e52a87f28e9', db_type='mariadb', host='127.0.0.1', logger=<Logger database-crm.localhost (WARNING)>, password='JYcurQeypTfWeGVA', port=3306, socket=None, transaction_writes=0, type_map={'Currency': ('decimal', '21,9'), 'Int': ('int', '11'), 'Long Int': ('bigint', '20'), 'Float': ('decimal', '21,9'), 'Percent': ('decimal', '21,9'), 'Check': ('tinyint', '4'), 'Small Text': ('text', ''), 'Long Text': ('lon...'), 'Color': ('varchar', 140), 'Barcode': ('longtext', ''), 'Geolocation': ('longtext', ''), 'Duration': ('decimal', '21,9'), 'Icon': ('varchar', 140), 'Phone': ('varchar', 140), 'Autocomplete': ('varchar', 140), 'JSON': ('json', '')}, user='_29402e52a87f28e9', value_cache=collections.defaultdict{})
  File "apps/frappe/frappe/database/mariadb/mysqlclient.py", line 109, in get_connection
    conn = self._get_connection()
      self = frappe.database.mariadb.mysqlclient.MariaDBDatabase(after_commit=frappe.utils.CallbackManager(-), after_rollback=frappe.utils.CallbackManager(-), auto_commit_on_many_writes=0, before_commit=frappe.utils.CallbackManager(-), before_rollback=frappe.utils.CallbackManager(-), cur_db_name='_29402e52a87f28e9', db_type='mariadb', host='127.0.0.1', logger=<Logger database-crm.localhost (WARNING)>, password='JYcurQeypTfWeGVA', port=3306, socket=None, transaction_writes=0, type_map={'Currency': ('decimal', '21,9'), 'Int': ('int', '11'), 'Long Int': ('bigint', '20'), 'Float': ('decimal', '21,9'), 'Percent': ('decimal', '21,9'), 'Check': ('tinyint', '4'), 'Small Text': ('text', ''), 'Long Text': ('lon...'), 'Color': ('varchar', 140), 'Barcode': ('longtext', ''), 'Geolocation': ('longtext', ''), 'Duration': ('decimal', '21,9'), 'Icon': ('varchar', 140), 'Phone': ('varchar', 140), 'Autocomplete': ('varchar', 140), 'JSON': ('json', '')}, user='_29402e52a87f28e9', value_cache=collections.defaultdict{})
  File "apps/frappe/frappe/database/mariadb/mysqlclient.py", line 114, in _get_connection
    return self.create_connection()
      self = frappe.database.mariadb.mysqlclient.MariaDBDatabase(after_commit=frappe.utils.CallbackManager(-), after_rollback=frappe.utils.CallbackManager(-), auto_commit_on_many_writes=0, before_commit=frappe.utils.CallbackManager(-), before_rollback=frappe.utils.CallbackManager(-), cur_db_name='_29402e52a87f28e9', db_type='mariadb', host='127.0.0.1', logger=<Logger database-crm.localhost (WARNING)>, password='JYcurQeypTfWeGVA', port=3306, socket=None, transaction_writes=0, type_map={'Currency': ('decimal', '21,9'), 'Int': ('int', '11'), 'Long Int': ('bigint', '20'), 'Float': ('decimal', '21,9'), 'Percent': ('decimal', '21,9'), 'Check': ('tinyint', '4'), 'Small Text': ('text', ''), 'Long Text': ('lon...'), 'Color': ('varchar', 140), 'Barcode': ('longtext', ''), 'Geolocation': ('longtext', ''), 'Duration': ('decimal', '21,9'), 'Icon': ('varchar', 140), 'Phone': ('varchar', 140), 'Autocomplete': ('varchar', 140), 'JSON': ('json', '')}, user='_29402e52a87f28e9', value_cache=collections.defaultdict{})
  File "apps/frappe/frappe/database/mariadb/mysqlclient.py", line 117, in create_connection
    return MySQLdb.connect(**self.get_connection_settings())
      self = frappe.database.mariadb.mysqlclient.MariaDBDatabase(after_commit=frappe.utils.CallbackManager(-), after_rollback=frappe.utils.CallbackManager(-), auto_commit_on_many_writes=0, before_commit=frappe.utils.CallbackManager(-), before_rollback=frappe.utils.CallbackManager(-), cur_db_name='_29402e52a87f28e9', db_type='mariadb', host='127.0.0.1', logger=<Logger database-crm.localhost (WARNING)>, password='JYcurQeypTfWeGVA', port=3306, socket=None, transaction_writes=0, type_map={'Currency': ('decimal', '21,9'), 'Int': ('int', '11'), 'Long Int': ('bigint', '20'), 'Float': ('decimal', '21,9'), 'Percent': ('decimal', '21,9'), 'Check': ('tinyint', '4'), 'Small Text': ('text', ''), 'Long Text': ('lon...'), 'Color': ('varchar', 140), 'Barcode': ('longtext', ''), 'Geolocation': ('longtext', ''), 'Duration': ('decimal', '21,9'), 'Icon': ('varchar', 140), 'Phone': ('varchar', 140), 'Autocomplete': ('varchar', 140), 'JSON': ('json', '')}, user='_29402e52a87f28e9', value_cache=collections.defaultdict{})
  File "env/lib/python3.14/site-packages/MySQLdb/__init__.py", line 121, in Connect
    return Connection(*args, **kwargs)
      args = ()
      kwargs = {'user': '_29402e52a87f28e9', 'conv': {<class 'int'>: <function Thing2Str at 0x7d938460b320>, <class 'float'>: <function Float2Str at 0x7d938460b3d0>, <class 'NoneType'>: <function None2NULL at 0x7d938460b480>, <class 'array.array'>: <function array2Str at 0x7d938460b690>, <class 'bool'>: <function Bool2Str at 0x7d938460b060>, <class 'datetime.date'>: <function Thing2Literal at 0x7d938460b530>, <class 'datetime.datetime'>: <function DateTime2literal at 0x7d938460aa30>, <class 'datetime.timedelta'>: <function escape_timedelta at 0x7d9384459430>, <class 'set'>: <function Set2Str at 0x7d938460b1c0>, <class 'decimal.Decimal'>: <function Decimal2Literal at 0x7d938460b5e0>, 1: <class 'int'>, 2: <c...t'>: <function escape_dict at 0x7d93844594e0>, <class 'frozenset'>: <function escape_frozenset at 0x7d9384609b10>}, 'charset': 'utf8mb4', 'use_unicode': True, 'local_infile': False, 'multi_statements': False, 'database': '_29402e52a87f28e9', 'host': '127.0.0.1', 'port': 3306, 'password': '********'}
      Connection = MySQLdb.connections.Connection
  File "env/lib/python3.14/site-packages/MySQLdb/connections.py", line 200, in __init__
    super().__init__(*args, **kwargs2)
      self = <_mysql.connection open to '(null)' at 0x5f74a4a2ab60>
      args = ()
      kwargs = {'user': '_29402e52a87f28e9', 'conv': {<class 'int'>: <function Thing2Str at 0x7d938460b320>, <class 'float'>: <function Float2Str at 0x7d938460b3d0>, <class 'NoneType'>: <function None2NULL at 0x7d938460b480>, <class 'array.array'>: <function array2Str at 0x7d938460b690>, <class 'bool'>: <function Bool2Str at 0x7d938460b060>, <class 'datetime.date'>: <function Thing2Literal at 0x7d938460b530>, <class 'datetime.datetime'>: <function DateTime2literal at 0x7d938460aa30>, <class 'datetime.timedelta'>: <function escape_timedelta at 0x7d9384459430>, <class 'set'>: <function Set2Str at 0x7d938460b1c0>, <class 'decimal.Decimal'>: <function Decimal2Literal at 0x7d938460b5e0>, 1: <class 'int'>, 2: <c...t'>: <function escape_dict at 0x7d93844594e0>, <class 'frozenset'>: <function escape_frozenset at 0x7d9384609b10>}, 'charset': 'utf8mb4', 'use_unicode': True, 'local_infile': False, 'multi_statements': False, 'database': '_29402e52a87f28e9', 'host': '127.0.0.1', 'port': 3306, 'password': '********'}
      CLIENT = <module 'MySQLdb.constants.CLIENT' from 'env/lib/python3.14/site-packages/MySQLdb/constants/CLIENT.py'>
      FIELD_TYPE = <module 'MySQLdb.constants.FIELD_TYPE' from 'env/lib/python3.14/site-packages/MySQLdb/constants/FIELD_TYPE.py'>
      conversions = {<class 'int'>: <function Thing2Str at 0x7d938460b320>, <class 'float'>: <function Float2Str at 0x7d938460b3d0>, <class 'NoneType'>: <function None2NULL at 0x7d938460b480>, <class 'array.array'>: <function array2Str at 0x7d938460b690>, <class 'bool'>: <function Bool2Str at 0x7d938460b060>, <class 'datetime.date'>: <function Thing2Literal at 0x7d938460b530>, <class 'datetime.datetime'>: <function DateTime2literal at 0x7d938460aa30>, <class 'datetime.timedelta'>: <function DateTimeDelta2literal at 0x7d938460aae0>, <class 'set'>: <function Set2Str at 0x7d938460b1c0>, <class 'decimal.Decimal'>: <function Decimal2Literal at 0x7d938460b5e0>, 1: <class 'int'>, 2: <class 'int'>, 3: <class 'int'>, 4:...r_None at 0x7d938460a770>, 11: <function TimeDelta_or_None at 0x7d938460a820>, 10: <function Date_or_None at 0x7d938460a980>, 249: <class 'bytes'>, 250: <class 'bytes'>, 251: <class 'bytes'>, 252: <class 'bytes'>, 254: <class 'bytes'>, 253: <class 'bytes'>, 15: <class 'bytes'>, 245: <class 'bytes'>}
      _bytes_or_str = ((128, bytes), (None, str))
      kwargs2 = {'user': '_29402e52a87f28e9', 'conv': {<class 'int'>: <function Thing2Str at 0x7d938460b320>, <class 'float'>: <function Float2Str at 0x7d938460b3d0>, <class 'NoneType'>: <function None2NULL at 0x7d938460b480>, <class 'array.array'>: <function array2Str at 0x7d938460b690>, <class 'bool'>: <function Bool2Str at 0x7d938460b060>, <class 'datetime.date'>: <function Thing2Literal at 0x7d938460b530>, <class 'datetime.datetime'>: <function DateTime2literal at 0x7d938460aa30>, <class 'datetime.timedelta'>: <function escape_timedelta at 0x7d9384459430>, <class 'set'>: <function Set2Str at 0x7d938460b1c0>, <class 'decimal.Decimal'>: <function Decimal2Literal at 0x7d938460b5e0>, 1: <class 'int'>, 2: <c...ass 'bytes'>, <class 'dict'>: <function escape_dict at 0x7d93844594e0>, <class 'frozenset'>: <function escape_frozenset at 0x7d9384609b10>}, 'charset': 'utf8mb4', 'local_infile': False, 'database': '_29402e52a87f28e9', 'host': '127.0.0.1', 'port': 3306, 'password': '********', 'client_flag': 131072}
      conv = {<class 'int'>: <function Thing2Str at 0x7d938460b320>, <class 'float'>: <function Float2Str at 0x7d938460b3d0>, <class 'NoneType'>: <function None2NULL at 0x7d938460b480>, <class 'array.array'>: <function array2Str at 0x7d938460b690>, <class 'bool'>: <function Bool2Str at 0x7d938460b060>, <class 'datetime.date'>: <function Thing2Literal at 0x7d938460b530>, <class 'datetime.datetime'>: <function DateTime2literal at 0x7d938460aa30>, <class 'datetime.timedelta'>: <function escape_timedelta at 0x7d9384459430>, <class 'set'>: <function Set2Str at 0x7d938460b1c0>, <class 'decimal.Decimal'>: <function Decimal2Literal at 0x7d938460b5e0>, 1: <class 'int'>, 2: <class 'int'>, 3: <class 'int'>, 4: <cla...249: <class 'bytes'>, 250: <class 'bytes'>, 251: <class 'bytes'>, 252: <class 'bytes'>, 254: <class 'bytes'>, 253: <class 'bytes'>, 15: <class 'bytes'>, 245: <class 'bytes'>, <class 'dict'>: <function escape_dict at 0x7d93844594e0>, <class 'frozenset'>: <function escape_frozenset at 0x7d9384609b10>}
      conv2 = {<class 'int'>: <function Thing2Str at 0x7d938460b320>, <class 'float'>: <function Float2Str at 0x7d938460b3d0>, <class 'NoneType'>: <function None2NULL at 0x7d938460b480>, <class 'array.array'>: <function array2Str at 0x7d938460b690>, <class 'bool'>: <function Bool2Str at 0x7d938460b060>, <class 'datetime.date'>: <function Thing2Literal at 0x7d938460b530>, <class 'datetime.datetime'>: <function DateTime2literal at 0x7d938460aa30>, <class 'datetime.timedelta'>: <function escape_timedelta at 0x7d9384459430>, <class 'set'>: <function Set2Str at 0x7d938460b1c0>, <class 'decimal.Decimal'>: <function Decimal2Literal at 0x7d938460b5e0>, 1: <class 'int'>, 2: <class 'int'>, 3: <class 'int'>, 4: <cla...249: <class 'bytes'>, 250: <class 'bytes'>, 251: <class 'bytes'>, 252: <class 'bytes'>, 254: <class 'bytes'>, 253: <class 'bytes'>, 15: <class 'bytes'>, 245: <class 'bytes'>, <class 'dict'>: <function escape_dict at 0x7d93844594e0>, <class 'frozenset'>: <function escape_frozenset at 0x7d9384609b10>}
      k = frozenset
      v = <function escape_frozenset at 0x7d9384609b10>
      cursorclass = MySQLdb.cursors.Cursor
      charset = 'utf8mb4'
      collation = ''
      use_unicode = True
      sql_mode = ''
      client_flag = 131072
      multi_statements = False
      autocommit = False
      __class__ = MySQLdb.connections.Connection
MySQLdb.OperationalError: (2002, "Can't connect to server on '127.0.0.1' (115)")
Backup failed for Site crm.localhost. Database or site_config.json may be corrupted
Traceback with variables (most recent call last):
  File "apps/frappe/frappe/commands/site.py", line 881, in backup
    odb = scheduled_backup(
      context = CliCtxObj(force=False, profile=False, sites=['crm.localhost'], verbose=True)
      with_files = False
      backup_path = None
      backup_path_db = None
      backup_path_files = None
      backup_path_private_files = None
      backup_path_conf = None
      ignore_backup_conf = False
      verbose = True
      compress = False
      include = ''
      exclude = ''
      old_backup_metadata = False
      scheduled_backup = <function scheduled_backup at 0x7b87b2f2eae0>
      exit_code = 0
      rollback_callback = None
      site = 'crm.localhost'
  File "apps/frappe/frappe/utils/backups.py", line 589, in scheduled_backup
    return new_backup(
      older_than = 6
      ignore_files = True
      backup_path = None
      backup_path_db = None
      backup_path_files = None
      backup_path_private_files = None
      backup_path_conf = None
      ignore_conf = False
      include_doctypes = ''
      exclude_doctypes = ''
      compress = False
      force = True
      verbose = True
      old_backup_metadata = False
      rollback_callback = frappe.utils.CallbackManager()
  File "apps/frappe/frappe/utils/backups.py", line 626, in new_backup
    odb = BackupGenerator(
      older_than = 6
      ignore_files = True
      backup_path = None
      backup_path_db = None
      backup_path_files = None
      backup_path_private_files = None
      backup_path_conf = None
      ignore_conf = False
      include_doctypes = ''
      exclude_doctypes = ''
      compress = False
      force = True
      verbose = True
      old_backup_metadata = False
      rollback_callback = frappe.utils.CallbackManager()
  File "apps/frappe/frappe/utils/backups.py", line 89, in __init__
    self.setup_backup_tables()
      self = frappe.utils.backups.BackupGenerator(backup_path=None, backup_path_conf=None, backup_path_db=None, backup_path_files=None, backup_path_private_files=None, compress_files=False, db_host='127.0.0.1', db_name='_29402e52a87f28e9', db_port=3306, db_socket=None, db_type='mariadb', exclude_doctypes='', ignore_conf=False, include_doctypes='', old_backup_metadata=False, partial=False, password='JYcurQeypTfWeGVA', rollback_callback=frappe.utils.CallbackManager(-), site_slug='crm_localhost', user='_29402e52a87f28e9', verbose=True)
      db_name = '_29402e52a87f28e9'
      user = '_29402e52a87f28e9'
      password = ********
      backup_path = None
      backup_path_db = None
      backup_path_files = None
      backup_path_private_files = None
      db_socket = None
      db_host = '127.0.0.1'
      db_port = 3306
      db_type = 'mariadb'
      backup_path_conf = None
      ignore_conf = False
      compress_files = False
      include_doctypes = ''
      exclude_doctypes = ''
      verbose = True
      old_backup_metadata = False
      rollback_callback = frappe.utils.CallbackManager()
      site = 'crm.localhost'
  File "apps/frappe/frappe/utils/backups.py", line 126, in setup_backup_tables
    self._set_existing_tables()
      self = frappe.utils.backups.BackupGenerator(backup_path=None, backup_path_conf=None, backup_path_db=None, backup_path_files=None, backup_path_private_files=None, compress_files=False, db_host='127.0.0.1', db_name='_29402e52a87f28e9', db_port=3306, db_socket=None, db_type='mariadb', exclude_doctypes='', ignore_conf=False, include_doctypes='', old_backup_metadata=False, partial=False, password='JYcurQeypTfWeGVA', rollback_callback=frappe.utils.CallbackManager(-), site_slug='crm_localhost', user='_29402e52a87f28e9', verbose=True)
  File "apps/frappe/frappe/utils/backups.py", line 122, in _set_existing_tables
    self._existing_tables = frappe.db.get_tables()
      self = frappe.utils.backups.BackupGenerator(backup_path=None, backup_path_conf=None, backup_path_db=None, backup_path_files=None, backup_path_private_files=None, compress_files=False, db_host='127.0.0.1', db_name='_29402e52a87f28e9', db_port=3306, db_socket=None, db_type='mariadb', exclude_doctypes='', ignore_conf=False, include_doctypes='', old_backup_metadata=False, partial=False, password='JYcurQeypTfWeGVA', rollback_callback=frappe.utils.CallbackManager(-), site_slug='crm_localhost', user='_29402e52a87f28e9', verbose=True)
  File "apps/frappe/frappe/database/mariadb/mysqlclient.py", line 518, in get_tables
    .run(pluck=True)
      self = frappe.database.mariadb.mysqlclient.MariaDBDatabase(after_commit=frappe.utils.CallbackManager(-), after_rollback=frappe.utils.CallbackManager(-), auto_commit_on_many_writes=0, before_commit=frappe.utils.CallbackManager(-), before_rollback=frappe.utils.CallbackManager(-), cur_db_name='_29402e52a87f28e9', db_type='mariadb', host='127.0.0.1', logger=<Logger database-crm.localhost (WARNING)>, password='JYcurQeypTfWeGVA', port=3306, socket=None, transaction_writes=0, type_map={'Currency': ('decimal', '21,9'), 'Int': ('int', '11'), 'Long Int': ('bigint', '20'), 'Float': ('decimal', '21,9'), 'Percent': ('decimal', '21,9'), 'Check': ('tinyint', '4'), 'Small Text': ('text', ''), 'Long Text': ('lon...'), 'Color': ('varchar', 140), 'Barcode': ('longtext', ''), 'Geolocation': ('longtext', ''), 'Duration': ('decimal', '21,9'), 'Icon': ('varchar', 140), 'Phone': ('varchar', 140), 'Autocomplete': ('varchar', 140), 'JSON': ('json', '')}, user='_29402e52a87f28e9', value_cache=collections.defaultdict{})
      cached = True
      to_query = True
      tables = None
      information_schema = pypika.queries.Schema()
  File "apps/frappe/frappe/query_builder/utils.py", line 131, in execute_query
    result = frappe.local.db.sql(query, params, *args, **kwargs)  # nosemgrep
      query = 'SELECT `table_name` FROM `information_schema`.`tables` WHERE `table_schema`=%(param1)s'
      args = ()
      kwargs = {'pluck': True}
      dt = None
      fields = []
      child_queries = "_child_queries"
      params = {'param1': '_29402e52a87f28e9'}
  File "apps/frappe/frappe/database/database.py", line 249, in sql
    self.connect()
      self = frappe.database.mariadb.mysqlclient.MariaDBDatabase(after_commit=frappe.utils.CallbackManager(-), after_rollback=frappe.utils.CallbackManager(-), auto_commit_on_many_writes=0, before_commit=frappe.utils.CallbackManager(-), before_rollback=frappe.utils.CallbackManager(-), cur_db_name='_29402e52a87f28e9', db_type='mariadb', host='127.0.0.1', logger=<Logger database-crm.localhost (WARNING)>, password='JYcurQeypTfWeGVA', port=3306, socket=None, transaction_writes=0, type_map={'Currency': ('decimal', '21,9'), 'Int': ('int', '11'), 'Long Int': ('bigint', '20'), 'Float': ('decimal', '21,9'), 'Percent': ('decimal', '21,9'), 'Check': ('tinyint', '4'), 'Small Text': ('text', ''), 'Long Text': ('lon...'), 'Color': ('varchar', 140), 'Barcode': ('longtext', ''), 'Geolocation': ('longtext', ''), 'Duration': ('decimal', '21,9'), 'Icon': ('varchar', 140), 'Phone': ('varchar', 140), 'Autocomplete': ('varchar', 140), 'JSON': ('json', '')}, user='_29402e52a87f28e9', value_cache=collections.defaultdict{})
      query = 'SELECT `table_name` FROM `information_schema`.`tables` WHERE `table_schema`=%(param1)s'
      values = {'param1': '_29402e52a87f28e9'}
      as_dict = 0
      as_list = 0
      debug = False
      ignore_ddl = 0
      auto_commit = 0
      update = None
      explain = False
      run = True
      pluck = True
      as_iterator = False
      query_type = 'select'
  File "apps/frappe/frappe/database/database.py", line 147, in connect
    self.get_connection()
      self = frappe.database.mariadb.mysqlclient.MariaDBDatabase(after_commit=frappe.utils.CallbackManager(-), after_rollback=frappe.utils.CallbackManager(-), auto_commit_on_many_writes=0, before_commit=frappe.utils.CallbackManager(-), before_rollback=frappe.utils.CallbackManager(-), cur_db_name='_29402e52a87f28e9', db_type='mariadb', host='127.0.0.1', logger=<Logger database-crm.localhost (WARNING)>, password='JYcurQeypTfWeGVA', port=3306, socket=None, transaction_writes=0, type_map={'Currency': ('decimal', '21,9'), 'Int': ('int', '11'), 'Long Int': ('bigint', '20'), 'Float': ('decimal', '21,9'), 'Percent': ('decimal', '21,9'), 'Check': ('tinyint', '4'), 'Small Text': ('text', ''), 'Long Text': ('lon...'), 'Color': ('varchar', 140), 'Barcode': ('longtext', ''), 'Geolocation': ('longtext', ''), 'Duration': ('decimal', '21,9'), 'Icon': ('varchar', 140), 'Phone': ('varchar', 140), 'Autocomplete': ('varchar', 140), 'JSON': ('json', '')}, user='_29402e52a87f28e9', value_cache=collections.defaultdict{})
  File "apps/frappe/frappe/database/mariadb/mysqlclient.py", line 109, in get_connection
    conn = self._get_connection()
      self = frappe.database.mariadb.mysqlclient.MariaDBDatabase(after_commit=frappe.utils.CallbackManager(-), after_rollback=frappe.utils.CallbackManager(-), auto_commit_on_many_writes=0, before_commit=frappe.utils.CallbackManager(-), before_rollback=frappe.utils.CallbackManager(-), cur_db_name='_29402e52a87f28e9', db_type='mariadb', host='127.0.0.1', logger=<Logger database-crm.localhost (WARNING)>, password='JYcurQeypTfWeGVA', port=3306, socket=None, transaction_writes=0, type_map={'Currency': ('decimal', '21,9'), 'Int': ('int', '11'), 'Long Int': ('bigint', '20'), 'Float': ('decimal', '21,9'), 'Percent': ('decimal', '21,9'), 'Check': ('tinyint', '4'), 'Small Text': ('text', ''), 'Long Text': ('lon...'), 'Color': ('varchar', 140), 'Barcode': ('longtext', ''), 'Geolocation': ('longtext', ''), 'Duration': ('decimal', '21,9'), 'Icon': ('varchar', 140), 'Phone': ('varchar', 140), 'Autocomplete': ('varchar', 140), 'JSON': ('json', '')}, user='_29402e52a87f28e9', value_cache=collections.defaultdict{})
  File "apps/frappe/frappe/database/mariadb/mysqlclient.py", line 114, in _get_connection
    return self.create_connection()
      self = frappe.database.mariadb.mysqlclient.MariaDBDatabase(after_commit=frappe.utils.CallbackManager(-), after_rollback=frappe.utils.CallbackManager(-), auto_commit_on_many_writes=0, before_commit=frappe.utils.CallbackManager(-), before_rollback=frappe.utils.CallbackManager(-), cur_db_name='_29402e52a87f28e9', db_type='mariadb', host='127.0.0.1', logger=<Logger database-crm.localhost (WARNING)>, password='JYcurQeypTfWeGVA', port=3306, socket=None, transaction_writes=0, type_map={'Currency': ('decimal', '21,9'), 'Int': ('int', '11'), 'Long Int': ('bigint', '20'), 'Float': ('decimal', '21,9'), 'Percent': ('decimal', '21,9'), 'Check': ('tinyint', '4'), 'Small Text': ('text', ''), 'Long Text': ('lon...'), 'Color': ('varchar', 140), 'Barcode': ('longtext', ''), 'Geolocation': ('longtext', ''), 'Duration': ('decimal', '21,9'), 'Icon': ('varchar', 140), 'Phone': ('varchar', 140), 'Autocomplete': ('varchar', 140), 'JSON': ('json', '')}, user='_29402e52a87f28e9', value_cache=collections.defaultdict{})
  File "apps/frappe/frappe/database/mariadb/mysqlclient.py", line 117, in create_connection
    return MySQLdb.connect(**self.get_connection_settings())
      self = frappe.database.mariadb.mysqlclient.MariaDBDatabase(after_commit=frappe.utils.CallbackManager(-), after_rollback=frappe.utils.CallbackManager(-), auto_commit_on_many_writes=0, before_commit=frappe.utils.CallbackManager(-), before_rollback=frappe.utils.CallbackManager(-), cur_db_name='_29402e52a87f28e9', db_type='mariadb', host='127.0.0.1', logger=<Logger database-crm.localhost (WARNING)>, password='JYcurQeypTfWeGVA', port=3306, socket=None, transaction_writes=0, type_map={'Currency': ('decimal', '21,9'), 'Int': ('int', '11'), 'Long Int': ('bigint', '20'), 'Float': ('decimal', '21,9'), 'Percent': ('decimal', '21,9'), 'Check': ('tinyint', '4'), 'Small Text': ('text', ''), 'Long Text': ('lon...'), 'Color': ('varchar', 140), 'Barcode': ('longtext', ''), 'Geolocation': ('longtext', ''), 'Duration': ('decimal', '21,9'), 'Icon': ('varchar', 140), 'Phone': ('varchar', 140), 'Autocomplete': ('varchar', 140), 'JSON': ('json', '')}, user='_29402e52a87f28e9', value_cache=collections.defaultdict{})
  File "env/lib/python3.14/site-packages/MySQLdb/__init__.py", line 121, in Connect
    return Connection(*args, **kwargs)
      args = ()
      kwargs = {'user': '_29402e52a87f28e9', 'conv': {<class 'int'>: <function Thing2Str at 0x7b87b2ceb320>, <class 'float'>: <function Float2Str at 0x7b87b2ceb3d0>, <class 'NoneType'>: <function None2NULL at 0x7b87b2ceb480>, <class 'array.array'>: <function array2Str at 0x7b87b2ceb690>, <class 'bool'>: <function Bool2Str at 0x7b87b2ceb060>, <class 'datetime.date'>: <function Thing2Literal at 0x7b87b2ceb530>, <class 'datetime.datetime'>: <function DateTime2literal at 0x7b87b2ceaa30>, <class 'datetime.timedelta'>: <function escape_timedelta at 0x7b87b2b39430>, <class 'set'>: <function Set2Str at 0x7b87b2ceb1c0>, <class 'decimal.Decimal'>: <function Decimal2Literal at 0x7b87b2ceb5e0>, 1: <class 'int'>, 2: <c...t'>: <function escape_dict at 0x7b87b2b394e0>, <class 'frozenset'>: <function escape_frozenset at 0x7b87b2ce9b10>}, 'charset': 'utf8mb4', 'use_unicode': True, 'local_infile': False, 'multi_statements': False, 'database': '_29402e52a87f28e9', 'host': '127.0.0.1', 'port': 3306, 'password': '********'}
      Connection = MySQLdb.connections.Connection
  File "env/lib/python3.14/site-packages/MySQLdb/connections.py", line 200, in __init__
    super().__init__(*args, **kwargs2)
      self = <_mysql.connection open to '(null)' at 0x63f41532db60>
      args = ()
      kwargs = {'user': '_29402e52a87f28e9', 'conv': {<class 'int'>: <function Thing2Str at 0x7b87b2ceb320>, <class 'float'>: <function Float2Str at 0x7b87b2ceb3d0>, <class 'NoneType'>: <function None2NULL at 0x7b87b2ceb480>, <class 'array.array'>: <function array2Str at 0x7b87b2ceb690>, <class 'bool'>: <function Bool2Str at 0x7b87b2ceb060>, <class 'datetime.date'>: <function Thing2Literal at 0x7b87b2ceb530>, <class 'datetime.datetime'>: <function DateTime2literal at 0x7b87b2ceaa30>, <class 'datetime.timedelta'>: <function escape_timedelta at 0x7b87b2b39430>, <class 'set'>: <function Set2Str at 0x7b87b2ceb1c0>, <class 'decimal.Decimal'>: <function Decimal2Literal at 0x7b87b2ceb5e0>, 1: <class 'int'>, 2: <c...t'>: <function escape_dict at 0x7b87b2b394e0>, <class 'frozenset'>: <function escape_frozenset at 0x7b87b2ce9b10>}, 'charset': 'utf8mb4', 'use_unicode': True, 'local_infile': False, 'multi_statements': False, 'database': '_29402e52a87f28e9', 'host': '127.0.0.1', 'port': 3306, 'password': '********'}
      CLIENT = <module 'MySQLdb.constants.CLIENT' from 'env/lib/python3.14/site-packages/MySQLdb/constants/CLIENT.py'>
      FIELD_TYPE = <module 'MySQLdb.constants.FIELD_TYPE' from 'env/lib/python3.14/site-packages/MySQLdb/constants/FIELD_TYPE.py'>
      conversions = {<class 'int'>: <function Thing2Str at 0x7b87b2ceb320>, <class 'float'>: <function Float2Str at 0x7b87b2ceb3d0>, <class 'NoneType'>: <function None2NULL at 0x7b87b2ceb480>, <class 'array.array'>: <function array2Str at 0x7b87b2ceb690>, <class 'bool'>: <function Bool2Str at 0x7b87b2ceb060>, <class 'datetime.date'>: <function Thing2Literal at 0x7b87b2ceb530>, <class 'datetime.datetime'>: <function DateTime2literal at 0x7b87b2ceaa30>, <class 'datetime.timedelta'>: <function DateTimeDelta2literal at 0x7b87b2ceaae0>, <class 'set'>: <function Set2Str at 0x7b87b2ceb1c0>, <class 'decimal.Decimal'>: <function Decimal2Literal at 0x7b87b2ceb5e0>, 1: <class 'int'>, 2: <class 'int'>, 3: <class 'int'>, 4:...r_None at 0x7b87b2cea770>, 11: <function TimeDelta_or_None at 0x7b87b2cea820>, 10: <function Date_or_None at 0x7b87b2cea980>, 249: <class 'bytes'>, 250: <class 'bytes'>, 251: <class 'bytes'>, 252: <class 'bytes'>, 254: <class 'bytes'>, 253: <class 'bytes'>, 15: <class 'bytes'>, 245: <class 'bytes'>}
      _bytes_or_str = ((128, bytes), (None, str))
      kwargs2 = {'user': '_29402e52a87f28e9', 'conv': {<class 'int'>: <function Thing2Str at 0x7b87b2ceb320>, <class 'float'>: <function Float2Str at 0x7b87b2ceb3d0>, <class 'NoneType'>: <function None2NULL at 0x7b87b2ceb480>, <class 'array.array'>: <function array2Str at 0x7b87b2ceb690>, <class 'bool'>: <function Bool2Str at 0x7b87b2ceb060>, <class 'datetime.date'>: <function Thing2Literal at 0x7b87b2ceb530>, <class 'datetime.datetime'>: <function DateTime2literal at 0x7b87b2ceaa30>, <class 'datetime.timedelta'>: <function escape_timedelta at 0x7b87b2b39430>, <class 'set'>: <function Set2Str at 0x7b87b2ceb1c0>, <class 'decimal.Decimal'>: <function Decimal2Literal at 0x7b87b2ceb5e0>, 1: <class 'int'>, 2: <c...ass 'bytes'>, <class 'dict'>: <function escape_dict at 0x7b87b2b394e0>, <class 'frozenset'>: <function escape_frozenset at 0x7b87b2ce9b10>}, 'charset': 'utf8mb4', 'local_infile': False, 'database': '_29402e52a87f28e9', 'host': '127.0.0.1', 'port': 3306, 'password': '********', 'client_flag': 131072}
      conv = {<class 'int'>: <function Thing2Str at 0x7b87b2ceb320>, <class 'float'>: <function Float2Str at 0x7b87b2ceb3d0>, <class 'NoneType'>: <function None2NULL at 0x7b87b2ceb480>, <class 'array.array'>: <function array2Str at 0x7b87b2ceb690>, <class 'bool'>: <function Bool2Str at 0x7b87b2ceb060>, <class 'datetime.date'>: <function Thing2Literal at 0x7b87b2ceb530>, <class 'datetime.datetime'>: <function DateTime2literal at 0x7b87b2ceaa30>, <class 'datetime.timedelta'>: <function escape_timedelta at 0x7b87b2b39430>, <class 'set'>: <function Set2Str at 0x7b87b2ceb1c0>, <class 'decimal.Decimal'>: <function Decimal2Literal at 0x7b87b2ceb5e0>, 1: <class 'int'>, 2: <class 'int'>, 3: <class 'int'>, 4: <cla...249: <class 'bytes'>, 250: <class 'bytes'>, 251: <class 'bytes'>, 252: <class 'bytes'>, 254: <class 'bytes'>, 253: <class 'bytes'>, 15: <class 'bytes'>, 245: <class 'bytes'>, <class 'dict'>: <function escape_dict at 0x7b87b2b394e0>, <class 'frozenset'>: <function escape_frozenset at 0x7b87b2ce9b10>}
      conv2 = {<class 'int'>: <function Thing2Str at 0x7b87b2ceb320>, <class 'float'>: <function Float2Str at 0x7b87b2ceb3d0>, <class 'NoneType'>: <function None2NULL at 0x7b87b2ceb480>, <class 'array.array'>: <function array2Str at 0x7b87b2ceb690>, <class 'bool'>: <function Bool2Str at 0x7b87b2ceb060>, <class 'datetime.date'>: <function Thing2Literal at 0x7b87b2ceb530>, <class 'datetime.datetime'>: <function DateTime2literal at 0x7b87b2ceaa30>, <class 'datetime.timedelta'>: <function escape_timedelta at 0x7b87b2b39430>, <class 'set'>: <function Set2Str at 0x7b87b2ceb1c0>, <class 'decimal.Decimal'>: <function Decimal2Literal at 0x7b87b2ceb5e0>, 1: <class 'int'>, 2: <class 'int'>, 3: <class 'int'>, 4: <cla...249: <class 'bytes'>, 250: <class 'bytes'>, 251: <class 'bytes'>, 252: <class 'bytes'>, 254: <class 'bytes'>, 253: <class 'bytes'>, 15: <class 'bytes'>, 245: <class 'bytes'>, <class 'dict'>: <function escape_dict at 0x7b87b2b394e0>, <class 'frozenset'>: <function escape_frozenset at 0x7b87b2ce9b10>}
      k = frozenset
      v = <function escape_frozenset at 0x7b87b2ce9b10>
      cursorclass = MySQLdb.cursors.Cursor
      charset = 'utf8mb4'
      collation = ''
      use_unicode = True
      sql_mode = ''
      client_flag = 131072
      multi_statements = False
      autocommit = False
      __class__ = MySQLdb.connections.Connection
MySQLdb.OperationalError: (2002, "Can't connect to server on '127.0.0.1' (115)")
Backup failed for Site crm.localhost. Database or site_config.json may be corrupted
Traceback with variables (most recent call last):
  File "apps/frappe/frappe/commands/site.py", line 881, in backup
    odb = scheduled_backup(
      context = CliCtxObj(force=False, profile=False, sites=['crm.localhost'], verbose=True)
      with_files = False
      backup_path = None
      backup_path_db = None
      backup_path_files = None
      backup_path_private_files = None
      backup_path_conf = None
      ignore_backup_conf = False
      verbose = True
      compress = False
      include = ''
      exclude = ''
      old_backup_metadata = False
      scheduled_backup = <function scheduled_backup at 0x7f53392daae0>
      exit_code = 0
      rollback_callback = None
      site = 'crm.localhost'
  File "apps/frappe/frappe/utils/backups.py", line 589, in scheduled_backup
    return new_backup(
      older_than = 6
      ignore_files = True
      backup_path = None
      backup_path_db = None
      backup_path_files = None
      backup_path_private_files = None
      backup_path_conf = None
      ignore_conf = False
      include_doctypes = ''
      exclude_doctypes = ''
      compress = False
      force = True
      verbose = True
      old_backup_metadata = False
      rollback_callback = frappe.utils.CallbackManager()
  File "apps/frappe/frappe/utils/backups.py", line 626, in new_backup
    odb = BackupGenerator(
      older_than = 6
      ignore_files = True
      backup_path = None
      backup_path_db = None
      backup_path_files = None
      backup_path_private_files = None
      backup_path_conf = None
      ignore_conf = False
      include_doctypes = ''
      exclude_doctypes = ''
      compress = False
      force = True
      verbose = True
      old_backup_metadata = False
      rollback_callback = frappe.utils.CallbackManager()
  File "apps/frappe/frappe/utils/backups.py", line 89, in __init__
    self.setup_backup_tables()
      self = frappe.utils.backups.BackupGenerator(backup_path=None, backup_path_conf=None, backup_path_db=None, backup_path_files=None, backup_path_private_files=None, compress_files=False, db_host='127.0.0.1', db_name='_29402e52a87f28e9', db_port=3306, db_socket=None, db_type='mariadb', exclude_doctypes='', ignore_conf=False, include_doctypes='', old_backup_metadata=False, partial=False, password='JYcurQeypTfWeGVA', rollback_callback=frappe.utils.CallbackManager(-), site_slug='crm_localhost', user='_29402e52a87f28e9', verbose=True)
      db_name = '_29402e52a87f28e9'
      user = '_29402e52a87f28e9'
      password = ********
      backup_path = None
      backup_path_db = None
      backup_path_files = None
      backup_path_private_files = None
      db_socket = None
      db_host = '127.0.0.1'
      db_port = 3306
      db_type = 'mariadb'
      backup_path_conf = None
      ignore_conf = False
      compress_files = False
      include_doctypes = ''
      exclude_doctypes = ''
      verbose = True
      old_backup_metadata = False
      rollback_callback = frappe.utils.CallbackManager()
      site = 'crm.localhost'
  File "apps/frappe/frappe/utils/backups.py", line 126, in setup_backup_tables
    self._set_existing_tables()
      self = frappe.utils.backups.BackupGenerator(backup_path=None, backup_path_conf=None, backup_path_db=None, backup_path_files=None, backup_path_private_files=None, compress_files=False, db_host='127.0.0.1', db_name='_29402e52a87f28e9', db_port=3306, db_socket=None, db_type='mariadb', exclude_doctypes='', ignore_conf=False, include_doctypes='', old_backup_metadata=False, partial=False, password='JYcurQeypTfWeGVA', rollback_callback=frappe.utils.CallbackManager(-), site_slug='crm_localhost', user='_29402e52a87f28e9', verbose=True)
  File "apps/frappe/frappe/utils/backups.py", line 122, in _set_existing_tables
    self._existing_tables = frappe.db.get_tables()
      self = frappe.utils.backups.BackupGenerator(backup_path=None, backup_path_conf=None, backup_path_db=None, backup_path_files=None, backup_path_private_files=None, compress_files=False, db_host='127.0.0.1', db_name='_29402e52a87f28e9', db_port=3306, db_socket=None, db_type='mariadb', exclude_doctypes='', ignore_conf=False, include_doctypes='', old_backup_metadata=False, partial=False, password='JYcurQeypTfWeGVA', rollback_callback=frappe.utils.CallbackManager(-), site_slug='crm_localhost', user='_29402e52a87f28e9', verbose=True)
  File "apps/frappe/frappe/database/mariadb/mysqlclient.py", line 518, in get_tables
    .run(pluck=True)
      self = frappe.database.mariadb.mysqlclient.MariaDBDatabase(after_commit=frappe.utils.CallbackManager(-), after_rollback=frappe.utils.CallbackManager(-), auto_commit_on_many_writes=0, before_commit=frappe.utils.CallbackManager(-), before_rollback=frappe.utils.CallbackManager(-), cur_db_name='_29402e52a87f28e9', db_type='mariadb', host='127.0.0.1', logger=<Logger database-crm.localhost (WARNING)>, password='JYcurQeypTfWeGVA', port=3306, socket=None, transaction_writes=0, type_map={'Currency': ('decimal', '21,9'), 'Int': ('int', '11'), 'Long Int': ('bigint', '20'), 'Float': ('decimal', '21,9'), 'Percent': ('decimal', '21,9'), 'Check': ('tinyint', '4'), 'Small Text': ('text', ''), 'Long Text': ('lon...'), 'Color': ('varchar', 140), 'Barcode': ('longtext', ''), 'Geolocation': ('longtext', ''), 'Duration': ('decimal', '21,9'), 'Icon': ('varchar', 140), 'Phone': ('varchar', 140), 'Autocomplete': ('varchar', 140), 'JSON': ('json', '')}, user='_29402e52a87f28e9', value_cache=collections.defaultdict{})
      cached = True
      to_query = True
      tables = None
      information_schema = pypika.queries.Schema()
  File "apps/frappe/frappe/query_builder/utils.py", line 131, in execute_query
    result = frappe.local.db.sql(query, params, *args, **kwargs)  # nosemgrep
      query = 'SELECT `table_name` FROM `information_schema`.`tables` WHERE `table_schema`=%(param1)s'
      args = ()
      kwargs = {'pluck': True}
      dt = None
      fields = []
      child_queries = "_child_queries"
      params = {'param1': '_29402e52a87f28e9'}
  File "apps/frappe/frappe/database/database.py", line 249, in sql
    self.connect()
      self = frappe.database.mariadb.mysqlclient.MariaDBDatabase(after_commit=frappe.utils.CallbackManager(-), after_rollback=frappe.utils.CallbackManager(-), auto_commit_on_many_writes=0, before_commit=frappe.utils.CallbackManager(-), before_rollback=frappe.utils.CallbackManager(-), cur_db_name='_29402e52a87f28e9', db_type='mariadb', host='127.0.0.1', logger=<Logger database-crm.localhost (WARNING)>, password='JYcurQeypTfWeGVA', port=3306, socket=None, transaction_writes=0, type_map={'Currency': ('decimal', '21,9'), 'Int': ('int', '11'), 'Long Int': ('bigint', '20'), 'Float': ('decimal', '21,9'), 'Percent': ('decimal', '21,9'), 'Check': ('tinyint', '4'), 'Small Text': ('text', ''), 'Long Text': ('lon...'), 'Color': ('varchar', 140), 'Barcode': ('longtext', ''), 'Geolocation': ('longtext', ''), 'Duration': ('decimal', '21,9'), 'Icon': ('varchar', 140), 'Phone': ('varchar', 140), 'Autocomplete': ('varchar', 140), 'JSON': ('json', '')}, user='_29402e52a87f28e9', value_cache=collections.defaultdict{})
      query = 'SELECT `table_name` FROM `information_schema`.`tables` WHERE `table_schema`=%(param1)s'
      values = {'param1': '_29402e52a87f28e9'}
      as_dict = 0
      as_list = 0
      debug = False
      ignore_ddl = 0
      auto_commit = 0
      update = None
      explain = False
      run = True
      pluck = True
      as_iterator = False
      query_type = 'select'
  File "apps/frappe/frappe/database/database.py", line 147, in connect
    self.get_connection()
      self = frappe.database.mariadb.mysqlclient.MariaDBDatabase(after_commit=frappe.utils.CallbackManager(-), after_rollback=frappe.utils.CallbackManager(-), auto_commit_on_many_writes=0, before_commit=frappe.utils.CallbackManager(-), before_rollback=frappe.utils.CallbackManager(-), cur_db_name='_29402e52a87f28e9', db_type='mariadb', host='127.0.0.1', logger=<Logger database-crm.localhost (WARNING)>, password='JYcurQeypTfWeGVA', port=3306, socket=None, transaction_writes=0, type_map={'Currency': ('decimal', '21,9'), 'Int': ('int', '11'), 'Long Int': ('bigint', '20'), 'Float': ('decimal', '21,9'), 'Percent': ('decimal', '21,9'), 'Check': ('tinyint', '4'), 'Small Text': ('text', ''), 'Long Text': ('lon...'), 'Color': ('varchar', 140), 'Barcode': ('longtext', ''), 'Geolocation': ('longtext', ''), 'Duration': ('decimal', '21,9'), 'Icon': ('varchar', 140), 'Phone': ('varchar', 140), 'Autocomplete': ('varchar', 140), 'JSON': ('json', '')}, user='_29402e52a87f28e9', value_cache=collections.defaultdict{})
  File "apps/frappe/frappe/database/mariadb/mysqlclient.py", line 109, in get_connection
    conn = self._get_connection()
      self = frappe.database.mariadb.mysqlclient.MariaDBDatabase(after_commit=frappe.utils.CallbackManager(-), after_rollback=frappe.utils.CallbackManager(-), auto_commit_on_many_writes=0, before_commit=frappe.utils.CallbackManager(-), before_rollback=frappe.utils.CallbackManager(-), cur_db_name='_29402e52a87f28e9', db_type='mariadb', host='127.0.0.1', logger=<Logger database-crm.localhost (WARNING)>, password='JYcurQeypTfWeGVA', port=3306, socket=None, transaction_writes=0, type_map={'Currency': ('decimal', '21,9'), 'Int': ('int', '11'), 'Long Int': ('bigint', '20'), 'Float': ('decimal', '21,9'), 'Percent': ('decimal', '21,9'), 'Check': ('tinyint', '4'), 'Small Text': ('text', ''), 'Long Text': ('lon...'), 'Color': ('varchar', 140), 'Barcode': ('longtext', ''), 'Geolocation': ('longtext', ''), 'Duration': ('decimal', '21,9'), 'Icon': ('varchar', 140), 'Phone': ('varchar', 140), 'Autocomplete': ('varchar', 140), 'JSON': ('json', '')}, user='_29402e52a87f28e9', value_cache=collections.defaultdict{})
  File "apps/frappe/frappe/database/mariadb/mysqlclient.py", line 114, in _get_connection
    return self.create_connection()
      self = frappe.database.mariadb.mysqlclient.MariaDBDatabase(after_commit=frappe.utils.CallbackManager(-), after_rollback=frappe.utils.CallbackManager(-), auto_commit_on_many_writes=0, before_commit=frappe.utils.CallbackManager(-), before_rollback=frappe.utils.CallbackManager(-), cur_db_name='_29402e52a87f28e9', db_type='mariadb', host='127.0.0.1', logger=<Logger database-crm.localhost (WARNING)>, password='JYcurQeypTfWeGVA', port=3306, socket=None, transaction_writes=0, type_map={'Currency': ('decimal', '21,9'), 'Int': ('int', '11'), 'Long Int': ('bigint', '20'), 'Float': ('decimal', '21,9'), 'Percent': ('decimal', '21,9'), 'Check': ('tinyint', '4'), 'Small Text': ('text', ''), 'Long Text': ('lon...'), 'Color': ('varchar', 140), 'Barcode': ('longtext', ''), 'Geolocation': ('longtext', ''), 'Duration': ('decimal', '21,9'), 'Icon': ('varchar', 140), 'Phone': ('varchar', 140), 'Autocomplete': ('varchar', 140), 'JSON': ('json', '')}, user='_29402e52a87f28e9', value_cache=collections.defaultdict{})
  File "apps/frappe/frappe/database/mariadb/mysqlclient.py", line 117, in create_connection
    return MySQLdb.connect(**self.get_connection_settings())
      self = frappe.database.mariadb.mysqlclient.MariaDBDatabase(after_commit=frappe.utils.CallbackManager(-), after_rollback=frappe.utils.CallbackManager(-), auto_commit_on_many_writes=0, before_commit=frappe.utils.CallbackManager(-), before_rollback=frappe.utils.CallbackManager(-), cur_db_name='_29402e52a87f28e9', db_type='mariadb', host='127.0.0.1', logger=<Logger database-crm.localhost (WARNING)>, password='JYcurQeypTfWeGVA', port=3306, socket=None, transaction_writes=0, type_map={'Currency': ('decimal', '21,9'), 'Int': ('int', '11'), 'Long Int': ('bigint', '20'), 'Float': ('decimal', '21,9'), 'Percent': ('decimal', '21,9'), 'Check': ('tinyint', '4'), 'Small Text': ('text', ''), 'Long Text': ('lon...'), 'Color': ('varchar', 140), 'Barcode': ('longtext', ''), 'Geolocation': ('longtext', ''), 'Duration': ('decimal', '21,9'), 'Icon': ('varchar', 140), 'Phone': ('varchar', 140), 'Autocomplete': ('varchar', 140), 'JSON': ('json', '')}, user='_29402e52a87f28e9', value_cache=collections.defaultdict{})
  File "env/lib/python3.14/site-packages/MySQLdb/__init__.py", line 121, in Connect
    return Connection(*args, **kwargs)
      args = ()
      kwargs = {'user': '_29402e52a87f28e9', 'conv': {<class 'int'>: <function Thing2Str at 0x7f53385f3320>, <class 'float'>: <function Float2Str at 0x7f53385f33d0>, <class 'NoneType'>: <function None2NULL at 0x7f53385f3480>, <class 'array.array'>: <function array2Str at 0x7f53385f3690>, <class 'bool'>: <function Bool2Str at 0x7f53385f3060>, <class 'datetime.date'>: <function Thing2Literal at 0x7f53385f3530>, <class 'datetime.datetime'>: <function DateTime2literal at 0x7f53385f2a30>, <class 'datetime.timedelta'>: <function escape_timedelta at 0x7f533843d430>, <class 'set'>: <function Set2Str at 0x7f53385f31c0>, <class 'decimal.Decimal'>: <function Decimal2Literal at 0x7f53385f35e0>, 1: <class 'int'>, 2: <c...t'>: <function escape_dict at 0x7f533843d4e0>, <class 'frozenset'>: <function escape_frozenset at 0x7f53385f1b10>}, 'charset': 'utf8mb4', 'use_unicode': True, 'local_infile': False, 'multi_statements': False, 'database': '_29402e52a87f28e9', 'host': '127.0.0.1', 'port': 3306, 'password': '********'}
      Connection = MySQLdb.connections.Connection
  File "env/lib/python3.14/site-packages/MySQLdb/connections.py", line 200, in __init__
    super().__init__(*args, **kwargs2)
      self = <_mysql.connection open to '(null)' at 0x5cde3efaa780>
      args = ()
      kwargs = {'user': '_29402e52a87f28e9', 'conv': {<class 'int'>: <function Thing2Str at 0x7f53385f3320>, <class 'float'>: <function Float2Str at 0x7f53385f33d0>, <class 'NoneType'>: <function None2NULL at 0x7f53385f3480>, <class 'array.array'>: <function array2Str at 0x7f53385f3690>, <class 'bool'>: <function Bool2Str at 0x7f53385f3060>, <class 'datetime.date'>: <function Thing2Literal at 0x7f53385f3530>, <class 'datetime.datetime'>: <function DateTime2literal at 0x7f53385f2a30>, <class 'datetime.timedelta'>: <function escape_timedelta at 0x7f533843d430>, <class 'set'>: <function Set2Str at 0x7f53385f31c0>, <class 'decimal.Decimal'>: <function Decimal2Literal at 0x7f53385f35e0>, 1: <class 'int'>, 2: <c...t'>: <function escape_dict at 0x7f533843d4e0>, <class 'frozenset'>: <function escape_frozenset at 0x7f53385f1b10>}, 'charset': 'utf8mb4', 'use_unicode': True, 'local_infile': False, 'multi_statements': False, 'database': '_29402e52a87f28e9', 'host': '127.0.0.1', 'port': 3306, 'password': '********'}
      CLIENT = <module 'MySQLdb.constants.CLIENT' from 'env/lib/python3.14/site-packages/MySQLdb/constants/CLIENT.py'>
      FIELD_TYPE = <module 'MySQLdb.constants.FIELD_TYPE' from 'env/lib/python3.14/site-packages/MySQLdb/constants/FIELD_TYPE.py'>
      conversions = {<class 'int'>: <function Thing2Str at 0x7f53385f3320>, <class 'float'>: <function Float2Str at 0x7f53385f33d0>, <class 'NoneType'>: <function None2NULL at 0x7f53385f3480>, <class 'array.array'>: <function array2Str at 0x7f53385f3690>, <class 'bool'>: <function Bool2Str at 0x7f53385f3060>, <class 'datetime.date'>: <function Thing2Literal at 0x7f53385f3530>, <class 'datetime.datetime'>: <function DateTime2literal at 0x7f53385f2a30>, <class 'datetime.timedelta'>: <function DateTimeDelta2literal at 0x7f53385f2ae0>, <class 'set'>: <function Set2Str at 0x7f53385f31c0>, <class 'decimal.Decimal'>: <function Decimal2Literal at 0x7f53385f35e0>, 1: <class 'int'>, 2: <class 'int'>, 3: <class 'int'>, 4:...r_None at 0x7f53385f2770>, 11: <function TimeDelta_or_None at 0x7f53385f2820>, 10: <function Date_or_None at 0x7f53385f2980>, 249: <class 'bytes'>, 250: <class 'bytes'>, 251: <class 'bytes'>, 252: <class 'bytes'>, 254: <class 'bytes'>, 253: <class 'bytes'>, 15: <class 'bytes'>, 245: <class 'bytes'>}
      _bytes_or_str = ((128, bytes), (None, str))
      kwargs2 = {'user': '_29402e52a87f28e9', 'conv': {<class 'int'>: <function Thing2Str at 0x7f53385f3320>, <class 'float'>: <function Float2Str at 0x7f53385f33d0>, <class 'NoneType'>: <function None2NULL at 0x7f53385f3480>, <class 'array.array'>: <function array2Str at 0x7f53385f3690>, <class 'bool'>: <function Bool2Str at 0x7f53385f3060>, <class 'datetime.date'>: <function Thing2Literal at 0x7f53385f3530>, <class 'datetime.datetime'>: <function DateTime2literal at 0x7f53385f2a30>, <class 'datetime.timedelta'>: <function escape_timedelta at 0x7f533843d430>, <class 'set'>: <function Set2Str at 0x7f53385f31c0>, <class 'decimal.Decimal'>: <function Decimal2Literal at 0x7f53385f35e0>, 1: <class 'int'>, 2: <c...ass 'bytes'>, <class 'dict'>: <function escape_dict at 0x7f533843d4e0>, <class 'frozenset'>: <function escape_frozenset at 0x7f53385f1b10>}, 'charset': 'utf8mb4', 'local_infile': False, 'database': '_29402e52a87f28e9', 'host': '127.0.0.1', 'port': 3306, 'password': '********', 'client_flag': 131072}
      conv = {<class 'int'>: <function Thing2Str at 0x7f53385f3320>, <class 'float'>: <function Float2Str at 0x7f53385f33d0>, <class 'NoneType'>: <function None2NULL at 0x7f53385f3480>, <class 'array.array'>: <function array2Str at 0x7f53385f3690>, <class 'bool'>: <function Bool2Str at 0x7f53385f3060>, <class 'datetime.date'>: <function Thing2Literal at 0x7f53385f3530>, <class 'datetime.datetime'>: <function DateTime2literal at 0x7f53385f2a30>, <class 'datetime.timedelta'>: <function escape_timedelta at 0x7f533843d430>, <class 'set'>: <function Set2Str at 0x7f53385f31c0>, <class 'decimal.Decimal'>: <function Decimal2Literal at 0x7f53385f35e0>, 1: <class 'int'>, 2: <class 'int'>, 3: <class 'int'>, 4: <cla...249: <class 'bytes'>, 250: <class 'bytes'>, 251: <class 'bytes'>, 252: <class 'bytes'>, 254: <class 'bytes'>, 253: <class 'bytes'>, 15: <class 'bytes'>, 245: <class 'bytes'>, <class 'dict'>: <function escape_dict at 0x7f533843d4e0>, <class 'frozenset'>: <function escape_frozenset at 0x7f53385f1b10>}
      conv2 = {<class 'int'>: <function Thing2Str at 0x7f53385f3320>, <class 'float'>: <function Float2Str at 0x7f53385f33d0>, <class 'NoneType'>: <function None2NULL at 0x7f53385f3480>, <class 'array.array'>: <function array2Str at 0x7f53385f3690>, <class 'bool'>: <function Bool2Str at 0x7f53385f3060>, <class 'datetime.date'>: <function Thing2Literal at 0x7f53385f3530>, <class 'datetime.datetime'>: <function DateTime2literal at 0x7f53385f2a30>, <class 'datetime.timedelta'>: <function escape_timedelta at 0x7f533843d430>, <class 'set'>: <function Set2Str at 0x7f53385f31c0>, <class 'decimal.Decimal'>: <function Decimal2Literal at 0x7f53385f35e0>, 1: <class 'int'>, 2: <class 'int'>, 3: <class 'int'>, 4: <cla...249: <class 'bytes'>, 250: <class 'bytes'>, 251: <class 'bytes'>, 252: <class 'bytes'>, 254: <class 'bytes'>, 253: <class 'bytes'>, 15: <class 'bytes'>, 245: <class 'bytes'>, <class 'dict'>: <function escape_dict at 0x7f533843d4e0>, <class 'frozenset'>: <function escape_frozenset at 0x7f53385f1b10>}
      k = frozenset
      v = <function escape_frozenset at 0x7f53385f1b10>
      cursorclass = MySQLdb.cursors.Cursor
      charset = 'utf8mb4'
      collation = ''
      use_unicode = True
      sql_mode = ''
      client_flag = 131072
      multi_statements = False
      autocommit = False
      __class__ = MySQLdb.connections.Connection
MySQLdb.OperationalError: (2002, "Can't connect to server on '127.0.0.1' (115)")
Backup failed for Site crm.localhost. Database or site_config.json may be corrupted
Traceback with variables (most recent call last):
  File "apps/frappe/frappe/commands/site.py", line 881, in backup
    odb = scheduled_backup(
      context = CliCtxObj(force=False, profile=False, sites=['crm.localhost'], verbose=True)
      with_files = False
      backup_path = None
      backup_path_db = None
      backup_path_files = None
      backup_path_private_files = None
      backup_path_conf = None
      ignore_backup_conf = False
      verbose = True
      compress = False
      include = ''
      exclude = ''
      old_backup_metadata = False
      scheduled_backup = <function scheduled_backup at 0x7eb7844e6ae0>
      exit_code = 0
      rollback_callback = None
      site = 'crm.localhost'
  File "apps/frappe/frappe/utils/backups.py", line 589, in scheduled_backup
    return new_backup(
      older_than = 6
      ignore_files = True
      backup_path = None
      backup_path_db = None
      backup_path_files = None
      backup_path_private_files = None
      backup_path_conf = None
      ignore_conf = False
      include_doctypes = ''
      exclude_doctypes = ''
      compress = False
      force = True
      verbose = True
      old_backup_metadata = False
      rollback_callback = frappe.utils.CallbackManager()
  File "apps/frappe/frappe/utils/backups.py", line 626, in new_backup
    odb = BackupGenerator(
      older_than = 6
      ignore_files = True
      backup_path = None
      backup_path_db = None
      backup_path_files = None
      backup_path_private_files = None
      backup_path_conf = None
      ignore_conf = False
      include_doctypes = ''
      exclude_doctypes = ''
      compress = False
      force = True
      verbose = True
      old_backup_metadata = False
      rollback_callback = frappe.utils.CallbackManager()
  File "apps/frappe/frappe/utils/backups.py", line 89, in __init__
    self.setup_backup_tables()
      self = frappe.utils.backups.BackupGenerator(backup_path=None, backup_path_conf=None, backup_path_db=None, backup_path_files=None, backup_path_private_files=None, compress_files=False, db_host='127.0.0.1', db_name='_29402e52a87f28e9', db_port=3306, db_socket=None, db_type='mariadb', exclude_doctypes='', ignore_conf=False, include_doctypes='', old_backup_metadata=False, partial=False, password='JYcurQeypTfWeGVA', rollback_callback=frappe.utils.CallbackManager(-), site_slug='crm_localhost', user='_29402e52a87f28e9', verbose=True)
      db_name = '_29402e52a87f28e9'
      user = '_29402e52a87f28e9'
      password = ********
      backup_path = None
      backup_path_db = None
      backup_path_files = None
      backup_path_private_files = None
      db_socket = None
      db_host = '127.0.0.1'
      db_port = 3306
      db_type = 'mariadb'
      backup_path_conf = None
      ignore_conf = False
      compress_files = False
      include_doctypes = ''
      exclude_doctypes = ''
      verbose = True
      old_backup_metadata = False
      rollback_callback = frappe.utils.CallbackManager()
      site = 'crm.localhost'
  File "apps/frappe/frappe/utils/backups.py", line 126, in setup_backup_tables
    self._set_existing_tables()
      self = frappe.utils.backups.BackupGenerator(backup_path=None, backup_path_conf=None, backup_path_db=None, backup_path_files=None, backup_path_private_files=None, compress_files=False, db_host='127.0.0.1', db_name='_29402e52a87f28e9', db_port=3306, db_socket=None, db_type='mariadb', exclude_doctypes='', ignore_conf=False, include_doctypes='', old_backup_metadata=False, partial=False, password='JYcurQeypTfWeGVA', rollback_callback=frappe.utils.CallbackManager(-), site_slug='crm_localhost', user='_29402e52a87f28e9', verbose=True)
  File "apps/frappe/frappe/utils/backups.py", line 122, in _set_existing_tables
    self._existing_tables = frappe.db.get_tables()
      self = frappe.utils.backups.BackupGenerator(backup_path=None, backup_path_conf=None, backup_path_db=None, backup_path_files=None, backup_path_private_files=None, compress_files=False, db_host='127.0.0.1', db_name='_29402e52a87f28e9', db_port=3306, db_socket=None, db_type='mariadb', exclude_doctypes='', ignore_conf=False, include_doctypes='', old_backup_metadata=False, partial=False, password='JYcurQeypTfWeGVA', rollback_callback=frappe.utils.CallbackManager(-), site_slug='crm_localhost', user='_29402e52a87f28e9', verbose=True)
  File "apps/frappe/frappe/database/mariadb/mysqlclient.py", line 518, in get_tables
    .run(pluck=True)
      self = frappe.database.mariadb.mysqlclient.MariaDBDatabase(after_commit=frappe.utils.CallbackManager(-), after_rollback=frappe.utils.CallbackManager(-), auto_commit_on_many_writes=0, before_commit=frappe.utils.CallbackManager(-), before_rollback=frappe.utils.CallbackManager(-), cur_db_name='_29402e52a87f28e9', db_type='mariadb', host='127.0.0.1', logger=<Logger database-crm.localhost (WARNING)>, password='JYcurQeypTfWeGVA', port=3306, socket=None, transaction_writes=0, type_map={'Currency': ('decimal', '21,9'), 'Int': ('int', '11'), 'Long Int': ('bigint', '20'), 'Float': ('decimal', '21,9'), 'Percent': ('decimal', '21,9'), 'Check': ('tinyint', '4'), 'Small Text': ('text', ''), 'Long Text': ('lon...'), 'Color': ('varchar', 140), 'Barcode': ('longtext', ''), 'Geolocation': ('longtext', ''), 'Duration': ('decimal', '21,9'), 'Icon': ('varchar', 140), 'Phone': ('varchar', 140), 'Autocomplete': ('varchar', 140), 'JSON': ('json', '')}, user='_29402e52a87f28e9', value_cache=collections.defaultdict{})
      cached = True
      to_query = True
      tables = None
      information_schema = pypika.queries.Schema()
  File "apps/frappe/frappe/query_builder/utils.py", line 131, in execute_query
    result = frappe.local.db.sql(query, params, *args, **kwargs)  # nosemgrep
      query = 'SELECT `table_name` FROM `information_schema`.`tables` WHERE `table_schema`=%(param1)s'
      args = ()
      kwargs = {'pluck': True}
      dt = None
      fields = []
      child_queries = "_child_queries"
      params = {'param1': '_29402e52a87f28e9'}
  File "apps/frappe/frappe/database/database.py", line 249, in sql
    self.connect()
      self = frappe.database.mariadb.mysqlclient.MariaDBDatabase(after_commit=frappe.utils.CallbackManager(-), after_rollback=frappe.utils.CallbackManager(-), auto_commit_on_many_writes=0, before_commit=frappe.utils.CallbackManager(-), before_rollback=frappe.utils.CallbackManager(-), cur_db_name='_29402e52a87f28e9', db_type='mariadb', host='127.0.0.1', logger=<Logger database-crm.localhost (WARNING)>, password='JYcurQeypTfWeGVA', port=3306, socket=None, transaction_writes=0, type_map={'Currency': ('decimal', '21,9'), 'Int': ('int', '11'), 'Long Int': ('bigint', '20'), 'Float': ('decimal', '21,9'), 'Percent': ('decimal', '21,9'), 'Check': ('tinyint', '4'), 'Small Text': ('text', ''), 'Long Text': ('lon...'), 'Color': ('varchar', 140), 'Barcode': ('longtext', ''), 'Geolocation': ('longtext', ''), 'Duration': ('decimal', '21,9'), 'Icon': ('varchar', 140), 'Phone': ('varchar', 140), 'Autocomplete': ('varchar', 140), 'JSON': ('json', '')}, user='_29402e52a87f28e9', value_cache=collections.defaultdict{})
      query = 'SELECT `table_name` FROM `information_schema`.`tables` WHERE `table_schema`=%(param1)s'
      values = {'param1': '_29402e52a87f28e9'}
      as_dict = 0
      as_list = 0
      debug = False
      ignore_ddl = 0
      auto_commit = 0
      update = None
      explain = False
      run = True
      pluck = True
      as_iterator = False
      query_type = 'select'
  File "apps/frappe/frappe/database/database.py", line 147, in connect
    self.get_connection()
      self = frappe.database.mariadb.mysqlclient.MariaDBDatabase(after_commit=frappe.utils.CallbackManager(-), after_rollback=frappe.utils.CallbackManager(-), auto_commit_on_many_writes=0, before_commit=frappe.utils.CallbackManager(-), before_rollback=frappe.utils.CallbackManager(-), cur_db_name='_29402e52a87f28e9', db_type='mariadb', host='127.0.0.1', logger=<Logger database-crm.localhost (WARNING)>, password='JYcurQeypTfWeGVA', port=3306, socket=None, transaction_writes=0, type_map={'Currency': ('decimal', '21,9'), 'Int': ('int', '11'), 'Long Int': ('bigint', '20'), 'Float': ('decimal', '21,9'), 'Percent': ('decimal', '21,9'), 'Check': ('tinyint', '4'), 'Small Text': ('text', ''), 'Long Text': ('lon...'), 'Color': ('varchar', 140), 'Barcode': ('longtext', ''), 'Geolocation': ('longtext', ''), 'Duration': ('decimal', '21,9'), 'Icon': ('varchar', 140), 'Phone': ('varchar', 140), 'Autocomplete': ('varchar', 140), 'JSON': ('json', '')}, user='_29402e52a87f28e9', value_cache=collections.defaultdict{})
  File "apps/frappe/frappe/database/mariadb/mysqlclient.py", line 109, in get_connection
    conn = self._get_connection()
      self = frappe.database.mariadb.mysqlclient.MariaDBDatabase(after_commit=frappe.utils.CallbackManager(-), after_rollback=frappe.utils.CallbackManager(-), auto_commit_on_many_writes=0, before_commit=frappe.utils.CallbackManager(-), before_rollback=frappe.utils.CallbackManager(-), cur_db_name='_29402e52a87f28e9', db_type='mariadb', host='127.0.0.1', logger=<Logger database-crm.localhost (WARNING)>, password='JYcurQeypTfWeGVA', port=3306, socket=None, transaction_writes=0, type_map={'Currency': ('decimal', '21,9'), 'Int': ('int', '11'), 'Long Int': ('bigint', '20'), 'Float': ('decimal', '21,9'), 'Percent': ('decimal', '21,9'), 'Check': ('tinyint', '4'), 'Small Text': ('text', ''), 'Long Text': ('lon...'), 'Color': ('varchar', 140), 'Barcode': ('longtext', ''), 'Geolocation': ('longtext', ''), 'Duration': ('decimal', '21,9'), 'Icon': ('varchar', 140), 'Phone': ('varchar', 140), 'Autocomplete': ('varchar', 140), 'JSON': ('json', '')}, user='_29402e52a87f28e9', value_cache=collections.defaultdict{})
  File "apps/frappe/frappe/database/mariadb/mysqlclient.py", line 114, in _get_connection
    return self.create_connection()
      self = frappe.database.mariadb.mysqlclient.MariaDBDatabase(after_commit=frappe.utils.CallbackManager(-), after_rollback=frappe.utils.CallbackManager(-), auto_commit_on_many_writes=0, before_commit=frappe.utils.CallbackManager(-), before_rollback=frappe.utils.CallbackManager(-), cur_db_name='_29402e52a87f28e9', db_type='mariadb', host='127.0.0.1', logger=<Logger database-crm.localhost (WARNING)>, password='JYcurQeypTfWeGVA', port=3306, socket=None, transaction_writes=0, type_map={'Currency': ('decimal', '21,9'), 'Int': ('int', '11'), 'Long Int': ('bigint', '20'), 'Float': ('decimal', '21,9'), 'Percent': ('decimal', '21,9'), 'Check': ('tinyint', '4'), 'Small Text': ('text', ''), 'Long Text': ('lon...'), 'Color': ('varchar', 140), 'Barcode': ('longtext', ''), 'Geolocation': ('longtext', ''), 'Duration': ('decimal', '21,9'), 'Icon': ('varchar', 140), 'Phone': ('varchar', 140), 'Autocomplete': ('varchar', 140), 'JSON': ('json', '')}, user='_29402e52a87f28e9', value_cache=collections.defaultdict{})
  File "apps/frappe/frappe/database/mariadb/mysqlclient.py", line 117, in create_connection
    return MySQLdb.connect(**self.get_connection_settings())
      self = frappe.database.mariadb.mysqlclient.MariaDBDatabase(after_commit=frappe.utils.CallbackManager(-), after_rollback=frappe.utils.CallbackManager(-), auto_commit_on_many_writes=0, before_commit=frappe.utils.CallbackManager(-), before_rollback=frappe.utils.CallbackManager(-), cur_db_name='_29402e52a87f28e9', db_type='mariadb', host='127.0.0.1', logger=<Logger database-crm.localhost (WARNING)>, password='JYcurQeypTfWeGVA', port=3306, socket=None, transaction_writes=0, type_map={'Currency': ('decimal', '21,9'), 'Int': ('int', '11'), 'Long Int': ('bigint', '20'), 'Float': ('decimal', '21,9'), 'Percent': ('decimal', '21,9'), 'Check': ('tinyint', '4'), 'Small Text': ('text', ''), 'Long Text': ('lon...'), 'Color': ('varchar', 140), 'Barcode': ('longtext', ''), 'Geolocation': ('longtext', ''), 'Duration': ('decimal', '21,9'), 'Icon': ('varchar', 140), 'Phone': ('varchar', 140), 'Autocomplete': ('varchar', 140), 'JSON': ('json', '')}, user='_29402e52a87f28e9', value_cache=collections.defaultdict{})
  File "env/lib/python3.14/site-packages/MySQLdb/__init__.py", line 121, in Connect
    return Connection(*args, **kwargs)
      args = ()
      kwargs = {'user': '_29402e52a87f28e9', 'conv': {<class 'int'>: <function Thing2Str at 0x7eb7842a3320>, <class 'float'>: <function Float2Str at 0x7eb7842a33d0>, <class 'NoneType'>: <function None2NULL at 0x7eb7842a3480>, <class 'array.array'>: <function array2Str at 0x7eb7842a3690>, <class 'bool'>: <function Bool2Str at 0x7eb7842a3060>, <class 'datetime.date'>: <function Thing2Literal at 0x7eb7842a3530>, <class 'datetime.datetime'>: <function DateTime2literal at 0x7eb7842a2a30>, <class 'datetime.timedelta'>: <function escape_timedelta at 0x7eb7840f1430>, <class 'set'>: <function Set2Str at 0x7eb7842a31c0>, <class 'decimal.Decimal'>: <function Decimal2Literal at 0x7eb7842a35e0>, 1: <class 'int'>, 2: <c...t'>: <function escape_dict at 0x7eb7840f14e0>, <class 'frozenset'>: <function escape_frozenset at 0x7eb7842a1b10>}, 'charset': 'utf8mb4', 'use_unicode': True, 'local_infile': False, 'multi_statements': False, 'database': '_29402e52a87f28e9', 'host': '127.0.0.1', 'port': 3306, 'password': '********'}
      Connection = MySQLdb.connections.Connection
  File "env/lib/python3.14/site-packages/MySQLdb/connections.py", line 200, in __init__
    super().__init__(*args, **kwargs2)
      self = <_mysql.connection open to '(null)' at 0x6507e0cb2780>
      args = ()
      kwargs = {'user': '_29402e52a87f28e9', 'conv': {<class 'int'>: <function Thing2Str at 0x7eb7842a3320>, <class 'float'>: <function Float2Str at 0x7eb7842a33d0>, <class 'NoneType'>: <function None2NULL at 0x7eb7842a3480>, <class 'array.array'>: <function array2Str at 0x7eb7842a3690>, <class 'bool'>: <function Bool2Str at 0x7eb7842a3060>, <class 'datetime.date'>: <function Thing2Literal at 0x7eb7842a3530>, <class 'datetime.datetime'>: <function DateTime2literal at 0x7eb7842a2a30>, <class 'datetime.timedelta'>: <function escape_timedelta at 0x7eb7840f1430>, <class 'set'>: <function Set2Str at 0x7eb7842a31c0>, <class 'decimal.Decimal'>: <function Decimal2Literal at 0x7eb7842a35e0>, 1: <class 'int'>, 2: <c...t'>: <function escape_dict at 0x7eb7840f14e0>, <class 'frozenset'>: <function escape_frozenset at 0x7eb7842a1b10>}, 'charset': 'utf8mb4', 'use_unicode': True, 'local_infile': False, 'multi_statements': False, 'database': '_29402e52a87f28e9', 'host': '127.0.0.1', 'port': 3306, 'password': '********'}
      CLIENT = <module 'MySQLdb.constants.CLIENT' from 'env/lib/python3.14/site-packages/MySQLdb/constants/CLIENT.py'>
      FIELD_TYPE = <module 'MySQLdb.constants.FIELD_TYPE' from 'env/lib/python3.14/site-packages/MySQLdb/constants/FIELD_TYPE.py'>
      conversions = {<class 'int'>: <function Thing2Str at 0x7eb7842a3320>, <class 'float'>: <function Float2Str at 0x7eb7842a33d0>, <class 'NoneType'>: <function None2NULL at 0x7eb7842a3480>, <class 'array.array'>: <function array2Str at 0x7eb7842a3690>, <class 'bool'>: <function Bool2Str at 0x7eb7842a3060>, <class 'datetime.date'>: <function Thing2Literal at 0x7eb7842a3530>, <class 'datetime.datetime'>: <function DateTime2literal at 0x7eb7842a2a30>, <class 'datetime.timedelta'>: <function DateTimeDelta2literal at 0x7eb7842a2ae0>, <class 'set'>: <function Set2Str at 0x7eb7842a31c0>, <class 'decimal.Decimal'>: <function Decimal2Literal at 0x7eb7842a35e0>, 1: <class 'int'>, 2: <class 'int'>, 3: <class 'int'>, 4:...r_None at 0x7eb7842a2770>, 11: <function TimeDelta_or_None at 0x7eb7842a2820>, 10: <function Date_or_None at 0x7eb7842a2980>, 249: <class 'bytes'>, 250: <class 'bytes'>, 251: <class 'bytes'>, 252: <class 'bytes'>, 254: <class 'bytes'>, 253: <class 'bytes'>, 15: <class 'bytes'>, 245: <class 'bytes'>}
      _bytes_or_str = ((128, bytes), (None, str))
      kwargs2 = {'user': '_29402e52a87f28e9', 'conv': {<class 'int'>: <function Thing2Str at 0x7eb7842a3320>, <class 'float'>: <function Float2Str at 0x7eb7842a33d0>, <class 'NoneType'>: <function None2NULL at 0x7eb7842a3480>, <class 'array.array'>: <function array2Str at 0x7eb7842a3690>, <class 'bool'>: <function Bool2Str at 0x7eb7842a3060>, <class 'datetime.date'>: <function Thing2Literal at 0x7eb7842a3530>, <class 'datetime.datetime'>: <function DateTime2literal at 0x7eb7842a2a30>, <class 'datetime.timedelta'>: <function escape_timedelta at 0x7eb7840f1430>, <class 'set'>: <function Set2Str at 0x7eb7842a31c0>, <class 'decimal.Decimal'>: <function Decimal2Literal at 0x7eb7842a35e0>, 1: <class 'int'>, 2: <c...ass 'bytes'>, <class 'dict'>: <function escape_dict at 0x7eb7840f14e0>, <class 'frozenset'>: <function escape_frozenset at 0x7eb7842a1b10>}, 'charset': 'utf8mb4', 'local_infile': False, 'database': '_29402e52a87f28e9', 'host': '127.0.0.1', 'port': 3306, 'password': '********', 'client_flag': 131072}
      conv = {<class 'int'>: <function Thing2Str at 0x7eb7842a3320>, <class 'float'>: <function Float2Str at 0x7eb7842a33d0>, <class 'NoneType'>: <function None2NULL at 0x7eb7842a3480>, <class 'array.array'>: <function array2Str at 0x7eb7842a3690>, <class 'bool'>: <function Bool2Str at 0x7eb7842a3060>, <class 'datetime.date'>: <function Thing2Literal at 0x7eb7842a3530>, <class 'datetime.datetime'>: <function DateTime2literal at 0x7eb7842a2a30>, <class 'datetime.timedelta'>: <function escape_timedelta at 0x7eb7840f1430>, <class 'set'>: <function Set2Str at 0x7eb7842a31c0>, <class 'decimal.Decimal'>: <function Decimal2Literal at 0x7eb7842a35e0>, 1: <class 'int'>, 2: <class 'int'>, 3: <class 'int'>, 4: <cla...249: <class 'bytes'>, 250: <class 'bytes'>, 251: <class 'bytes'>, 252: <class 'bytes'>, 254: <class 'bytes'>, 253: <class 'bytes'>, 15: <class 'bytes'>, 245: <class 'bytes'>, <class 'dict'>: <function escape_dict at 0x7eb7840f14e0>, <class 'frozenset'>: <function escape_frozenset at 0x7eb7842a1b10>}
      conv2 = {<class 'int'>: <function Thing2Str at 0x7eb7842a3320>, <class 'float'>: <function Float2Str at 0x7eb7842a33d0>, <class 'NoneType'>: <function None2NULL at 0x7eb7842a3480>, <class 'array.array'>: <function array2Str at 0x7eb7842a3690>, <class 'bool'>: <function Bool2Str at 0x7eb7842a3060>, <class 'datetime.date'>: <function Thing2Literal at 0x7eb7842a3530>, <class 'datetime.datetime'>: <function DateTime2literal at 0x7eb7842a2a30>, <class 'datetime.timedelta'>: <function escape_timedelta at 0x7eb7840f1430>, <class 'set'>: <function Set2Str at 0x7eb7842a31c0>, <class 'decimal.Decimal'>: <function Decimal2Literal at 0x7eb7842a35e0>, 1: <class 'int'>, 2: <class 'int'>, 3: <class 'int'>, 4: <cla...249: <class 'bytes'>, 250: <class 'bytes'>, 251: <class 'bytes'>, 252: <class 'bytes'>, 254: <class 'bytes'>, 253: <class 'bytes'>, 15: <class 'bytes'>, 245: <class 'bytes'>, <class 'dict'>: <function escape_dict at 0x7eb7840f14e0>, <class 'frozenset'>: <function escape_frozenset at 0x7eb7842a1b10>}
      k = frozenset
      v = <function escape_frozenset at 0x7eb7842a1b10>
      cursorclass = MySQLdb.cursors.Cursor
      charset = 'utf8mb4'
      collation = ''
      use_unicode = True
      sql_mode = ''
      client_flag = 131072
      multi_statements = False
      autocommit = False
      __class__ = MySQLdb.connections.Connection
MySQLdb.OperationalError: (2002, "Can't connect to server on '127.0.0.1' (115)")
Backup failed for Site crm.localhost. Database or site_config.json may be corrupted
Traceback with variables (most recent call last):
  File "apps/frappe/frappe/commands/site.py", line 881, in backup
    odb = scheduled_backup(
      context = CliCtxObj(force=False, profile=False, sites=['crm.localhost'], verbose=True)
      with_files = False
      backup_path = None
      backup_path_db = None
      backup_path_files = None
      backup_path_private_files = None
      backup_path_conf = None
      ignore_backup_conf = False
      verbose = True
      compress = False
      include = ''
      exclude = ''
      old_backup_metadata = False
      scheduled_backup = <function scheduled_backup at 0x7e7a62356ae0>
      exit_code = 0
      rollback_callback = None
      site = 'crm.localhost'
  File "apps/frappe/frappe/utils/backups.py", line 589, in scheduled_backup
    return new_backup(
      older_than = 6
      ignore_files = True
      backup_path = None
      backup_path_db = None
      backup_path_files = None
      backup_path_private_files = None
      backup_path_conf = None
      ignore_conf = False
      include_doctypes = ''
      exclude_doctypes = ''
      compress = False
      force = True
      verbose = True
      old_backup_metadata = False
      rollback_callback = frappe.utils.CallbackManager()
  File "apps/frappe/frappe/utils/backups.py", line 626, in new_backup
    odb = BackupGenerator(
      older_than = 6
      ignore_files = True
      backup_path = None
      backup_path_db = None
      backup_path_files = None
      backup_path_private_files = None
      backup_path_conf = None
      ignore_conf = False
      include_doctypes = ''
      exclude_doctypes = ''
      compress = False
      force = True
      verbose = True
      old_backup_metadata = False
      rollback_callback = frappe.utils.CallbackManager()
  File "apps/frappe/frappe/utils/backups.py", line 89, in __init__
    self.setup_backup_tables()
      self = frappe.utils.backups.BackupGenerator(backup_path=None, backup_path_conf=None, backup_path_db=None, backup_path_files=None, backup_path_private_files=None, compress_files=False, db_host='127.0.0.1', db_name='_29402e52a87f28e9', db_port=3306, db_socket=None, db_type='mariadb', exclude_doctypes='', ignore_conf=False, include_doctypes='', old_backup_metadata=False, partial=False, password='JYcurQeypTfWeGVA', rollback_callback=frappe.utils.CallbackManager(-), site_slug='crm_localhost', user='_29402e52a87f28e9', verbose=True)
      db_name = '_29402e52a87f28e9'
      user = '_29402e52a87f28e9'
      password = ********
      backup_path = None
      backup_path_db = None
      backup_path_files = None
      backup_path_private_files = None
      db_socket = None
      db_host = '127.0.0.1'
      db_port = 3306
      db_type = 'mariadb'
      backup_path_conf = None
      ignore_conf = False
      compress_files = False
      include_doctypes = ''
      exclude_doctypes = ''
      verbose = True
      old_backup_metadata = False
      rollback_callback = frappe.utils.CallbackManager()
      site = 'crm.localhost'
  File "apps/frappe/frappe/utils/backups.py", line 126, in setup_backup_tables
    self._set_existing_tables()
      self = frappe.utils.backups.BackupGenerator(backup_path=None, backup_path_conf=None, backup_path_db=None, backup_path_files=None, backup_path_private_files=None, compress_files=False, db_host='127.0.0.1', db_name='_29402e52a87f28e9', db_port=3306, db_socket=None, db_type='mariadb', exclude_doctypes='', ignore_conf=False, include_doctypes='', old_backup_metadata=False, partial=False, password='JYcurQeypTfWeGVA', rollback_callback=frappe.utils.CallbackManager(-), site_slug='crm_localhost', user='_29402e52a87f28e9', verbose=True)
  File "apps/frappe/frappe/utils/backups.py", line 122, in _set_existing_tables
    self._existing_tables = frappe.db.get_tables()
      self = frappe.utils.backups.BackupGenerator(backup_path=None, backup_path_conf=None, backup_path_db=None, backup_path_files=None, backup_path_private_files=None, compress_files=False, db_host='127.0.0.1', db_name='_29402e52a87f28e9', db_port=3306, db_socket=None, db_type='mariadb', exclude_doctypes='', ignore_conf=False, include_doctypes='', old_backup_metadata=False, partial=False, password='JYcurQeypTfWeGVA', rollback_callback=frappe.utils.CallbackManager(-), site_slug='crm_localhost', user='_29402e52a87f28e9', verbose=True)
  File "apps/frappe/frappe/database/mariadb/mysqlclient.py", line 518, in get_tables
    .run(pluck=True)
      self = frappe.database.mariadb.mysqlclient.MariaDBDatabase(after_commit=frappe.utils.CallbackManager(-), after_rollback=frappe.utils.CallbackManager(-), auto_commit_on_many_writes=0, before_commit=frappe.utils.CallbackManager(-), before_rollback=frappe.utils.CallbackManager(-), cur_db_name='_29402e52a87f28e9', db_type='mariadb', host='127.0.0.1', logger=<Logger database-crm.localhost (WARNING)>, password='JYcurQeypTfWeGVA', port=3306, socket=None, transaction_writes=0, type_map={'Currency': ('decimal', '21,9'), 'Int': ('int', '11'), 'Long Int': ('bigint', '20'), 'Float': ('decimal', '21,9'), 'Percent': ('decimal', '21,9'), 'Check': ('tinyint', '4'), 'Small Text': ('text', ''), 'Long Text': ('lon...'), 'Color': ('varchar', 140), 'Barcode': ('longtext', ''), 'Geolocation': ('longtext', ''), 'Duration': ('decimal', '21,9'), 'Icon': ('varchar', 140), 'Phone': ('varchar', 140), 'Autocomplete': ('varchar', 140), 'JSON': ('json', '')}, user='_29402e52a87f28e9', value_cache=collections.defaultdict{})
      cached = True
      to_query = True
      tables = None
      information_schema = pypika.queries.Schema()
  File "apps/frappe/frappe/query_builder/utils.py", line 131, in execute_query
    result = frappe.local.db.sql(query, params, *args, **kwargs)  # nosemgrep
      query = 'SELECT `table_name` FROM `information_schema`.`tables` WHERE `table_schema`=%(param1)s'
      args = ()
      kwargs = {'pluck': True}
      dt = None
      fields = []
      child_queries = "_child_queries"
      params = {'param1': '_29402e52a87f28e9'}
  File "apps/frappe/frappe/database/database.py", line 249, in sql
    self.connect()
      self = frappe.database.mariadb.mysqlclient.MariaDBDatabase(after_commit=frappe.utils.CallbackManager(-), after_rollback=frappe.utils.CallbackManager(-), auto_commit_on_many_writes=0, before_commit=frappe.utils.CallbackManager(-), before_rollback=frappe.utils.CallbackManager(-), cur_db_name='_29402e52a87f28e9', db_type='mariadb', host='127.0.0.1', logger=<Logger database-crm.localhost (WARNING)>, password='JYcurQeypTfWeGVA', port=3306, socket=None, transaction_writes=0, type_map={'Currency': ('decimal', '21,9'), 'Int': ('int', '11'), 'Long Int': ('bigint', '20'), 'Float': ('decimal', '21,9'), 'Percent': ('decimal', '21,9'), 'Check': ('tinyint', '4'), 'Small Text': ('text', ''), 'Long Text': ('lon...'), 'Color': ('varchar', 140), 'Barcode': ('longtext', ''), 'Geolocation': ('longtext', ''), 'Duration': ('decimal', '21,9'), 'Icon': ('varchar', 140), 'Phone': ('varchar', 140), 'Autocomplete': ('varchar', 140), 'JSON': ('json', '')}, user='_29402e52a87f28e9', value_cache=collections.defaultdict{})
      query = 'SELECT `table_name` FROM `information_schema`.`tables` WHERE `table_schema`=%(param1)s'
      values = {'param1': '_29402e52a87f28e9'}
      as_dict = 0
      as_list = 0
      debug = False
      ignore_ddl = 0
      auto_commit = 0
      update = None
      explain = False
      run = True
      pluck = True
      as_iterator = False
      query_type = 'select'
  File "apps/frappe/frappe/database/database.py", line 147, in connect
    self.get_connection()
      self = frappe.database.mariadb.mysqlclient.MariaDBDatabase(after_commit=frappe.utils.CallbackManager(-), after_rollback=frappe.utils.CallbackManager(-), auto_commit_on_many_writes=0, before_commit=frappe.utils.CallbackManager(-), before_rollback=frappe.utils.CallbackManager(-), cur_db_name='_29402e52a87f28e9', db_type='mariadb', host='127.0.0.1', logger=<Logger database-crm.localhost (WARNING)>, password='JYcurQeypTfWeGVA', port=3306, socket=None, transaction_writes=0, type_map={'Currency': ('decimal', '21,9'), 'Int': ('int', '11'), 'Long Int': ('bigint', '20'), 'Float': ('decimal', '21,9'), 'Percent': ('decimal', '21,9'), 'Check': ('tinyint', '4'), 'Small Text': ('text', ''), 'Long Text': ('lon...'), 'Color': ('varchar', 140), 'Barcode': ('longtext', ''), 'Geolocation': ('longtext', ''), 'Duration': ('decimal', '21,9'), 'Icon': ('varchar', 140), 'Phone': ('varchar', 140), 'Autocomplete': ('varchar', 140), 'JSON': ('json', '')}, user='_29402e52a87f28e9', value_cache=collections.defaultdict{})
  File "apps/frappe/frappe/database/mariadb/mysqlclient.py", line 109, in get_connection
    conn = self._get_connection()
      self = frappe.database.mariadb.mysqlclient.MariaDBDatabase(after_commit=frappe.utils.CallbackManager(-), after_rollback=frappe.utils.CallbackManager(-), auto_commit_on_many_writes=0, before_commit=frappe.utils.CallbackManager(-), before_rollback=frappe.utils.CallbackManager(-), cur_db_name='_29402e52a87f28e9', db_type='mariadb', host='127.0.0.1', logger=<Logger database-crm.localhost (WARNING)>, password='JYcurQeypTfWeGVA', port=3306, socket=None, transaction_writes=0, type_map={'Currency': ('decimal', '21,9'), 'Int': ('int', '11'), 'Long Int': ('bigint', '20'), 'Float': ('decimal', '21,9'), 'Percent': ('decimal', '21,9'), 'Check': ('tinyint', '4'), 'Small Text': ('text', ''), 'Long Text': ('lon...'), 'Color': ('varchar', 140), 'Barcode': ('longtext', ''), 'Geolocation': ('longtext', ''), 'Duration': ('decimal', '21,9'), 'Icon': ('varchar', 140), 'Phone': ('varchar', 140), 'Autocomplete': ('varchar', 140), 'JSON': ('json', '')}, user='_29402e52a87f28e9', value_cache=collections.defaultdict{})
  File "apps/frappe/frappe/database/mariadb/mysqlclient.py", line 114, in _get_connection
    return self.create_connection()
      self = frappe.database.mariadb.mysqlclient.MariaDBDatabase(after_commit=frappe.utils.CallbackManager(-), after_rollback=frappe.utils.CallbackManager(-), auto_commit_on_many_writes=0, before_commit=frappe.utils.CallbackManager(-), before_rollback=frappe.utils.CallbackManager(-), cur_db_name='_29402e52a87f28e9', db_type='mariadb', host='127.0.0.1', logger=<Logger database-crm.localhost (WARNING)>, password='JYcurQeypTfWeGVA', port=3306, socket=None, transaction_writes=0, type_map={'Currency': ('decimal', '21,9'), 'Int': ('int', '11'), 'Long Int': ('bigint', '20'), 'Float': ('decimal', '21,9'), 'Percent': ('decimal', '21,9'), 'Check': ('tinyint', '4'), 'Small Text': ('text', ''), 'Long Text': ('lon...'), 'Color': ('varchar', 140), 'Barcode': ('longtext', ''), 'Geolocation': ('longtext', ''), 'Duration': ('decimal', '21,9'), 'Icon': ('varchar', 140), 'Phone': ('varchar', 140), 'Autocomplete': ('varchar', 140), 'JSON': ('json', '')}, user='_29402e52a87f28e9', value_cache=collections.defaultdict{})
  File "apps/frappe/frappe/database/mariadb/mysqlclient.py", line 117, in create_connection
    return MySQLdb.connect(**self.get_connection_settings())
      self = frappe.database.mariadb.mysqlclient.MariaDBDatabase(after_commit=frappe.utils.CallbackManager(-), after_rollback=frappe.utils.CallbackManager(-), auto_commit_on_many_writes=0, before_commit=frappe.utils.CallbackManager(-), before_rollback=frappe.utils.CallbackManager(-), cur_db_name='_29402e52a87f28e9', db_type='mariadb', host='127.0.0.1', logger=<Logger database-crm.localhost (WARNING)>, password='JYcurQeypTfWeGVA', port=3306, socket=None, transaction_writes=0, type_map={'Currency': ('decimal', '21,9'), 'Int': ('int', '11'), 'Long Int': ('bigint', '20'), 'Float': ('decimal', '21,9'), 'Percent': ('decimal', '21,9'), 'Check': ('tinyint', '4'), 'Small Text': ('text', ''), 'Long Text': ('lon...'), 'Color': ('varchar', 140), 'Barcode': ('longtext', ''), 'Geolocation': ('longtext', ''), 'Duration': ('decimal', '21,9'), 'Icon': ('varchar', 140), 'Phone': ('varchar', 140), 'Autocomplete': ('varchar', 140), 'JSON': ('json', '')}, user='_29402e52a87f28e9', value_cache=collections.defaultdict{})
  File "env/lib/python3.14/site-packages/MySQLdb/__init__.py", line 121, in Connect
    return Connection(*args, **kwargs)
      args = ()
      kwargs = {'user': '_29402e52a87f28e9', 'conv': {<class 'int'>: <function Thing2Str at 0x7e7a615fb320>, <class 'float'>: <function Float2Str at 0x7e7a615fb3d0>, <class 'NoneType'>: <function None2NULL at 0x7e7a615fb480>, <class 'array.array'>: <function array2Str at 0x7e7a615fb690>, <class 'bool'>: <function Bool2Str at 0x7e7a615fb060>, <class 'datetime.date'>: <function Thing2Literal at 0x7e7a615fb530>, <class 'datetime.datetime'>: <function DateTime2literal at 0x7e7a615faa30>, <class 'datetime.timedelta'>: <function escape_timedelta at 0x7e7a61449430>, <class 'set'>: <function Set2Str at 0x7e7a615fb1c0>, <class 'decimal.Decimal'>: <function Decimal2Literal at 0x7e7a615fb5e0>, 1: <class 'int'>, 2: <c...t'>: <function escape_dict at 0x7e7a614494e0>, <class 'frozenset'>: <function escape_frozenset at 0x7e7a615f9b10>}, 'charset': 'utf8mb4', 'use_unicode': True, 'local_infile': False, 'multi_statements': False, 'database': '_29402e52a87f28e9', 'host': '127.0.0.1', 'port': 3306, 'password': '********'}
      Connection = MySQLdb.connections.Connection
  File "env/lib/python3.14/site-packages/MySQLdb/connections.py", line 200, in __init__
    super().__init__(*args, **kwargs2)
      self = <_mysql.connection open to '(null)' at 0x5b5994034780>
      args = ()
      kwargs = {'user': '_29402e52a87f28e9', 'conv': {<class 'int'>: <function Thing2Str at 0x7e7a615fb320>, <class 'float'>: <function Float2Str at 0x7e7a615fb3d0>, <class 'NoneType'>: <function None2NULL at 0x7e7a615fb480>, <class 'array.array'>: <function array2Str at 0x7e7a615fb690>, <class 'bool'>: <function Bool2Str at 0x7e7a615fb060>, <class 'datetime.date'>: <function Thing2Literal at 0x7e7a615fb530>, <class 'datetime.datetime'>: <function DateTime2literal at 0x7e7a615faa30>, <class 'datetime.timedelta'>: <function escape_timedelta at 0x7e7a61449430>, <class 'set'>: <function Set2Str at 0x7e7a615fb1c0>, <class 'decimal.Decimal'>: <function Decimal2Literal at 0x7e7a615fb5e0>, 1: <class 'int'>, 2: <c...t'>: <function escape_dict at 0x7e7a614494e0>, <class 'frozenset'>: <function escape_frozenset at 0x7e7a615f9b10>}, 'charset': 'utf8mb4', 'use_unicode': True, 'local_infile': False, 'multi_statements': False, 'database': '_29402e52a87f28e9', 'host': '127.0.0.1', 'port': 3306, 'password': '********'}
      CLIENT = <module 'MySQLdb.constants.CLIENT' from 'env/lib/python3.14/site-packages/MySQLdb/constants/CLIENT.py'>
      FIELD_TYPE = <module 'MySQLdb.constants.FIELD_TYPE' from 'env/lib/python3.14/site-packages/MySQLdb/constants/FIELD_TYPE.py'>
      conversions = {<class 'int'>: <function Thing2Str at 0x7e7a615fb320>, <class 'float'>: <function Float2Str at 0x7e7a615fb3d0>, <class 'NoneType'>: <function None2NULL at 0x7e7a615fb480>, <class 'array.array'>: <function array2Str at 0x7e7a615fb690>, <class 'bool'>: <function Bool2Str at 0x7e7a615fb060>, <class 'datetime.date'>: <function Thing2Literal at 0x7e7a615fb530>, <class 'datetime.datetime'>: <function DateTime2literal at 0x7e7a615faa30>, <class 'datetime.timedelta'>: <function DateTimeDelta2literal at 0x7e7a615faae0>, <class 'set'>: <function Set2Str at 0x7e7a615fb1c0>, <class 'decimal.Decimal'>: <function Decimal2Literal at 0x7e7a615fb5e0>, 1: <class 'int'>, 2: <class 'int'>, 3: <class 'int'>, 4:...r_None at 0x7e7a615fa770>, 11: <function TimeDelta_or_None at 0x7e7a615fa820>, 10: <function Date_or_None at 0x7e7a615fa980>, 249: <class 'bytes'>, 250: <class 'bytes'>, 251: <class 'bytes'>, 252: <class 'bytes'>, 254: <class 'bytes'>, 253: <class 'bytes'>, 15: <class 'bytes'>, 245: <class 'bytes'>}
      _bytes_or_str = ((128, bytes), (None, str))
      kwargs2 = {'user': '_29402e52a87f28e9', 'conv': {<class 'int'>: <function Thing2Str at 0x7e7a615fb320>, <class 'float'>: <function Float2Str at 0x7e7a615fb3d0>, <class 'NoneType'>: <function None2NULL at 0x7e7a615fb480>, <class 'array.array'>: <function array2Str at 0x7e7a615fb690>, <class 'bool'>: <function Bool2Str at 0x7e7a615fb060>, <class 'datetime.date'>: <function Thing2Literal at 0x7e7a615fb530>, <class 'datetime.datetime'>: <function DateTime2literal at 0x7e7a615faa30>, <class 'datetime.timedelta'>: <function escape_timedelta at 0x7e7a61449430>, <class 'set'>: <function Set2Str at 0x7e7a615fb1c0>, <class 'decimal.Decimal'>: <function Decimal2Literal at 0x7e7a615fb5e0>, 1: <class 'int'>, 2: <c...ass 'bytes'>, <class 'dict'>: <function escape_dict at 0x7e7a614494e0>, <class 'frozenset'>: <function escape_frozenset at 0x7e7a615f9b10>}, 'charset': 'utf8mb4', 'local_infile': False, 'database': '_29402e52a87f28e9', 'host': '127.0.0.1', 'port': 3306, 'password': '********', 'client_flag': 131072}
      conv = {<class 'int'>: <function Thing2Str at 0x7e7a615fb320>, <class 'float'>: <function Float2Str at 0x7e7a615fb3d0>, <class 'NoneType'>: <function None2NULL at 0x7e7a615fb480>, <class 'array.array'>: <function array2Str at 0x7e7a615fb690>, <class 'bool'>: <function Bool2Str at 0x7e7a615fb060>, <class 'datetime.date'>: <function Thing2Literal at 0x7e7a615fb530>, <class 'datetime.datetime'>: <function DateTime2literal at 0x7e7a615faa30>, <class 'datetime.timedelta'>: <function escape_timedelta at 0x7e7a61449430>, <class 'set'>: <function Set2Str at 0x7e7a615fb1c0>, <class 'decimal.Decimal'>: <function Decimal2Literal at 0x7e7a615fb5e0>, 1: <class 'int'>, 2: <class 'int'>, 3: <class 'int'>, 4: <cla...249: <class 'bytes'>, 250: <class 'bytes'>, 251: <class 'bytes'>, 252: <class 'bytes'>, 254: <class 'bytes'>, 253: <class 'bytes'>, 15: <class 'bytes'>, 245: <class 'bytes'>, <class 'dict'>: <function escape_dict at 0x7e7a614494e0>, <class 'frozenset'>: <function escape_frozenset at 0x7e7a615f9b10>}
      conv2 = {<class 'int'>: <function Thing2Str at 0x7e7a615fb320>, <class 'float'>: <function Float2Str at 0x7e7a615fb3d0>, <class 'NoneType'>: <function None2NULL at 0x7e7a615fb480>, <class 'array.array'>: <function array2Str at 0x7e7a615fb690>, <class 'bool'>: <function Bool2Str at 0x7e7a615fb060>, <class 'datetime.date'>: <function Thing2Literal at 0x7e7a615fb530>, <class 'datetime.datetime'>: <function DateTime2literal at 0x7e7a615faa30>, <class 'datetime.timedelta'>: <function escape_timedelta at 0x7e7a61449430>, <class 'set'>: <function Set2Str at 0x7e7a615fb1c0>, <class 'decimal.Decimal'>: <function Decimal2Literal at 0x7e7a615fb5e0>, 1: <class 'int'>, 2: <class 'int'>, 3: <class 'int'>, 4: <cla...249: <class 'bytes'>, 250: <class 'bytes'>, 251: <class 'bytes'>, 252: <class 'bytes'>, 254: <class 'bytes'>, 253: <class 'bytes'>, 15: <class 'bytes'>, 245: <class 'bytes'>, <class 'dict'>: <function escape_dict at 0x7e7a614494e0>, <class 'frozenset'>: <function escape_frozenset at 0x7e7a615f9b10>}
      k = frozenset
      v = <function escape_frozenset at 0x7e7a615f9b10>
      cursorclass = MySQLdb.cursors.Cursor
      charset = 'utf8mb4'
      collation = ''
      use_unicode = True
      sql_mode = ''
      client_flag = 131072
      multi_statements = False
      autocommit = False
      __class__ = MySQLdb.connections.Connection
MySQLdb.OperationalError: (1045, "Access denied for user '_29402e52a87f28e9'@'localhost' (using password: YES)")
Backup failed for Site crm.localhost. Database or site_config.json may be corrupted
Traceback with variables (most recent call last):
  File "apps/frappe/frappe/commands/site.py", line 881, in backup
    odb = scheduled_backup(
      context = CliCtxObj(force=False, profile=False, sites=['crm.localhost'], verbose=True)
      with_files = False
      backup_path = None
      backup_path_db = None
      backup_path_files = None
      backup_path_private_files = None
      backup_path_conf = None
      ignore_backup_conf = False
      verbose = True
      compress = False
      include = ''
      exclude = ''
      old_backup_metadata = False
      scheduled_backup = <function scheduled_backup at 0x70411846eae0>
      exit_code = 0
      rollback_callback = None
      site = 'crm.localhost'
  File "apps/frappe/frappe/utils/backups.py", line 589, in scheduled_backup
    return new_backup(
      older_than = 6
      ignore_files = True
      backup_path = None
      backup_path_db = None
      backup_path_files = None
      backup_path_private_files = None
      backup_path_conf = None
      ignore_conf = False
      include_doctypes = ''
      exclude_doctypes = ''
      compress = False
      force = True
      verbose = True
      old_backup_metadata = False
      rollback_callback = frappe.utils.CallbackManager()
  File "apps/frappe/frappe/utils/backups.py", line 626, in new_backup
    odb = BackupGenerator(
      older_than = 6
      ignore_files = True
      backup_path = None
      backup_path_db = None
      backup_path_files = None
      backup_path_private_files = None
      backup_path_conf = None
      ignore_conf = False
      include_doctypes = ''
      exclude_doctypes = ''
      compress = False
      force = True
      verbose = True
      old_backup_metadata = False
      rollback_callback = frappe.utils.CallbackManager()
  File "apps/frappe/frappe/utils/backups.py", line 89, in __init__
    self.setup_backup_tables()
      self = frappe.utils.backups.BackupGenerator(backup_path=None, backup_path_conf=None, backup_path_db=None, backup_path_files=None, backup_path_private_files=None, compress_files=False, db_host='127.0.0.1', db_name='_29402e52a87f28e9', db_port=3306, db_socket=None, db_type='mariadb', exclude_doctypes='', ignore_conf=False, include_doctypes='', old_backup_metadata=False, partial=False, password='JYcurQeypTfWeGVA', rollback_callback=frappe.utils.CallbackManager(-), site_slug='crm_localhost', user='_29402e52a87f28e9', verbose=True)
      db_name = '_29402e52a87f28e9'
      user = '_29402e52a87f28e9'
      password = ********
      backup_path = None
      backup_path_db = None
      backup_path_files = None
      backup_path_private_files = None
      db_socket = None
      db_host = '127.0.0.1'
      db_port = 3306
      db_type = 'mariadb'
      backup_path_conf = None
      ignore_conf = False
      compress_files = False
      include_doctypes = ''
      exclude_doctypes = ''
      verbose = True
      old_backup_metadata = False
      rollback_callback = frappe.utils.CallbackManager()
      site = 'crm.localhost'
  File "apps/frappe/frappe/utils/backups.py", line 126, in setup_backup_tables
    self._set_existing_tables()
      self = frappe.utils.backups.BackupGenerator(backup_path=None, backup_path_conf=None, backup_path_db=None, backup_path_files=None, backup_path_private_files=None, compress_files=False, db_host='127.0.0.1', db_name='_29402e52a87f28e9', db_port=3306, db_socket=None, db_type='mariadb', exclude_doctypes='', ignore_conf=False, include_doctypes='', old_backup_metadata=False, partial=False, password='JYcurQeypTfWeGVA', rollback_callback=frappe.utils.CallbackManager(-), site_slug='crm_localhost', user='_29402e52a87f28e9', verbose=True)
  File "apps/frappe/frappe/utils/backups.py", line 122, in _set_existing_tables
    self._existing_tables = frappe.db.get_tables()
      self = frappe.utils.backups.BackupGenerator(backup_path=None, backup_path_conf=None, backup_path_db=None, backup_path_files=None, backup_path_private_files=None, compress_files=False, db_host='127.0.0.1', db_name='_29402e52a87f28e9', db_port=3306, db_socket=None, db_type='mariadb', exclude_doctypes='', ignore_conf=False, include_doctypes='', old_backup_metadata=False, partial=False, password='JYcurQeypTfWeGVA', rollback_callback=frappe.utils.CallbackManager(-), site_slug='crm_localhost', user='_29402e52a87f28e9', verbose=True)
  File "apps/frappe/frappe/database/mariadb/mysqlclient.py", line 518, in get_tables
    .run(pluck=True)
      self = frappe.database.mariadb.mysqlclient.MariaDBDatabase(after_commit=frappe.utils.CallbackManager(-), after_rollback=frappe.utils.CallbackManager(-), auto_commit_on_many_writes=0, before_commit=frappe.utils.CallbackManager(-), before_rollback=frappe.utils.CallbackManager(-), cur_db_name='_29402e52a87f28e9', db_type='mariadb', host='127.0.0.1', logger=<Logger database-crm.localhost (WARNING)>, password='JYcurQeypTfWeGVA', port=3306, socket=None, transaction_writes=0, type_map={'Currency': ('decimal', '21,9'), 'Int': ('int', '11'), 'Long Int': ('bigint', '20'), 'Float': ('decimal', '21,9'), 'Percent': ('decimal', '21,9'), 'Check': ('tinyint', '4'), 'Small Text': ('text', ''), 'Long Text': ('lon...'), 'Color': ('varchar', 140), 'Barcode': ('longtext', ''), 'Geolocation': ('longtext', ''), 'Duration': ('decimal', '21,9'), 'Icon': ('varchar', 140), 'Phone': ('varchar', 140), 'Autocomplete': ('varchar', 140), 'JSON': ('json', '')}, user='_29402e52a87f28e9', value_cache=collections.defaultdict{})
      cached = True
      to_query = True
      tables = None
      information_schema = pypika.queries.Schema()
  File "apps/frappe/frappe/query_builder/utils.py", line 131, in execute_query
    result = frappe.local.db.sql(query, params, *args, **kwargs)  # nosemgrep
      query = 'SELECT `table_name` FROM `information_schema`.`tables` WHERE `table_schema`=%(param1)s'
      args = ()
      kwargs = {'pluck': True}
      dt = None
      fields = []
      child_queries = "_child_queries"
      params = {'param1': '_29402e52a87f28e9'}
  File "apps/frappe/frappe/database/database.py", line 249, in sql
    self.connect()
      self = frappe.database.mariadb.mysqlclient.MariaDBDatabase(after_commit=frappe.utils.CallbackManager(-), after_rollback=frappe.utils.CallbackManager(-), auto_commit_on_many_writes=0, before_commit=frappe.utils.CallbackManager(-), before_rollback=frappe.utils.CallbackManager(-), cur_db_name='_29402e52a87f28e9', db_type='mariadb', host='127.0.0.1', logger=<Logger database-crm.localhost (WARNING)>, password='JYcurQeypTfWeGVA', port=3306, socket=None, transaction_writes=0, type_map={'Currency': ('decimal', '21,9'), 'Int': ('int', '11'), 'Long Int': ('bigint', '20'), 'Float': ('decimal', '21,9'), 'Percent': ('decimal', '21,9'), 'Check': ('tinyint', '4'), 'Small Text': ('text', ''), 'Long Text': ('lon...'), 'Color': ('varchar', 140), 'Barcode': ('longtext', ''), 'Geolocation': ('longtext', ''), 'Duration': ('decimal', '21,9'), 'Icon': ('varchar', 140), 'Phone': ('varchar', 140), 'Autocomplete': ('varchar', 140), 'JSON': ('json', '')}, user='_29402e52a87f28e9', value_cache=collections.defaultdict{})
      query = 'SELECT `table_name` FROM `information_schema`.`tables` WHERE `table_schema`=%(param1)s'
      values = {'param1': '_29402e52a87f28e9'}
      as_dict = 0
      as_list = 0
      debug = False
      ignore_ddl = 0
      auto_commit = 0
      update = None
      explain = False
      run = True
      pluck = True
      as_iterator = False
      query_type = 'select'
  File "apps/frappe/frappe/database/database.py", line 147, in connect
    self.get_connection()
      self = frappe.database.mariadb.mysqlclient.MariaDBDatabase(after_commit=frappe.utils.CallbackManager(-), after_rollback=frappe.utils.CallbackManager(-), auto_commit_on_many_writes=0, before_commit=frappe.utils.CallbackManager(-), before_rollback=frappe.utils.CallbackManager(-), cur_db_name='_29402e52a87f28e9', db_type='mariadb', host='127.0.0.1', logger=<Logger database-crm.localhost (WARNING)>, password='JYcurQeypTfWeGVA', port=3306, socket=None, transaction_writes=0, type_map={'Currency': ('decimal', '21,9'), 'Int': ('int', '11'), 'Long Int': ('bigint', '20'), 'Float': ('decimal', '21,9'), 'Percent': ('decimal', '21,9'), 'Check': ('tinyint', '4'), 'Small Text': ('text', ''), 'Long Text': ('lon...'), 'Color': ('varchar', 140), 'Barcode': ('longtext', ''), 'Geolocation': ('longtext', ''), 'Duration': ('decimal', '21,9'), 'Icon': ('varchar', 140), 'Phone': ('varchar', 140), 'Autocomplete': ('varchar', 140), 'JSON': ('json', '')}, user='_29402e52a87f28e9', value_cache=collections.defaultdict{})
  File "apps/frappe/frappe/database/mariadb/mysqlclient.py", line 109, in get_connection
    conn = self._get_connection()
      self = frappe.database.mariadb.mysqlclient.MariaDBDatabase(after_commit=frappe.utils.CallbackManager(-), after_rollback=frappe.utils.CallbackManager(-), auto_commit_on_many_writes=0, before_commit=frappe.utils.CallbackManager(-), before_rollback=frappe.utils.CallbackManager(-), cur_db_name='_29402e52a87f28e9', db_type='mariadb', host='127.0.0.1', logger=<Logger database-crm.localhost (WARNING)>, password='JYcurQeypTfWeGVA', port=3306, socket=None, transaction_writes=0, type_map={'Currency': ('decimal', '21,9'), 'Int': ('int', '11'), 'Long Int': ('bigint', '20'), 'Float': ('decimal', '21,9'), 'Percent': ('decimal', '21,9'), 'Check': ('tinyint', '4'), 'Small Text': ('text', ''), 'Long Text': ('lon...'), 'Color': ('varchar', 140), 'Barcode': ('longtext', ''), 'Geolocation': ('longtext', ''), 'Duration': ('decimal', '21,9'), 'Icon': ('varchar', 140), 'Phone': ('varchar', 140), 'Autocomplete': ('varchar', 140), 'JSON': ('json', '')}, user='_29402e52a87f28e9', value_cache=collections.defaultdict{})
  File "apps/frappe/frappe/database/mariadb/mysqlclient.py", line 114, in _get_connection
    return self.create_connection()
      self = frappe.database.mariadb.mysqlclient.MariaDBDatabase(after_commit=frappe.utils.CallbackManager(-), after_rollback=frappe.utils.CallbackManager(-), auto_commit_on_many_writes=0, before_commit=frappe.utils.CallbackManager(-), before_rollback=frappe.utils.CallbackManager(-), cur_db_name='_29402e52a87f28e9', db_type='mariadb', host='127.0.0.1', logger=<Logger database-crm.localhost (WARNING)>, password='JYcurQeypTfWeGVA', port=3306, socket=None, transaction_writes=0, type_map={'Currency': ('decimal', '21,9'), 'Int': ('int', '11'), 'Long Int': ('bigint', '20'), 'Float': ('decimal', '21,9'), 'Percent': ('decimal', '21,9'), 'Check': ('tinyint', '4'), 'Small Text': ('text', ''), 'Long Text': ('lon...'), 'Color': ('varchar', 140), 'Barcode': ('longtext', ''), 'Geolocation': ('longtext', ''), 'Duration': ('decimal', '21,9'), 'Icon': ('varchar', 140), 'Phone': ('varchar', 140), 'Autocomplete': ('varchar', 140), 'JSON': ('json', '')}, user='_29402e52a87f28e9', value_cache=collections.defaultdict{})
  File "apps/frappe/frappe/database/mariadb/mysqlclient.py", line 117, in create_connection
    return MySQLdb.connect(**self.get_connection_settings())
      self = frappe.database.mariadb.mysqlclient.MariaDBDatabase(after_commit=frappe.utils.CallbackManager(-), after_rollback=frappe.utils.CallbackManager(-), auto_commit_on_many_writes=0, before_commit=frappe.utils.CallbackManager(-), before_rollback=frappe.utils.CallbackManager(-), cur_db_name='_29402e52a87f28e9', db_type='mariadb', host='127.0.0.1', logger=<Logger database-crm.localhost (WARNING)>, password='JYcurQeypTfWeGVA', port=3306, socket=None, transaction_writes=0, type_map={'Currency': ('decimal', '21,9'), 'Int': ('int', '11'), 'Long Int': ('bigint', '20'), 'Float': ('decimal', '21,9'), 'Percent': ('decimal', '21,9'), 'Check': ('tinyint', '4'), 'Small Text': ('text', ''), 'Long Text': ('lon...'), 'Color': ('varchar', 140), 'Barcode': ('longtext', ''), 'Geolocation': ('longtext', ''), 'Duration': ('decimal', '21,9'), 'Icon': ('varchar', 140), 'Phone': ('varchar', 140), 'Autocomplete': ('varchar', 140), 'JSON': ('json', '')}, user='_29402e52a87f28e9', value_cache=collections.defaultdict{})
  File "env/lib/python3.14/site-packages/MySQLdb/__init__.py", line 121, in Connect
    return Connection(*args, **kwargs)
      args = ()
      kwargs = {'user': '_29402e52a87f28e9', 'conv': {<class 'int'>: <function Thing2Str at 0x7041177df320>, <class 'float'>: <function Float2Str at 0x7041177df3d0>, <class 'NoneType'>: <function None2NULL at 0x7041177df480>, <class 'array.array'>: <function array2Str at 0x7041177df690>, <class 'bool'>: <function Bool2Str at 0x7041177df060>, <class 'datetime.date'>: <function Thing2Literal at 0x7041177df530>, <class 'datetime.datetime'>: <function DateTime2literal at 0x7041177dea30>, <class 'datetime.timedelta'>: <function escape_timedelta at 0x70411762d430>, <class 'set'>: <function Set2Str at 0x7041177df1c0>, <class 'decimal.Decimal'>: <function Decimal2Literal at 0x7041177df5e0>, 1: <class 'int'>, 2: <c...t'>: <function escape_dict at 0x70411762d4e0>, <class 'frozenset'>: <function escape_frozenset at 0x7041177ddb10>}, 'charset': 'utf8mb4', 'use_unicode': True, 'local_infile': False, 'multi_statements': False, 'database': '_29402e52a87f28e9', 'host': '127.0.0.1', 'port': 3306, 'password': '********'}
      Connection = MySQLdb.connections.Connection
  File "env/lib/python3.14/site-packages/MySQLdb/connections.py", line 200, in __init__
    super().__init__(*args, **kwargs2)
      self = <_mysql.connection open to '(null)' at 0x5610858b17b0>
      args = ()
      kwargs = {'user': '_29402e52a87f28e9', 'conv': {<class 'int'>: <function Thing2Str at 0x7041177df320>, <class 'float'>: <function Float2Str at 0x7041177df3d0>, <class 'NoneType'>: <function None2NULL at 0x7041177df480>, <class 'array.array'>: <function array2Str at 0x7041177df690>, <class 'bool'>: <function Bool2Str at 0x7041177df060>, <class 'datetime.date'>: <function Thing2Literal at 0x7041177df530>, <class 'datetime.datetime'>: <function DateTime2literal at 0x7041177dea30>, <class 'datetime.timedelta'>: <function escape_timedelta at 0x70411762d430>, <class 'set'>: <function Set2Str at 0x7041177df1c0>, <class 'decimal.Decimal'>: <function Decimal2Literal at 0x7041177df5e0>, 1: <class 'int'>, 2: <c...t'>: <function escape_dict at 0x70411762d4e0>, <class 'frozenset'>: <function escape_frozenset at 0x7041177ddb10>}, 'charset': 'utf8mb4', 'use_unicode': True, 'local_infile': False, 'multi_statements': False, 'database': '_29402e52a87f28e9', 'host': '127.0.0.1', 'port': 3306, 'password': '********'}
      CLIENT = <module 'MySQLdb.constants.CLIENT' from 'env/lib/python3.14/site-packages/MySQLdb/constants/CLIENT.py'>
      FIELD_TYPE = <module 'MySQLdb.constants.FIELD_TYPE' from 'env/lib/python3.14/site-packages/MySQLdb/constants/FIELD_TYPE.py'>
      conversions = {<class 'int'>: <function Thing2Str at 0x7041177df320>, <class 'float'>: <function Float2Str at 0x7041177df3d0>, <class 'NoneType'>: <function None2NULL at 0x7041177df480>, <class 'array.array'>: <function array2Str at 0x7041177df690>, <class 'bool'>: <function Bool2Str at 0x7041177df060>, <class 'datetime.date'>: <function Thing2Literal at 0x7041177df530>, <class 'datetime.datetime'>: <function DateTime2literal at 0x7041177dea30>, <class 'datetime.timedelta'>: <function DateTimeDelta2literal at 0x7041177deae0>, <class 'set'>: <function Set2Str at 0x7041177df1c0>, <class 'decimal.Decimal'>: <function Decimal2Literal at 0x7041177df5e0>, 1: <class 'int'>, 2: <class 'int'>, 3: <class 'int'>, 4:...r_None at 0x7041177de770>, 11: <function TimeDelta_or_None at 0x7041177de820>, 10: <function Date_or_None at 0x7041177de980>, 249: <class 'bytes'>, 250: <class 'bytes'>, 251: <class 'bytes'>, 252: <class 'bytes'>, 254: <class 'bytes'>, 253: <class 'bytes'>, 15: <class 'bytes'>, 245: <class 'bytes'>}
      _bytes_or_str = ((128, bytes), (None, str))
      kwargs2 = {'user': '_29402e52a87f28e9', 'conv': {<class 'int'>: <function Thing2Str at 0x7041177df320>, <class 'float'>: <function Float2Str at 0x7041177df3d0>, <class 'NoneType'>: <function None2NULL at 0x7041177df480>, <class 'array.array'>: <function array2Str at 0x7041177df690>, <class 'bool'>: <function Bool2Str at 0x7041177df060>, <class 'datetime.date'>: <function Thing2Literal at 0x7041177df530>, <class 'datetime.datetime'>: <function DateTime2literal at 0x7041177dea30>, <class 'datetime.timedelta'>: <function escape_timedelta at 0x70411762d430>, <class 'set'>: <function Set2Str at 0x7041177df1c0>, <class 'decimal.Decimal'>: <function Decimal2Literal at 0x7041177df5e0>, 1: <class 'int'>, 2: <c...ass 'bytes'>, <class 'dict'>: <function escape_dict at 0x70411762d4e0>, <class 'frozenset'>: <function escape_frozenset at 0x7041177ddb10>}, 'charset': 'utf8mb4', 'local_infile': False, 'database': '_29402e52a87f28e9', 'host': '127.0.0.1', 'port': 3306, 'password': '********', 'client_flag': 131072}
      conv = {<class 'int'>: <function Thing2Str at 0x7041177df320>, <class 'float'>: <function Float2Str at 0x7041177df3d0>, <class 'NoneType'>: <function None2NULL at 0x7041177df480>, <class 'array.array'>: <function array2Str at 0x7041177df690>, <class 'bool'>: <function Bool2Str at 0x7041177df060>, <class 'datetime.date'>: <function Thing2Literal at 0x7041177df530>, <class 'datetime.datetime'>: <function DateTime2literal at 0x7041177dea30>, <class 'datetime.timedelta'>: <function escape_timedelta at 0x70411762d430>, <class 'set'>: <function Set2Str at 0x7041177df1c0>, <class 'decimal.Decimal'>: <function Decimal2Literal at 0x7041177df5e0>, 1: <class 'int'>, 2: <class 'int'>, 3: <class 'int'>, 4: <cla...249: <class 'bytes'>, 250: <class 'bytes'>, 251: <class 'bytes'>, 252: <class 'bytes'>, 254: <class 'bytes'>, 253: <class 'bytes'>, 15: <class 'bytes'>, 245: <class 'bytes'>, <class 'dict'>: <function escape_dict at 0x70411762d4e0>, <class 'frozenset'>: <function escape_frozenset at 0x7041177ddb10>}
      conv2 = {<class 'int'>: <function Thing2Str at 0x7041177df320>, <class 'float'>: <function Float2Str at 0x7041177df3d0>, <class 'NoneType'>: <function None2NULL at 0x7041177df480>, <class 'array.array'>: <function array2Str at 0x7041177df690>, <class 'bool'>: <function Bool2Str at 0x7041177df060>, <class 'datetime.date'>: <function Thing2Literal at 0x7041177df530>, <class 'datetime.datetime'>: <function DateTime2literal at 0x7041177dea30>, <class 'datetime.timedelta'>: <function escape_timedelta at 0x70411762d430>, <class 'set'>: <function Set2Str at 0x7041177df1c0>, <class 'decimal.Decimal'>: <function Decimal2Literal at 0x7041177df5e0>, 1: <class 'int'>, 2: <class 'int'>, 3: <class 'int'>, 4: <cla...249: <class 'bytes'>, 250: <class 'bytes'>, 251: <class 'bytes'>, 252: <class 'bytes'>, 254: <class 'bytes'>, 253: <class 'bytes'>, 15: <class 'bytes'>, 245: <class 'bytes'>, <class 'dict'>: <function escape_dict at 0x70411762d4e0>, <class 'frozenset'>: <function escape_frozenset at 0x7041177ddb10>}
      k = frozenset
      v = <function escape_frozenset at 0x7041177ddb10>
      cursorclass = MySQLdb.cursors.Cursor
      charset = 'utf8mb4'
      collation = ''
      use_unicode = True
      sql_mode = ''
      client_flag = 131072
      multi_statements = False
      autocommit = False
      __class__ = MySQLdb.connections.Connection
MySQLdb.OperationalError: (1045, "Access denied for user '_29402e52a87f28e9'@'localhost' (using password: YES)")
Backup failed for Site crm.localhost. Database or site_config.json may be corrupted
Traceback with variables (most recent call last):
  File "apps/frappe/frappe/commands/site.py", line 881, in backup
    odb = scheduled_backup(
      context = CliCtxObj(force=False, profile=False, sites=['crm.localhost'], verbose=True)
      with_files = False
      backup_path = None
      backup_path_db = None
      backup_path_files = None
      backup_path_private_files = None
      backup_path_conf = None
      ignore_backup_conf = False
      verbose = True
      compress = False
      include = ''
      exclude = ''
      old_backup_metadata = False
      scheduled_backup = <function scheduled_backup at 0x7f003ec7eae0>
      exit_code = 0
      rollback_callback = None
      site = 'crm.localhost'
  File "apps/frappe/frappe/utils/backups.py", line 589, in scheduled_backup
    return new_backup(
      older_than = 6
      ignore_files = True
      backup_path = None
      backup_path_db = None
      backup_path_files = None
      backup_path_private_files = None
      backup_path_conf = None
      ignore_conf = False
      include_doctypes = ''
      exclude_doctypes = ''
      compress = False
      force = True
      verbose = True
      old_backup_metadata = False
      rollback_callback = frappe.utils.CallbackManager()
  File "apps/frappe/frappe/utils/backups.py", line 626, in new_backup
    odb = BackupGenerator(
      older_than = 6
      ignore_files = True
      backup_path = None
      backup_path_db = None
      backup_path_files = None
      backup_path_private_files = None
      backup_path_conf = None
      ignore_conf = False
      include_doctypes = ''
      exclude_doctypes = ''
      compress = False
      force = True
      verbose = True
      old_backup_metadata = False
      rollback_callback = frappe.utils.CallbackManager()
  File "apps/frappe/frappe/utils/backups.py", line 89, in __init__
    self.setup_backup_tables()
      self = frappe.utils.backups.BackupGenerator(backup_path=None, backup_path_conf=None, backup_path_db=None, backup_path_files=None, backup_path_private_files=None, compress_files=False, db_host='127.0.0.1', db_name='_29402e52a87f28e9', db_port=3306, db_socket=None, db_type='mariadb', exclude_doctypes='', ignore_conf=False, include_doctypes='', old_backup_metadata=False, partial=False, password='JYcurQeypTfWeGVA', rollback_callback=frappe.utils.CallbackManager(-), site_slug='crm_localhost', user='_29402e52a87f28e9', verbose=True)
      db_name = '_29402e52a87f28e9'
      user = '_29402e52a87f28e9'
      password = ********
      backup_path = None
      backup_path_db = None
      backup_path_files = None
      backup_path_private_files = None
      db_socket = None
      db_host = '127.0.0.1'
      db_port = 3306
      db_type = 'mariadb'
      backup_path_conf = None
      ignore_conf = False
      compress_files = False
      include_doctypes = ''
      exclude_doctypes = ''
      verbose = True
      old_backup_metadata = False
      rollback_callback = frappe.utils.CallbackManager()
      site = 'crm.localhost'
  File "apps/frappe/frappe/utils/backups.py", line 126, in setup_backup_tables
    self._set_existing_tables()
      self = frappe.utils.backups.BackupGenerator(backup_path=None, backup_path_conf=None, backup_path_db=None, backup_path_files=None, backup_path_private_files=None, compress_files=False, db_host='127.0.0.1', db_name='_29402e52a87f28e9', db_port=3306, db_socket=None, db_type='mariadb', exclude_doctypes='', ignore_conf=False, include_doctypes='', old_backup_metadata=False, partial=False, password='JYcurQeypTfWeGVA', rollback_callback=frappe.utils.CallbackManager(-), site_slug='crm_localhost', user='_29402e52a87f28e9', verbose=True)
  File "apps/frappe/frappe/utils/backups.py", line 122, in _set_existing_tables
    self._existing_tables = frappe.db.get_tables()
      self = frappe.utils.backups.BackupGenerator(backup_path=None, backup_path_conf=None, backup_path_db=None, backup_path_files=None, backup_path_private_files=None, compress_files=False, db_host='127.0.0.1', db_name='_29402e52a87f28e9', db_port=3306, db_socket=None, db_type='mariadb', exclude_doctypes='', ignore_conf=False, include_doctypes='', old_backup_metadata=False, partial=False, password='JYcurQeypTfWeGVA', rollback_callback=frappe.utils.CallbackManager(-), site_slug='crm_localhost', user='_29402e52a87f28e9', verbose=True)
  File "apps/frappe/frappe/database/mariadb/mysqlclient.py", line 518, in get_tables
    .run(pluck=True)
      self = frappe.database.mariadb.mysqlclient.MariaDBDatabase(after_commit=frappe.utils.CallbackManager(-), after_rollback=frappe.utils.CallbackManager(-), auto_commit_on_many_writes=0, before_commit=frappe.utils.CallbackManager(-), before_rollback=frappe.utils.CallbackManager(-), cur_db_name='_29402e52a87f28e9', db_type='mariadb', host='127.0.0.1', logger=<Logger database-crm.localhost (WARNING)>, password='JYcurQeypTfWeGVA', port=3306, socket=None, transaction_writes=0, type_map={'Currency': ('decimal', '21,9'), 'Int': ('int', '11'), 'Long Int': ('bigint', '20'), 'Float': ('decimal', '21,9'), 'Percent': ('decimal', '21,9'), 'Check': ('tinyint', '4'), 'Small Text': ('text', ''), 'Long Text': ('lon...'), 'Color': ('varchar', 140), 'Barcode': ('longtext', ''), 'Geolocation': ('longtext', ''), 'Duration': ('decimal', '21,9'), 'Icon': ('varchar', 140), 'Phone': ('varchar', 140), 'Autocomplete': ('varchar', 140), 'JSON': ('json', '')}, user='_29402e52a87f28e9', value_cache=collections.defaultdict{})
      cached = True
      to_query = True
      tables = None
      information_schema = pypika.queries.Schema()
  File "apps/frappe/frappe/query_builder/utils.py", line 131, in execute_query
    result = frappe.local.db.sql(query, params, *args, **kwargs)  # nosemgrep
      query = 'SELECT `table_name` FROM `information_schema`.`tables` WHERE `table_schema`=%(param1)s'
      args = ()
      kwargs = {'pluck': True}
      dt = None
      fields = []
      child_queries = "_child_queries"
      params = {'param1': '_29402e52a87f28e9'}
  File "apps/frappe/frappe/database/database.py", line 249, in sql
    self.connect()
      self = frappe.database.mariadb.mysqlclient.MariaDBDatabase(after_commit=frappe.utils.CallbackManager(-), after_rollback=frappe.utils.CallbackManager(-), auto_commit_on_many_writes=0, before_commit=frappe.utils.CallbackManager(-), before_rollback=frappe.utils.CallbackManager(-), cur_db_name='_29402e52a87f28e9', db_type='mariadb', host='127.0.0.1', logger=<Logger database-crm.localhost (WARNING)>, password='JYcurQeypTfWeGVA', port=3306, socket=None, transaction_writes=0, type_map={'Currency': ('decimal', '21,9'), 'Int': ('int', '11'), 'Long Int': ('bigint', '20'), 'Float': ('decimal', '21,9'), 'Percent': ('decimal', '21,9'), 'Check': ('tinyint', '4'), 'Small Text': ('text', ''), 'Long Text': ('lon...'), 'Color': ('varchar', 140), 'Barcode': ('longtext', ''), 'Geolocation': ('longtext', ''), 'Duration': ('decimal', '21,9'), 'Icon': ('varchar', 140), 'Phone': ('varchar', 140), 'Autocomplete': ('varchar', 140), 'JSON': ('json', '')}, user='_29402e52a87f28e9', value_cache=collections.defaultdict{})
      query = 'SELECT `table_name` FROM `information_schema`.`tables` WHERE `table_schema`=%(param1)s'
      values = {'param1': '_29402e52a87f28e9'}
      as_dict = 0
      as_list = 0
      debug = False
      ignore_ddl = 0
      auto_commit = 0
      update = None
      explain = False
      run = True
      pluck = True
      as_iterator = False
      query_type = 'select'
  File "apps/frappe/frappe/database/database.py", line 147, in connect
    self.get_connection()
      self = frappe.database.mariadb.mysqlclient.MariaDBDatabase(after_commit=frappe.utils.CallbackManager(-), after_rollback=frappe.utils.CallbackManager(-), auto_commit_on_many_writes=0, before_commit=frappe.utils.CallbackManager(-), before_rollback=frappe.utils.CallbackManager(-), cur_db_name='_29402e52a87f28e9', db_type='mariadb', host='127.0.0.1', logger=<Logger database-crm.localhost (WARNING)>, password='JYcurQeypTfWeGVA', port=3306, socket=None, transaction_writes=0, type_map={'Currency': ('decimal', '21,9'), 'Int': ('int', '11'), 'Long Int': ('bigint', '20'), 'Float': ('decimal', '21,9'), 'Percent': ('decimal', '21,9'), 'Check': ('tinyint', '4'), 'Small Text': ('text', ''), 'Long Text': ('lon...'), 'Color': ('varchar', 140), 'Barcode': ('longtext', ''), 'Geolocation': ('longtext', ''), 'Duration': ('decimal', '21,9'), 'Icon': ('varchar', 140), 'Phone': ('varchar', 140), 'Autocomplete': ('varchar', 140), 'JSON': ('json', '')}, user='_29402e52a87f28e9', value_cache=collections.defaultdict{})
  File "apps/frappe/frappe/database/mariadb/mysqlclient.py", line 109, in get_connection
    conn = self._get_connection()
      self = frappe.database.mariadb.mysqlclient.MariaDBDatabase(after_commit=frappe.utils.CallbackManager(-), after_rollback=frappe.utils.CallbackManager(-), auto_commit_on_many_writes=0, before_commit=frappe.utils.CallbackManager(-), before_rollback=frappe.utils.CallbackManager(-), cur_db_name='_29402e52a87f28e9', db_type='mariadb', host='127.0.0.1', logger=<Logger database-crm.localhost (WARNING)>, password='JYcurQeypTfWeGVA', port=3306, socket=None, transaction_writes=0, type_map={'Currency': ('decimal', '21,9'), 'Int': ('int', '11'), 'Long Int': ('bigint', '20'), 'Float': ('decimal', '21,9'), 'Percent': ('decimal', '21,9'), 'Check': ('tinyint', '4'), 'Small Text': ('text', ''), 'Long Text': ('lon...'), 'Color': ('varchar', 140), 'Barcode': ('longtext', ''), 'Geolocation': ('longtext', ''), 'Duration': ('decimal', '21,9'), 'Icon': ('varchar', 140), 'Phone': ('varchar', 140), 'Autocomplete': ('varchar', 140), 'JSON': ('json', '')}, user='_29402e52a87f28e9', value_cache=collections.defaultdict{})
  File "apps/frappe/frappe/database/mariadb/mysqlclient.py", line 114, in _get_connection
    return self.create_connection()
      self = frappe.database.mariadb.mysqlclient.MariaDBDatabase(after_commit=frappe.utils.CallbackManager(-), after_rollback=frappe.utils.CallbackManager(-), auto_commit_on_many_writes=0, before_commit=frappe.utils.CallbackManager(-), before_rollback=frappe.utils.CallbackManager(-), cur_db_name='_29402e52a87f28e9', db_type='mariadb', host='127.0.0.1', logger=<Logger database-crm.localhost (WARNING)>, password='JYcurQeypTfWeGVA', port=3306, socket=None, transaction_writes=0, type_map={'Currency': ('decimal', '21,9'), 'Int': ('int', '11'), 'Long Int': ('bigint', '20'), 'Float': ('decimal', '21,9'), 'Percent': ('decimal', '21,9'), 'Check': ('tinyint', '4'), 'Small Text': ('text', ''), 'Long Text': ('lon...'), 'Color': ('varchar', 140), 'Barcode': ('longtext', ''), 'Geolocation': ('longtext', ''), 'Duration': ('decimal', '21,9'), 'Icon': ('varchar', 140), 'Phone': ('varchar', 140), 'Autocomplete': ('varchar', 140), 'JSON': ('json', '')}, user='_29402e52a87f28e9', value_cache=collections.defaultdict{})
  File "apps/frappe/frappe/database/mariadb/mysqlclient.py", line 117, in create_connection
    return MySQLdb.connect(**self.get_connection_settings())
      self = frappe.database.mariadb.mysqlclient.MariaDBDatabase(after_commit=frappe.utils.CallbackManager(-), after_rollback=frappe.utils.CallbackManager(-), auto_commit_on_many_writes=0, before_commit=frappe.utils.CallbackManager(-), before_rollback=frappe.utils.CallbackManager(-), cur_db_name='_29402e52a87f28e9', db_type='mariadb', host='127.0.0.1', logger=<Logger database-crm.localhost (WARNING)>, password='JYcurQeypTfWeGVA', port=3306, socket=None, transaction_writes=0, type_map={'Currency': ('decimal', '21,9'), 'Int': ('int', '11'), 'Long Int': ('bigint', '20'), 'Float': ('decimal', '21,9'), 'Percent': ('decimal', '21,9'), 'Check': ('tinyint', '4'), 'Small Text': ('text', ''), 'Long Text': ('lon...'), 'Color': ('varchar', 140), 'Barcode': ('longtext', ''), 'Geolocation': ('longtext', ''), 'Duration': ('decimal', '21,9'), 'Icon': ('varchar', 140), 'Phone': ('varchar', 140), 'Autocomplete': ('varchar', 140), 'JSON': ('json', '')}, user='_29402e52a87f28e9', value_cache=collections.defaultdict{})
  File "env/lib/python3.14/site-packages/MySQLdb/__init__.py", line 121, in Connect
    return Connection(*args, **kwargs)
      args = ()
      kwargs = {'user': '_29402e52a87f28e9', 'conv': {<class 'int'>: <function Thing2Str at 0x7f003dfef320>, <class 'float'>: <function Float2Str at 0x7f003dfef3d0>, <class 'NoneType'>: <function None2NULL at 0x7f003dfef480>, <class 'array.array'>: <function array2Str at 0x7f003dfef690>, <class 'bool'>: <function Bool2Str at 0x7f003dfef060>, <class 'datetime.date'>: <function Thing2Literal at 0x7f003dfef530>, <class 'datetime.datetime'>: <function DateTime2literal at 0x7f003dfeea30>, <class 'datetime.timedelta'>: <function escape_timedelta at 0x7f003de3d430>, <class 'set'>: <function Set2Str at 0x7f003dfef1c0>, <class 'decimal.Decimal'>: <function Decimal2Literal at 0x7f003dfef5e0>, 1: <class 'int'>, 2: <c...t'>: <function escape_dict at 0x7f003de3d4e0>, <class 'frozenset'>: <function escape_frozenset at 0x7f003dfedb10>}, 'charset': 'utf8mb4', 'use_unicode': True, 'local_infile': False, 'multi_statements': False, 'database': '_29402e52a87f28e9', 'host': '127.0.0.1', 'port': 3306, 'password': '********'}
      Connection = MySQLdb.connections.Connection
  File "env/lib/python3.14/site-packages/MySQLdb/connections.py", line 200, in __init__
    super().__init__(*args, **kwargs2)
      self = <_mysql.connection open to '(null)' at 0x63607290c8c0>
      args = ()
      kwargs = {'user': '_29402e52a87f28e9', 'conv': {<class 'int'>: <function Thing2Str at 0x7f003dfef320>, <class 'float'>: <function Float2Str at 0x7f003dfef3d0>, <class 'NoneType'>: <function None2NULL at 0x7f003dfef480>, <class 'array.array'>: <function array2Str at 0x7f003dfef690>, <class 'bool'>: <function Bool2Str at 0x7f003dfef060>, <class 'datetime.date'>: <function Thing2Literal at 0x7f003dfef530>, <class 'datetime.datetime'>: <function DateTime2literal at 0x7f003dfeea30>, <class 'datetime.timedelta'>: <function escape_timedelta at 0x7f003de3d430>, <class 'set'>: <function Set2Str at 0x7f003dfef1c0>, <class 'decimal.Decimal'>: <function Decimal2Literal at 0x7f003dfef5e0>, 1: <class 'int'>, 2: <c...t'>: <function escape_dict at 0x7f003de3d4e0>, <class 'frozenset'>: <function escape_frozenset at 0x7f003dfedb10>}, 'charset': 'utf8mb4', 'use_unicode': True, 'local_infile': False, 'multi_statements': False, 'database': '_29402e52a87f28e9', 'host': '127.0.0.1', 'port': 3306, 'password': '********'}
      CLIENT = <module 'MySQLdb.constants.CLIENT' from 'env/lib/python3.14/site-packages/MySQLdb/constants/CLIENT.py'>
      FIELD_TYPE = <module 'MySQLdb.constants.FIELD_TYPE' from 'env/lib/python3.14/site-packages/MySQLdb/constants/FIELD_TYPE.py'>
      conversions = {<class 'int'>: <function Thing2Str at 0x7f003dfef320>, <class 'float'>: <function Float2Str at 0x7f003dfef3d0>, <class 'NoneType'>: <function None2NULL at 0x7f003dfef480>, <class 'array.array'>: <function array2Str at 0x7f003dfef690>, <class 'bool'>: <function Bool2Str at 0x7f003dfef060>, <class 'datetime.date'>: <function Thing2Literal at 0x7f003dfef530>, <class 'datetime.datetime'>: <function DateTime2literal at 0x7f003dfeea30>, <class 'datetime.timedelta'>: <function DateTimeDelta2literal at 0x7f003dfeeae0>, <class 'set'>: <function Set2Str at 0x7f003dfef1c0>, <class 'decimal.Decimal'>: <function Decimal2Literal at 0x7f003dfef5e0>, 1: <class 'int'>, 2: <class 'int'>, 3: <class 'int'>, 4:...r_None at 0x7f003dfee770>, 11: <function TimeDelta_or_None at 0x7f003dfee820>, 10: <function Date_or_None at 0x7f003dfee980>, 249: <class 'bytes'>, 250: <class 'bytes'>, 251: <class 'bytes'>, 252: <class 'bytes'>, 254: <class 'bytes'>, 253: <class 'bytes'>, 15: <class 'bytes'>, 245: <class 'bytes'>}
      _bytes_or_str = ((128, bytes), (None, str))
      kwargs2 = {'user': '_29402e52a87f28e9', 'conv': {<class 'int'>: <function Thing2Str at 0x7f003dfef320>, <class 'float'>: <function Float2Str at 0x7f003dfef3d0>, <class 'NoneType'>: <function None2NULL at 0x7f003dfef480>, <class 'array.array'>: <function array2Str at 0x7f003dfef690>, <class 'bool'>: <function Bool2Str at 0x7f003dfef060>, <class 'datetime.date'>: <function Thing2Literal at 0x7f003dfef530>, <class 'datetime.datetime'>: <function DateTime2literal at 0x7f003dfeea30>, <class 'datetime.timedelta'>: <function escape_timedelta at 0x7f003de3d430>, <class 'set'>: <function Set2Str at 0x7f003dfef1c0>, <class 'decimal.Decimal'>: <function Decimal2Literal at 0x7f003dfef5e0>, 1: <class 'int'>, 2: <c...ass 'bytes'>, <class 'dict'>: <function escape_dict at 0x7f003de3d4e0>, <class 'frozenset'>: <function escape_frozenset at 0x7f003dfedb10>}, 'charset': 'utf8mb4', 'local_infile': False, 'database': '_29402e52a87f28e9', 'host': '127.0.0.1', 'port': 3306, 'password': '********', 'client_flag': 131072}
      conv = {<class 'int'>: <function Thing2Str at 0x7f003dfef320>, <class 'float'>: <function Float2Str at 0x7f003dfef3d0>, <class 'NoneType'>: <function None2NULL at 0x7f003dfef480>, <class 'array.array'>: <function array2Str at 0x7f003dfef690>, <class 'bool'>: <function Bool2Str at 0x7f003dfef060>, <class 'datetime.date'>: <function Thing2Literal at 0x7f003dfef530>, <class 'datetime.datetime'>: <function DateTime2literal at 0x7f003dfeea30>, <class 'datetime.timedelta'>: <function escape_timedelta at 0x7f003de3d430>, <class 'set'>: <function Set2Str at 0x7f003dfef1c0>, <class 'decimal.Decimal'>: <function Decimal2Literal at 0x7f003dfef5e0>, 1: <class 'int'>, 2: <class 'int'>, 3: <class 'int'>, 4: <cla...249: <class 'bytes'>, 250: <class 'bytes'>, 251: <class 'bytes'>, 252: <class 'bytes'>, 254: <class 'bytes'>, 253: <class 'bytes'>, 15: <class 'bytes'>, 245: <class 'bytes'>, <class 'dict'>: <function escape_dict at 0x7f003de3d4e0>, <class 'frozenset'>: <function escape_frozenset at 0x7f003dfedb10>}
      conv2 = {<class 'int'>: <function Thing2Str at 0x7f003dfef320>, <class 'float'>: <function Float2Str at 0x7f003dfef3d0>, <class 'NoneType'>: <function None2NULL at 0x7f003dfef480>, <class 'array.array'>: <function array2Str at 0x7f003dfef690>, <class 'bool'>: <function Bool2Str at 0x7f003dfef060>, <class 'datetime.date'>: <function Thing2Literal at 0x7f003dfef530>, <class 'datetime.datetime'>: <function DateTime2literal at 0x7f003dfeea30>, <class 'datetime.timedelta'>: <function escape_timedelta at 0x7f003de3d430>, <class 'set'>: <function Set2Str at 0x7f003dfef1c0>, <class 'decimal.Decimal'>: <function Decimal2Literal at 0x7f003dfef5e0>, 1: <class 'int'>, 2: <class 'int'>, 3: <class 'int'>, 4: <cla...249: <class 'bytes'>, 250: <class 'bytes'>, 251: <class 'bytes'>, 252: <class 'bytes'>, 254: <class 'bytes'>, 253: <class 'bytes'>, 15: <class 'bytes'>, 245: <class 'bytes'>, <class 'dict'>: <function escape_dict at 0x7f003de3d4e0>, <class 'frozenset'>: <function escape_frozenset at 0x7f003dfedb10>}
      k = frozenset
      v = <function escape_frozenset at 0x7f003dfedb10>
      cursorclass = MySQLdb.cursors.Cursor
      charset = 'utf8mb4'
      collation = ''
      use_unicode = True
      sql_mode = ''
      client_flag = 131072
      multi_statements = False
      autocommit = False
      __class__ = MySQLdb.connections.Connection
MySQLdb.OperationalError: (2002, "Can't connect to server on '127.0.0.1' (115)")
set -o pipefail; /usr/bin/mysqldump --user=_29402e52a87f28e9 --host=172.18.0.2 --port=3306 --password=********** --single-transaction --quick --lock-tables=false _29402e52a87f28e9 | /usr/bin/gzip >> ./crm.localhost/private/backups/20260413_163005-crm_localhost-database.sql.gz

Backup Summary for crm.localhost at 2026-04-13 16:30:06.831014
Config  : /home/emlad/Developer/frappe-crm-f0rk/frappe-bench/sites/crm.localhost/private/backups/20260413_163005-crm_localhost-site_config_backup.json 332.0B
Database: /home/emlad/Developer/frappe-crm-f0rk/frappe-bench/sites/crm.localhost/private/backups/20260413_163005-crm_localhost-database.sql.gz 265.3KiB
Backup for Site crm.localhost has been successfully completed
set -o pipefail; /usr/bin/mysqldump --user=_29402e52a87f28e9 --host=172.18.0.2 --port=3306 --password=********** --single-transaction --quick --lock-tables=false _29402e52a87f28e9 | /usr/bin/gzip >> ./crm.localhost/private/backups/20260413_223005-crm_localhost-database.sql.gz

Backup Summary for crm.localhost at 2026-04-13 22:30:06.834827
Config  : /home/emlad/Developer/frappe-crm-f0rk/frappe-bench/sites/crm.localhost/private/backups/20260413_223005-crm_localhost-site_config_backup.json 332.0B
Database: /home/emlad/Developer/frappe-crm-f0rk/frappe-bench/sites/crm.localhost/private/backups/20260413_223005-crm_localhost-database.sql.gz 274.4KiB
Backup for Site crm.localhost has been successfully completed
set -o pipefail; /usr/bin/mysqldump --user=_29402e52a87f28e9 --host=172.18.0.2 --port=3306 --password=********** --single-transaction --quick --lock-tables=false _29402e52a87f28e9 | /usr/bin/gzip >> ./crm.localhost/private/backups/20260414_043006-crm_localhost-database.sql.gz

Backup Summary for crm.localhost at 2026-04-14 04:30:07.875374
Config  : /home/emlad/Developer/frappe-crm-f0rk/frappe-bench/sites/crm.localhost/private/backups/20260414_043006-crm_localhost-site_config_backup.json 332.0B
Database: /home/emlad/Developer/frappe-crm-f0rk/frappe-bench/sites/crm.localhost/private/backups/20260414_043006-crm_localhost-database.sql.gz 318.9KiB
Backup for Site crm.localhost has been successfully completed
set -o pipefail; /usr/bin/mysqldump --user=_29402e52a87f28e9 --host=172.18.0.2 --port=3306 --password=********** --single-transaction --quick --lock-tables=false _29402e52a87f28e9 | /usr/bin/gzip >> ./crm.localhost/private/backups/20260414_103008-crm_localhost-database.sql.gz

Backup Summary for crm.localhost at 2026-04-14 10:30:10.722603
Config  : /home/emlad/Developer/frappe-crm-f0rk/frappe-bench/sites/crm.localhost/private/backups/20260414_103008-crm_localhost-site_config_backup.json 332.0B
Database: /home/emlad/Developer/frappe-crm-f0rk/frappe-bench/sites/crm.localhost/private/backups/20260414_103008-crm_localhost-database.sql.gz 318.9KiB
Backup for Site crm.localhost has been successfully completed
set -o pipefail; /usr/bin/mysqldump --user=_29402e52a87f28e9 --host=172.18.0.2 --port=3306 --password=********** --single-transaction --quick --lock-tables=false _29402e52a87f28e9 | /usr/bin/gzip >> ./crm.localhost/private/backups/20260414_163005-crm_localhost-database.sql.gz

Backup Summary for crm.localhost at 2026-04-14 16:30:07.165501
Config  : /home/emlad/Developer/frappe-crm-f0rk/frappe-bench/sites/crm.localhost/private/backups/20260414_163005-crm_localhost-site_config_backup.json 332.0B
Database: /home/emlad/Developer/frappe-crm-f0rk/frappe-bench/sites/crm.localhost/private/backups/20260414_163005-crm_localhost-database.sql.gz 318.9KiB
Backup for Site crm.localhost has been successfully completed
set -o pipefail; /usr/bin/mysqldump --user=_29402e52a87f28e9 --host=172.18.0.2 --port=3306 --password=********** --single-transaction --quick --lock-tables=false _29402e52a87f28e9 | /usr/bin/gzip >> ./crm.localhost/private/backups/20260414_223007-crm_localhost-database.sql.gz

Backup Summary for crm.localhost at 2026-04-14 22:30:09.353075
Config  : /home/emlad/Developer/frappe-crm-f0rk/frappe-bench/sites/crm.localhost/private/backups/20260414_223007-crm_localhost-site_config_backup.json 332.0B
Database: /home/emlad/Developer/frappe-crm-f0rk/frappe-bench/sites/crm.localhost/private/backups/20260414_223007-crm_localhost-database.sql.gz 322.2KiB
Backup for Site crm.localhost has been successfully completed
set -o pipefail; /usr/bin/mysqldump --user=_29402e52a87f28e9 --host=172.18.0.2 --port=3306 --password=********** --single-transaction --quick --lock-tables=false _29402e52a87f28e9 | /usr/bin/gzip >> ./crm.localhost/private/backups/20260415_043003-crm_localhost-database.sql.gz

Backup Summary for crm.localhost at 2026-04-15 04:30:05.696767
Config  : /home/emlad/Developer/frappe-crm-f0rk/frappe-bench/sites/crm.localhost/private/backups/20260415_043003-crm_localhost-site_config_backup.json 332.0B
Database: /home/emlad/Developer/frappe-crm-f0rk/frappe-bench/sites/crm.localhost/private/backups/20260415_043003-crm_localhost-database.sql.gz 324.1KiB
Backup for Site crm.localhost has been successfully completed
set -o pipefail; /usr/bin/mysqldump --user=_29402e52a87f28e9 --host=172.18.0.2 --port=3306 --password=********** --single-transaction --quick --lock-tables=false _29402e52a87f28e9 | /usr/bin/gzip >> ./crm.localhost/private/backups/20260415_103006-crm_localhost-database.sql.gz

Backup Summary for crm.localhost at 2026-04-15 10:30:08.148193
Config  : /home/emlad/Developer/frappe-crm-f0rk/frappe-bench/sites/crm.localhost/private/backups/20260415_103006-crm_localhost-site_config_backup.json 332.0B
Database: /home/emlad/Developer/frappe-crm-f0rk/frappe-bench/sites/crm.localhost/private/backups/20260415_103006-crm_localhost-database.sql.gz 324.1KiB
Backup for Site crm.localhost has been successfully completed
set -o pipefail; /usr/bin/mysqldump --user=_29402e52a87f28e9 --host=172.18.0.2 --port=3306 --password=********** --single-transaction --quick --lock-tables=false _29402e52a87f28e9 | /usr/bin/gzip >> ./crm.localhost/private/backups/20260415_163005-crm_localhost-database.sql.gz

Backup Summary for crm.localhost at 2026-04-15 16:30:06.968210
Config  : /home/emlad/Developer/frappe-crm-f0rk/frappe-bench/sites/crm.localhost/private/backups/20260415_163005-crm_localhost-site_config_backup.json 332.0B
Database: /home/emlad/Developer/frappe-crm-f0rk/frappe-bench/sites/crm.localhost/private/backups/20260415_163005-crm_localhost-database.sql.gz 324.1KiB
Backup for Site crm.localhost has been successfully completed
