2026-02-16 01:03:56,640 Worker 3e88fe614a074a17b629cb6f42be8bd8: started with PID 225642, version 2.6.1
2026-02-16 01:03:56,641 Worker 3e88fe614a074a17b629cb6f42be8bd8: subscribing to channel rq:pubsub:3e88fe614a074a17b629cb6f42be8bd8
2026-02-16 01:03:56,643 *** Listening on home-emlad-Developer-frappe-crm-f0rk-frappe-bench:short, home-emlad-Developer-frappe-crm-f0rk-frappe-bench:default, home-emlad-Developer-frappe-crm-f0rk-frappe-bench:long...
2026-02-16 01:03:56,645 Worker 3e88fe614a074a17b629cb6f42be8bd8: cleaning registries for queue: home-emlad-Developer-frappe-crm-f0rk-frappe-bench:short
2026-02-16 01:03:56,648 Worker 3e88fe614a074a17b629cb6f42be8bd8: cleaning registries for queue: home-emlad-Developer-frappe-crm-f0rk-frappe-bench:default
2026-02-16 01:03:56,650 Worker 3e88fe614a074a17b629cb6f42be8bd8: cleaning registries for queue: home-emlad-Developer-frappe-crm-f0rk-frappe-bench:long
2026-02-16 01:16:00,629 home-emlad-Developer-frappe-crm-f0rk-frappe-bench:long: frappe.utils.background_jobs.execute_job(event=None, is_async=True, job_name='frappe.core.doctype.scheduled_job_type.scheduled_job_type.run_scheduled_jo..., kwargs={'job_type': 'frappe.core.doctype.prepared_report.prepared_report.expire_st..., method='frappe.core.doctype.scheduled_job_type.scheduled_job_type.run_scheduled_jo..., site='crm.localhost', user='Administrator') (crm.localhost||scheduled_job||pg38n3u04d)
2026-02-16 01:16:01,511 Successfully completed frappe.utils.background_jobs.execute_job(event=None, is_async=True, job_name='frappe.core.doctype.scheduled_job_type.scheduled_job_type.run_scheduled_jo..., kwargs={'job_type': 'frappe.core.doctype.prepared_report.prepared_report.expire_st..., method='frappe.core.doctype.scheduled_job_type.scheduled_job_type.run_scheduled_jo..., site='crm.localhost', user='Administrator') job in 0:00:00.786739s on worker 3e88fe614a074a17b629cb6f42be8bd8
2026-02-16 01:16:01,511 home-emlad-Developer-frappe-crm-f0rk-frappe-bench:long: Job OK (crm.localhost||scheduled_job||pg38n3u04d)
2026-02-16 01:16:01,511 Result is kept for 600 seconds
2026-02-16 01:16:01,521 Worker 3e88fe614a074a17b629cb6f42be8bd8: cleaning registries for queue: home-emlad-Developer-frappe-crm-f0rk-frappe-bench:short
2026-02-16 01:16:01,524 Worker 3e88fe614a074a17b629cb6f42be8bd8: cleaning registries for queue: home-emlad-Developer-frappe-crm-f0rk-frappe-bench:default
2026-02-16 01:16:01,526 Worker 3e88fe614a074a17b629cb6f42be8bd8: cleaning registries for queue: home-emlad-Developer-frappe-crm-f0rk-frappe-bench:long
2026-02-16 01:16:01,529 home-emlad-Developer-frappe-crm-f0rk-frappe-bench:default: frappe.utils.background_jobs.execute_job(event=None, is_async=True, job_name='frappe.core.doctype.scheduled_job_type.scheduled_job_type.run_scheduled_jo..., kwargs={'job_type': 'crm.lead_syncing.background_sync.sync_leads_from_sources_10_m..., method='frappe.core.doctype.scheduled_job_type.scheduled_job_type.run_scheduled_jo..., site='crm.localhost', user='Administrator') (crm.localhost||scheduled_job||pls9mga06a)
2026-02-16 01:16:02,132 Successfully completed frappe.utils.background_jobs.execute_job(event=None, is_async=True, job_name='frappe.core.doctype.scheduled_job_type.scheduled_job_type.run_scheduled_jo..., kwargs={'job_type': 'crm.lead_syncing.background_sync.sync_leads_from_sources_10_m..., method='frappe.core.doctype.scheduled_job_type.scheduled_job_type.run_scheduled_jo..., site='crm.localhost', user='Administrator') job in 0:00:00.592853s on worker 3e88fe614a074a17b629cb6f42be8bd8
2026-02-16 01:16:02,133 home-emlad-Developer-frappe-crm-f0rk-frappe-bench:default: Job OK (crm.localhost||scheduled_job||pls9mga06a)
2026-02-16 01:16:02,133 Result is kept for 600 seconds
2026-02-16 01:16:02,142 home-emlad-Developer-frappe-crm-f0rk-frappe-bench:default: frappe.utils.background_jobs.execute_job(event=None, is_async=True, job_name='frappe.core.doctype.scheduled_job_type.scheduled_job_type.run_scheduled_jo..., kwargs={'job_type': 'frappe.email.doctype.email_account.email_account.notify_unrep..., method='frappe.core.doctype.scheduled_job_type.scheduled_job_type.run_scheduled_jo..., site='crm.localhost', user='Administrator') (crm.localhost||scheduled_job||pg275o944e)
2026-02-16 01:16:02,737 Successfully completed frappe.utils.background_jobs.execute_job(event=None, is_async=True, job_name='frappe.core.doctype.scheduled_job_type.scheduled_job_type.run_scheduled_jo..., kwargs={'job_type': 'frappe.email.doctype.email_account.email_account.notify_unrep..., method='frappe.core.doctype.scheduled_job_type.scheduled_job_type.run_scheduled_jo..., site='crm.localhost', user='Administrator') job in 0:00:00.585550s on worker 3e88fe614a074a17b629cb6f42be8bd8
2026-02-16 01:16:02,737 home-emlad-Developer-frappe-crm-f0rk-frappe-bench:default: Job OK (crm.localhost||scheduled_job||pg275o944e)
2026-02-16 01:16:02,737 Result is kept for 600 seconds
2026-02-16 01:16:02,747 home-emlad-Developer-frappe-crm-f0rk-frappe-bench:default: frappe.utils.background_jobs.execute_job(event=None, is_async=True, job_name='frappe.core.doctype.scheduled_job_type.scheduled_job_type.run_scheduled_jo..., kwargs={'job_type': 'frappe.deferred_insert.save_to_db', 'scheduled_job_type': 'pg..., method='frappe.core.doctype.scheduled_job_type.scheduled_job_type.run_scheduled_jo..., site='crm.localhost', user='Administrator') (crm.localhost||scheduled_job||pg2q1qv7pc)
2026-02-16 01:16:03,309 Successfully completed frappe.utils.background_jobs.execute_job(event=None, is_async=True, job_name='frappe.core.doctype.scheduled_job_type.scheduled_job_type.run_scheduled_jo..., kwargs={'job_type': 'frappe.deferred_insert.save_to_db', 'scheduled_job_type': 'pg..., method='frappe.core.doctype.scheduled_job_type.scheduled_job_type.run_scheduled_jo..., site='crm.localhost', user='Administrator') job in 0:00:00.553068s on worker 3e88fe614a074a17b629cb6f42be8bd8
2026-02-16 01:16:03,310 home-emlad-Developer-frappe-crm-f0rk-frappe-bench:default: Job OK (crm.localhost||scheduled_job||pg2q1qv7pc)
2026-02-16 01:16:03,310 Result is kept for 600 seconds
2026-02-16 01:16:03,320 home-emlad-Developer-frappe-crm-f0rk-frappe-bench:default: frappe.utils.background_jobs.execute_job(event=None, is_async=True, job_name='frappe.core.doctype.scheduled_job_type.scheduled_job_type.run_scheduled_jo..., kwargs={'job_type': 'frappe.email.doctype.notification.notification.trigger_daily_..., method='frappe.core.doctype.scheduled_job_type.scheduled_job_type.run_scheduled_jo..., site='crm.localhost', user='Administrator') (crm.localhost||scheduled_job||pg35vumu8o)
2026-02-16 01:16:03,911 Successfully completed frappe.utils.background_jobs.execute_job(event=None, is_async=True, job_name='frappe.core.doctype.scheduled_job_type.scheduled_job_type.run_scheduled_jo..., kwargs={'job_type': 'frappe.email.doctype.notification.notification.trigger_daily_..., method='frappe.core.doctype.scheduled_job_type.scheduled_job_type.run_scheduled_jo..., site='crm.localhost', user='Administrator') job in 0:00:00.581342s on worker 3e88fe614a074a17b629cb6f42be8bd8
2026-02-16 01:16:03,911 home-emlad-Developer-frappe-crm-f0rk-frappe-bench:default: Job OK (crm.localhost||scheduled_job||pg35vumu8o)
2026-02-16 01:16:03,912 Result is kept for 600 seconds
2026-02-16 01:16:03,922 home-emlad-Developer-frappe-crm-f0rk-frappe-bench:default: frappe.utils.background_jobs.execute_job(event=None, is_async=True, job_name='frappe.core.doctype.scheduled_job_type.scheduled_job_type.run_scheduled_jo..., kwargs={'job_type': 'frappe.integrations.doctype.google_calendar.google_calendar.s..., method='frappe.core.doctype.scheduled_job_type.scheduled_job_type.run_scheduled_jo..., site='crm.localhost', user='Administrator') (crm.localhost||scheduled_job||pg30un2n20)
2026-02-16 01:16:05,125 Successfully completed frappe.utils.background_jobs.execute_job(event=None, is_async=True, job_name='frappe.core.doctype.scheduled_job_type.scheduled_job_type.run_scheduled_jo..., kwargs={'job_type': 'frappe.integrations.doctype.google_calendar.google_calendar.s..., method='frappe.core.doctype.scheduled_job_type.scheduled_job_type.run_scheduled_jo..., site='crm.localhost', user='Administrator') job in 0:00:01.193101s on worker 3e88fe614a074a17b629cb6f42be8bd8
2026-02-16 01:16:05,125 home-emlad-Developer-frappe-crm-f0rk-frappe-bench:default: Job OK (crm.localhost||scheduled_job||pg30un2n20)
2026-02-16 01:16:05,125 Result is kept for 600 seconds
2026-02-16 01:16:05,135 home-emlad-Developer-frappe-crm-f0rk-frappe-bench:default: frappe.utils.background_jobs.execute_job(event=None, is_async=True, job_name='frappe.core.doctype.scheduled_job_type.scheduled_job_type.run_scheduled_jo..., kwargs={'job_type': 'frappe.model.utils.link_count.update_link_count', 'scheduled_..., method='frappe.core.doctype.scheduled_job_type.scheduled_job_type.run_scheduled_jo..., site='crm.localhost', user='Administrator') (crm.localhost||scheduled_job||pg23am6hc0)
2026-02-16 01:16:05,768 Successfully completed frappe.utils.background_jobs.execute_job(event=None, is_async=True, job_name='frappe.core.doctype.scheduled_job_type.scheduled_job_type.run_scheduled_jo..., kwargs={'job_type': 'frappe.model.utils.link_count.update_link_count', 'scheduled_..., method='frappe.core.doctype.scheduled_job_type.scheduled_job_type.run_scheduled_jo..., site='crm.localhost', user='Administrator') job in 0:00:00.623854s on worker 3e88fe614a074a17b629cb6f42be8bd8
2026-02-16 01:16:05,769 home-emlad-Developer-frappe-crm-f0rk-frappe-bench:default: Job OK (crm.localhost||scheduled_job||pg23am6hc0)
2026-02-16 01:16:05,769 Result is kept for 600 seconds
2026-02-16 01:16:05,784 home-emlad-Developer-frappe-crm-f0rk-frappe-bench:default: frappe.utils.background_jobs.execute_job(event=None, is_async=True, job_name='frappe.core.doctype.scheduled_job_type.scheduled_job_type.run_scheduled_jo..., kwargs={'job_type': 'frappe.email.queue.retry_sending_emails', 'scheduled_job_type..., method='frappe.core.doctype.scheduled_job_type.scheduled_job_type.run_scheduled_jo..., site='crm.localhost', user='Administrator') (crm.localhost||scheduled_job||pg3g2vc4ac)
2026-02-16 01:16:06,463 Successfully completed frappe.utils.background_jobs.execute_job(event=None, is_async=True, job_name='frappe.core.doctype.scheduled_job_type.scheduled_job_type.run_scheduled_jo..., kwargs={'job_type': 'frappe.email.queue.retry_sending_emails', 'scheduled_job_type..., method='frappe.core.doctype.scheduled_job_type.scheduled_job_type.run_scheduled_jo..., site='crm.localhost', user='Administrator') job in 0:00:00.668200s on worker 3e88fe614a074a17b629cb6f42be8bd8
2026-02-16 01:16:06,464 home-emlad-Developer-frappe-crm-f0rk-frappe-bench:default: Job OK (crm.localhost||scheduled_job||pg3g2vc4ac)
2026-02-16 01:16:06,464 Result is kept for 600 seconds
2026-02-16 01:16:06,475 home-emlad-Developer-frappe-crm-f0rk-frappe-bench:default: frappe.utils.background_jobs.execute_job(event=None, is_async=True, job_name='frappe.core.doctype.scheduled_job_type.scheduled_job_type.run_scheduled_jo..., kwargs={'job_type': 'crm.api.event.trigger_hourly_event_notifications', 'scheduled..., method='frappe.core.doctype.scheduled_job_type.scheduled_job_type.run_scheduled_jo..., site='crm.localhost', user='Administrator') (crm.localhost||scheduled_job||pm2eg5au5v)
2026-02-16 01:16:07,155 Successfully completed frappe.utils.background_jobs.execute_job(event=None, is_async=True, job_name='frappe.core.doctype.scheduled_job_type.scheduled_job_type.run_scheduled_jo..., kwargs={'job_type': 'crm.api.event.trigger_hourly_event_notifications', 'scheduled..., method='frappe.core.doctype.scheduled_job_type.scheduled_job_type.run_scheduled_jo..., site='crm.localhost', user='Administrator') job in 0:00:00.669287s on worker 3e88fe614a074a17b629cb6f42be8bd8
2026-02-16 01:16:07,155 home-emlad-Developer-frappe-crm-f0rk-frappe-bench:default: Job OK (crm.localhost||scheduled_job||pm2eg5au5v)
2026-02-16 01:16:07,155 Result is kept for 600 seconds
2026-02-16 01:16:07,165 home-emlad-Developer-frappe-crm-f0rk-frappe-bench:default: frappe.utils.background_jobs.execute_job(event=None, is_async=True, job_name='frappe.core.doctype.scheduled_job_type.scheduled_job_type.run_scheduled_jo..., kwargs={'job_type': 'crm.lead_syncing.background_sync.sync_leads_from_sources_5_mi..., method='frappe.core.doctype.scheduled_job_type.scheduled_job_type.run_scheduled_jo..., site='crm.localhost', user='Administrator') (crm.localhost||scheduled_job||pls5pj208u)
2026-02-16 01:16:07,810 Successfully completed frappe.utils.background_jobs.execute_job(event=None, is_async=True, job_name='frappe.core.doctype.scheduled_job_type.scheduled_job_type.run_scheduled_jo..., kwargs={'job_type': 'crm.lead_syncing.background_sync.sync_leads_from_sources_5_mi..., method='frappe.core.doctype.scheduled_job_type.scheduled_job_type.run_scheduled_jo..., site='crm.localhost', user='Administrator') job in 0:00:00.634614s on worker 3e88fe614a074a17b629cb6f42be8bd8
2026-02-16 01:16:07,810 home-emlad-Developer-frappe-crm-f0rk-frappe-bench:default: Job OK (crm.localhost||scheduled_job||pls5pj208u)
2026-02-16 01:16:07,810 Result is kept for 600 seconds
2026-02-16 01:16:07,821 home-emlad-Developer-frappe-crm-f0rk-frappe-bench:default: frappe.utils.background_jobs.execute_job(event=None, is_async=True, job_name='frappe.core.doctype.scheduled_job_type.scheduled_job_type.run_scheduled_jo..., kwargs={'job_type': 'frappe.desk.doctype.event.event.send_event_digest', 'schedule..., method='frappe.core.doctype.scheduled_job_type.scheduled_job_type.run_scheduled_jo..., site='crm.localhost', user='Administrator') (crm.localhost||scheduled_job||pg35sd0mqt)
2026-02-16 01:16:08,486 Successfully completed frappe.utils.background_jobs.execute_job(event=None, is_async=True, job_name='frappe.core.doctype.scheduled_job_type.scheduled_job_type.run_scheduled_jo..., kwargs={'job_type': 'frappe.desk.doctype.event.event.send_event_digest', 'schedule..., method='frappe.core.doctype.scheduled_job_type.scheduled_job_type.run_scheduled_jo..., site='crm.localhost', user='Administrator') job in 0:00:00.655796s on worker 3e88fe614a074a17b629cb6f42be8bd8
2026-02-16 01:16:08,487 home-emlad-Developer-frappe-crm-f0rk-frappe-bench:default: Job OK (crm.localhost||scheduled_job||pg35sd0mqt)
2026-02-16 01:16:08,487 Result is kept for 600 seconds
2026-02-16 01:16:08,497 home-emlad-Developer-frappe-crm-f0rk-frappe-bench:default: frappe.utils.background_jobs.execute_job(event=None, is_async=True, job_name='frappe.core.doctype.scheduled_job_type.scheduled_job_type.run_scheduled_jo..., kwargs={'job_type': 'crm.api.event.trigger_daily_event_notifications', 'scheduled_..., method='frappe.core.doctype.scheduled_job_type.scheduled_job_type.run_scheduled_jo..., site='crm.localhost', user='Administrator') (crm.localhost||scheduled_job||pm24c9jbl1)
2026-02-16 01:16:09,168 Successfully completed frappe.utils.background_jobs.execute_job(event=None, is_async=True, job_name='frappe.core.doctype.scheduled_job_type.scheduled_job_type.run_scheduled_jo..., kwargs={'job_type': 'crm.api.event.trigger_daily_event_notifications', 'scheduled_..., method='frappe.core.doctype.scheduled_job_type.scheduled_job_type.run_scheduled_jo..., site='crm.localhost', user='Administrator') job in 0:00:00.661746s on worker 3e88fe614a074a17b629cb6f42be8bd8
2026-02-16 01:16:09,168 home-emlad-Developer-frappe-crm-f0rk-frappe-bench:default: Job OK (crm.localhost||scheduled_job||pm24c9jbl1)
2026-02-16 01:16:09,169 Result is kept for 600 seconds
2026-02-16 01:16:09,182 home-emlad-Developer-frappe-crm-f0rk-frappe-bench:default: frappe.utils.background_jobs.execute_job(event=None, is_async=True, job_name='frappe.core.doctype.scheduled_job_type.scheduled_job_type.run_scheduled_jo..., kwargs={'job_type': 'frappe.email.doctype.email_account.email_account.pull', 'sche..., method='frappe.core.doctype.scheduled_job_type.scheduled_job_type.run_scheduled_jo..., site='crm.localhost', user='Administrator') (crm.localhost||scheduled_job||pg29ic6u7t)
2026-02-16 01:16:09,844 Successfully completed frappe.utils.background_jobs.execute_job(event=None, is_async=True, job_name='frappe.core.doctype.scheduled_job_type.scheduled_job_type.run_scheduled_jo..., kwargs={'job_type': 'frappe.email.doctype.email_account.email_account.pull', 'sche..., method='frappe.core.doctype.scheduled_job_type.scheduled_job_type.run_scheduled_jo..., site='crm.localhost', user='Administrator') job in 0:00:00.650881s on worker 3e88fe614a074a17b629cb6f42be8bd8
2026-02-16 01:16:09,845 home-emlad-Developer-frappe-crm-f0rk-frappe-bench:default: Job OK (crm.localhost||scheduled_job||pg29ic6u7t)
2026-02-16 01:16:09,845 Result is kept for 600 seconds
2026-02-16 01:16:09,857 home-emlad-Developer-frappe-crm-f0rk-frappe-bench:default: frappe.utils.background_jobs.execute_job(event=None, is_async=True, job_name='frappe.core.doctype.scheduled_job_type.scheduled_job_type.run_scheduled_jo..., kwargs={'job_type': 'frappe.automation.doctype.reminder.reminder.send_reminders', ..., method='frappe.core.doctype.scheduled_job_type.scheduled_job_type.run_scheduled_jo..., site='crm.localhost', user='Administrator') (crm.localhost||scheduled_job||pg2di96mq0)
2026-02-16 01:16:10,485 Successfully completed frappe.utils.background_jobs.execute_job(event=None, is_async=True, job_name='frappe.core.doctype.scheduled_job_type.scheduled_job_type.run_scheduled_jo..., kwargs={'job_type': 'frappe.automation.doctype.reminder.reminder.send_reminders', ..., method='frappe.core.doctype.scheduled_job_type.scheduled_job_type.run_scheduled_jo..., site='crm.localhost', user='Administrator') job in 0:00:00.617820s on worker 3e88fe614a074a17b629cb6f42be8bd8
2026-02-16 01:16:10,485 home-emlad-Developer-frappe-crm-f0rk-frappe-bench:default: Job OK (crm.localhost||scheduled_job||pg2di96mq0)
2026-02-16 01:16:10,485 Result is kept for 600 seconds
2026-02-16 01:16:10,495 home-emlad-Developer-frappe-crm-f0rk-frappe-bench:default: frappe.utils.background_jobs.execute_job(event=None, is_async=True, job_name='frappe.core.doctype.scheduled_job_type.scheduled_job_type.run_scheduled_jo..., kwargs={'job_type': 'frappe.utils.telemetry.pulse.client.send_queued_events', 'sch..., method='frappe.core.doctype.scheduled_job_type.scheduled_job_type.run_scheduled_jo..., site='crm.localhost', user='Administrator') (crm.localhost||scheduled_job||pg24mac57d)
2026-02-16 01:16:11,117 Successfully completed frappe.utils.background_jobs.execute_job(event=None, is_async=True, job_name='frappe.core.doctype.scheduled_job_type.scheduled_job_type.run_scheduled_jo..., kwargs={'job_type': 'frappe.utils.telemetry.pulse.client.send_queued_events', 'sch..., method='frappe.core.doctype.scheduled_job_type.scheduled_job_type.run_scheduled_jo..., site='crm.localhost', user='Administrator') job in 0:00:00.612237s on worker 3e88fe614a074a17b629cb6f42be8bd8
2026-02-16 01:16:11,118 home-emlad-Developer-frappe-crm-f0rk-frappe-bench:default: Job OK (crm.localhost||scheduled_job||pg24mac57d)
2026-02-16 01:16:11,118 Result is kept for 600 seconds
2026-02-16 01:16:11,128 home-emlad-Developer-frappe-crm-f0rk-frappe-bench:default: frappe.utils.background_jobs.execute_job(event=None, is_async=True, job_name='frappe.core.doctype.scheduled_job_type.scheduled_job_type.run_scheduled_jo..., kwargs={'job_type': 'frappe.email.queue.flush', 'scheduled_job_type': 'pg361ihd8h'..., method='frappe.core.doctype.scheduled_job_type.scheduled_job_type.run_scheduled_jo..., site='crm.localhost', user='Administrator') (crm.localhost||scheduled_job||pg361ihd8h)
2026-02-16 01:16:11,724 Successfully completed frappe.utils.background_jobs.execute_job(event=None, is_async=True, job_name='frappe.core.doctype.scheduled_job_type.scheduled_job_type.run_scheduled_jo..., kwargs={'job_type': 'frappe.email.queue.flush', 'scheduled_job_type': 'pg361ihd8h'..., method='frappe.core.doctype.scheduled_job_type.scheduled_job_type.run_scheduled_jo..., site='crm.localhost', user='Administrator') job in 0:00:00.585769s on worker 3e88fe614a074a17b629cb6f42be8bd8
2026-02-16 01:16:11,725 home-emlad-Developer-frappe-crm-f0rk-frappe-bench:default: Job OK (crm.localhost||scheduled_job||pg361ihd8h)
2026-02-16 01:16:11,725 Result is kept for 600 seconds
2026-02-16 01:16:11,735 home-emlad-Developer-frappe-crm-f0rk-frappe-bench:default: frappe.utils.background_jobs.execute_job(event=None, is_async=True, job_name='frappe.core.doctype.scheduled_job_type.scheduled_job_type.run_scheduled_jo..., kwargs={'job_type': 'frappe.utils.global_search.sync_global_search', 'scheduled_jo..., method='frappe.core.doctype.scheduled_job_type.scheduled_job_type.run_scheduled_jo..., site='crm.localhost', user='Administrator') (crm.localhost||scheduled_job||pg2gfj56rp)
2026-02-16 01:16:12,294 Successfully completed frappe.utils.background_jobs.execute_job(event=None, is_async=True, job_name='frappe.core.doctype.scheduled_job_type.scheduled_job_type.run_scheduled_jo..., kwargs={'job_type': 'frappe.utils.global_search.sync_global_search', 'scheduled_jo..., method='frappe.core.doctype.scheduled_job_type.scheduled_job_type.run_scheduled_jo..., site='crm.localhost', user='Administrator') job in 0:00:00.550209s on worker 3e88fe614a074a17b629cb6f42be8bd8
2026-02-16 01:16:12,295 home-emlad-Developer-frappe-crm-f0rk-frappe-bench:default: Job OK (crm.localhost||scheduled_job||pg2gfj56rp)
2026-02-16 01:16:12,295 Result is kept for 600 seconds
2026-02-16 01:16:12,305 home-emlad-Developer-frappe-crm-f0rk-frappe-bench:default: frappe.utils.background_jobs.execute_job(event=None, is_async=True, job_name='frappe.core.doctype.scheduled_job_type.scheduled_job_type.run_scheduled_jo..., kwargs={'job_type': 'frappe.search.sqlite_search.build_index_if_not_exists', 'sche..., method='frappe.core.doctype.scheduled_job_type.scheduled_job_type.run_scheduled_jo..., site='crm.localhost', user='Administrator') (crm.localhost||scheduled_job||pg24umjf6d)
2026-02-16 01:16:12,885 Successfully completed frappe.utils.background_jobs.execute_job(event=None, is_async=True, job_name='frappe.core.doctype.scheduled_job_type.scheduled_job_type.run_scheduled_jo..., kwargs={'job_type': 'frappe.search.sqlite_search.build_index_if_not_exists', 'sche..., method='frappe.core.doctype.scheduled_job_type.scheduled_job_type.run_scheduled_jo..., site='crm.localhost', user='Administrator') job in 0:00:00.570843s on worker 3e88fe614a074a17b629cb6f42be8bd8
2026-02-16 01:16:12,885 home-emlad-Developer-frappe-crm-f0rk-frappe-bench:default: Job OK (crm.localhost||scheduled_job||pg24umjf6d)
2026-02-16 01:16:12,885 Result is kept for 600 seconds
2026-02-16 01:16:12,894 home-emlad-Developer-frappe-crm-f0rk-frappe-bench:default: frappe.utils.background_jobs.execute_job(event=None, is_async=True, job_name='frappe.core.doctype.scheduled_job_type.scheduled_job_type.run_scheduled_jo..., kwargs={'job_type': 'crm.lead_syncing.background_sync.sync_leads_from_sources_15_m..., method='frappe.core.doctype.scheduled_job_type.scheduled_job_type.run_scheduled_jo..., site='crm.localhost', user='Administrator') (crm.localhost||scheduled_job||plsnn00b5f)
2026-02-16 01:16:13,479 Successfully completed frappe.utils.background_jobs.execute_job(event=None, is_async=True, job_name='frappe.core.doctype.scheduled_job_type.scheduled_job_type.run_scheduled_jo..., kwargs={'job_type': 'crm.lead_syncing.background_sync.sync_leads_from_sources_15_m..., method='frappe.core.doctype.scheduled_job_type.scheduled_job_type.run_scheduled_jo..., site='crm.localhost', user='Administrator') job in 0:00:00.575426s on worker 3e88fe614a074a17b629cb6f42be8bd8
2026-02-16 01:16:13,480 home-emlad-Developer-frappe-crm-f0rk-frappe-bench:default: Job OK (crm.localhost||scheduled_job||plsnn00b5f)
2026-02-16 01:16:13,480 Result is kept for 600 seconds
2026-02-16 01:16:13,490 home-emlad-Developer-frappe-crm-f0rk-frappe-bench:default: frappe.utils.background_jobs.execute_job(event=None, is_async=True, job_name='frappe.core.doctype.scheduled_job_type.scheduled_job_type.run_scheduled_jo..., kwargs={'job_type': 'frappe.email.doctype.notification.notification.trigger_offset..., method='frappe.core.doctype.scheduled_job_type.scheduled_job_type.run_scheduled_jo..., site='crm.localhost', user='Administrator') (crm.localhost||scheduled_job||pg2rdn0a7m)
2026-02-16 01:16:14,070 Successfully completed frappe.utils.background_jobs.execute_job(event=None, is_async=True, job_name='frappe.core.doctype.scheduled_job_type.scheduled_job_type.run_scheduled_jo..., kwargs={'job_type': 'frappe.email.doctype.notification.notification.trigger_offset..., method='frappe.core.doctype.scheduled_job_type.scheduled_job_type.run_scheduled_jo..., site='crm.localhost', user='Administrator') job in 0:00:00.568839s on worker 3e88fe614a074a17b629cb6f42be8bd8
2026-02-16 01:16:14,070 home-emlad-Developer-frappe-crm-f0rk-frappe-bench:default: Job OK (crm.localhost||scheduled_job||pg2rdn0a7m)
2026-02-16 01:16:14,071 Result is kept for 600 seconds
2026-02-16 01:16:14,080 home-emlad-Developer-frappe-crm-f0rk-frappe-bench:default: frappe.utils.background_jobs.execute_job(event=None, is_async=True, job_name='frappe.core.doctype.scheduled_job_type.scheduled_job_type.run_scheduled_jo..., kwargs={'job_type': 'frappe.desk.form.document_follow.send_daily_updates', 'schedu..., method='frappe.core.doctype.scheduled_job_type.scheduled_job_type.run_scheduled_jo..., site='crm.localhost', user='Administrator') (crm.localhost||scheduled_job||pg3hk6n929)
2026-02-16 01:16:14,690 Successfully completed frappe.utils.background_jobs.execute_job(event=None, is_async=True, job_name='frappe.core.doctype.scheduled_job_type.scheduled_job_type.run_scheduled_jo..., kwargs={'job_type': 'frappe.desk.form.document_follow.send_daily_updates', 'schedu..., method='frappe.core.doctype.scheduled_job_type.scheduled_job_type.run_scheduled_jo..., site='crm.localhost', user='Administrator') job in 0:00:00.599085s on worker 3e88fe614a074a17b629cb6f42be8bd8
2026-02-16 01:16:14,690 home-emlad-Developer-frappe-crm-f0rk-frappe-bench:default: Job OK (crm.localhost||scheduled_job||pg3hk6n929)
2026-02-16 01:16:14,690 Result is kept for 600 seconds
2026-02-16 01:16:14,701 home-emlad-Developer-frappe-crm-f0rk-frappe-bench:default: frappe.utils.background_jobs.execute_job(event=None, is_async=True, job_name='frappe.core.doctype.scheduled_job_type.scheduled_job_type.run_scheduled_jo..., kwargs={'job_type': 'frappe.monitor.flush', 'scheduled_job_type': 'pg3o4gee9k'}, method='frappe.core.doctype.scheduled_job_type.scheduled_job_type.run_scheduled_jo..., site='crm.localhost', user='Administrator') (crm.localhost||scheduled_job||pg3o4gee9k)
2026-02-16 01:16:15,263 Successfully completed frappe.utils.background_jobs.execute_job(event=None, is_async=True, job_name='frappe.core.doctype.scheduled_job_type.scheduled_job_type.run_scheduled_jo..., kwargs={'job_type': 'frappe.monitor.flush', 'scheduled_job_type': 'pg3o4gee9k'}, method='frappe.core.doctype.scheduled_job_type.scheduled_job_type.run_scheduled_jo..., site='crm.localhost', user='Administrator') job in 0:00:00.553422s on worker 3e88fe614a074a17b629cb6f42be8bd8
2026-02-16 01:16:15,264 home-emlad-Developer-frappe-crm-f0rk-frappe-bench:default: Job OK (crm.localhost||scheduled_job||pg3o4gee9k)
2026-02-16 01:16:15,264 Result is kept for 600 seconds
2026-02-16 01:16:15,273 home-emlad-Developer-frappe-crm-f0rk-frappe-bench:default: frappe.utils.background_jobs.execute_job(event=None, is_async=True, job_name='frappe.core.doctype.scheduled_job_type.scheduled_job_type.run_scheduled_jo..., kwargs={'job_type': 'crm.api.event.trigger_offset_event_notifications', 'scheduled..., method='frappe.core.doctype.scheduled_job_type.scheduled_job_type.run_scheduled_jo..., site='crm.localhost', user='Administrator') (crm.localhost||scheduled_job||pm2j2edp1i)
2026-02-16 01:16:15,905 Successfully completed frappe.utils.background_jobs.execute_job(event=None, is_async=True, job_name='frappe.core.doctype.scheduled_job_type.scheduled_job_type.run_scheduled_jo..., kwargs={'job_type': 'crm.api.event.trigger_offset_event_notifications', 'scheduled..., method='frappe.core.doctype.scheduled_job_type.scheduled_job_type.run_scheduled_jo..., site='crm.localhost', user='Administrator') job in 0:00:00.620920s on worker 3e88fe614a074a17b629cb6f42be8bd8
2026-02-16 01:16:15,906 home-emlad-Developer-frappe-crm-f0rk-frappe-bench:default: Job OK (crm.localhost||scheduled_job||pm2j2edp1i)
2026-02-16 01:16:15,907 Result is kept for 600 seconds
2026-02-16 01:16:15,920 home-emlad-Developer-frappe-crm-f0rk-frappe-bench:long: frappe.utils.background_jobs.execute_job(event=None, is_async=True, job_name='frappe.core.doctype.scheduled_job_type.scheduled_job_type.run_scheduled_jo..., kwargs={'job_type': 'frappe.email.doctype.auto_email_report.auto_email_report.send..., method='frappe.core.doctype.scheduled_job_type.scheduled_job_type.run_scheduled_jo..., site='crm.localhost', user='Administrator') (crm.localhost||scheduled_job||pg37hblqnb)
2026-02-16 01:16:16,910 Successfully completed frappe.utils.background_jobs.execute_job(event=None, is_async=True, job_name='frappe.core.doctype.scheduled_job_type.scheduled_job_type.run_scheduled_jo..., kwargs={'job_type': 'frappe.email.doctype.auto_email_report.auto_email_report.send..., method='frappe.core.doctype.scheduled_job_type.scheduled_job_type.run_scheduled_jo..., site='crm.localhost', user='Administrator') job in 0:00:00.978425s on worker 3e88fe614a074a17b629cb6f42be8bd8
2026-02-16 01:16:16,910 home-emlad-Developer-frappe-crm-f0rk-frappe-bench:long: Job OK (crm.localhost||scheduled_job||pg37hblqnb)
2026-02-16 01:16:16,911 Result is kept for 600 seconds
2026-02-16 01:16:16,923 home-emlad-Developer-frappe-crm-f0rk-frappe-bench:long: frappe.utils.background_jobs.execute_job(event=None, is_async=True, job_name='frappe.core.doctype.scheduled_job_type.scheduled_job_type.run_scheduled_jo..., kwargs={'job_type': 'crm.lead_syncing.background_sync.sync_leads_from_sources_dail..., method='frappe.core.doctype.scheduled_job_type.scheduled_job_type.run_scheduled_jo..., site='crm.localhost', user='Administrator') (crm.localhost||scheduled_job||pm25hg3uqk)
2026-02-16 01:16:17,553 Successfully completed frappe.utils.background_jobs.execute_job(event=None, is_async=True, job_name='frappe.core.doctype.scheduled_job_type.scheduled_job_type.run_scheduled_jo..., kwargs={'job_type': 'crm.lead_syncing.background_sync.sync_leads_from_sources_dail..., method='frappe.core.doctype.scheduled_job_type.scheduled_job_type.run_scheduled_jo..., site='crm.localhost', user='Administrator') job in 0:00:00.619493s on worker 3e88fe614a074a17b629cb6f42be8bd8
2026-02-16 01:16:17,554 home-emlad-Developer-frappe-crm-f0rk-frappe-bench:long: Job OK (crm.localhost||scheduled_job||pm25hg3uqk)
2026-02-16 01:16:17,554 Result is kept for 600 seconds
2026-02-16 01:16:17,563 home-emlad-Developer-frappe-crm-f0rk-frappe-bench:long: frappe.utils.background_jobs.execute_job(event=None, is_async=True, job_name='frappe.core.doctype.scheduled_job_type.scheduled_job_type.run_scheduled_jo..., kwargs={'job_type': 'frappe.website.doctype.personal_data_deletion_request.persona..., method='frappe.core.doctype.scheduled_job_type.scheduled_job_type.run_scheduled_jo..., site='crm.localhost', user='Administrator') (crm.localhost||scheduled_job||pg3ost9bea)
2026-02-16 01:16:18,211 Successfully completed frappe.utils.background_jobs.execute_job(event=None, is_async=True, job_name='frappe.core.doctype.scheduled_job_type.scheduled_job_type.run_scheduled_jo..., kwargs={'job_type': 'frappe.website.doctype.personal_data_deletion_request.persona..., method='frappe.core.doctype.scheduled_job_type.scheduled_job_type.run_scheduled_jo..., site='crm.localhost', user='Administrator') job in 0:00:00.638301s on worker 3e88fe614a074a17b629cb6f42be8bd8
2026-02-16 01:16:18,211 home-emlad-Developer-frappe-crm-f0rk-frappe-bench:long: Job OK (crm.localhost||scheduled_job||pg3ost9bea)
2026-02-16 01:16:18,211 Result is kept for 600 seconds
2026-02-16 01:16:18,225 home-emlad-Developer-frappe-crm-f0rk-frappe-bench:long: frappe.utils.background_jobs.execute_job(event=None, is_async=True, job_name='frappe.core.doctype.scheduled_job_type.scheduled_job_type.run_scheduled_jo..., kwargs={'job_type': 'frappe.model.utils.user_settings.sync_user_settings', 'schedu..., method='frappe.core.doctype.scheduled_job_type.scheduled_job_type.run_scheduled_jo..., site='crm.localhost', user='Administrator') (crm.localhost||scheduled_job||pg36taaskr)
2026-02-16 01:16:18,850 Successfully completed frappe.utils.background_jobs.execute_job(event=None, is_async=True, job_name='frappe.core.doctype.scheduled_job_type.scheduled_job_type.run_scheduled_jo..., kwargs={'job_type': 'frappe.model.utils.user_settings.sync_user_settings', 'schedu..., method='frappe.core.doctype.scheduled_job_type.scheduled_job_type.run_scheduled_jo..., site='crm.localhost', user='Administrator') job in 0:00:00.614087s on worker 3e88fe614a074a17b629cb6f42be8bd8
2026-02-16 01:16:18,850 home-emlad-Developer-frappe-crm-f0rk-frappe-bench:long: Job OK (crm.localhost||scheduled_job||pg36taaskr)
2026-02-16 01:16:18,850 Result is kept for 600 seconds
2026-02-16 01:16:18,861 home-emlad-Developer-frappe-crm-f0rk-frappe-bench:long: frappe.utils.background_jobs.execute_job(event=None, is_async=True, job_name='frappe.core.doctype.scheduled_job_type.scheduled_job_type.run_scheduled_jo..., kwargs={'job_type': 'frappe.desk.form.document_follow.send_hourly_updates', 'sched..., method='frappe.core.doctype.scheduled_job_type.scheduled_job_type.run_scheduled_jo..., site='crm.localhost', user='Administrator') (crm.localhost||scheduled_job||pg3j64i364)
2026-02-16 01:16:19,467 Successfully completed frappe.utils.background_jobs.execute_job(event=None, is_async=True, job_name='frappe.core.doctype.scheduled_job_type.scheduled_job_type.run_scheduled_jo..., kwargs={'job_type': 'frappe.desk.form.document_follow.send_hourly_updates', 'sched..., method='frappe.core.doctype.scheduled_job_type.scheduled_job_type.run_scheduled_jo..., site='crm.localhost', user='Administrator') job in 0:00:00.597215s on worker 3e88fe614a074a17b629cb6f42be8bd8
2026-02-16 01:16:19,467 home-emlad-Developer-frappe-crm-f0rk-frappe-bench:long: Job OK (crm.localhost||scheduled_job||pg3j64i364)
2026-02-16 01:16:19,468 Result is kept for 600 seconds
2026-02-16 01:16:19,482 home-emlad-Developer-frappe-crm-f0rk-frappe-bench:long: frappe.utils.background_jobs.execute_job(event=None, is_async=True, job_name='frappe.core.doctype.scheduled_job_type.scheduled_job_type.run_scheduled_jo..., kwargs={'job_type': 'frappe.core.doctype.log_settings.log_settings.run_log_clean_u..., method='frappe.core.doctype.scheduled_job_type.scheduled_job_type.run_scheduled_jo..., site='crm.localhost', user='Administrator') (crm.localhost||scheduled_job||pg30qucfn2)
2026-02-16 01:16:20,475 Successfully completed frappe.utils.background_jobs.execute_job(event=None, is_async=True, job_name='frappe.core.doctype.scheduled_job_type.scheduled_job_type.run_scheduled_jo..., kwargs={'job_type': 'frappe.core.doctype.log_settings.log_settings.run_log_clean_u..., method='frappe.core.doctype.scheduled_job_type.scheduled_job_type.run_scheduled_jo..., site='crm.localhost', user='Administrator') job in 0:00:00.980960s on worker 3e88fe614a074a17b629cb6f42be8bd8
2026-02-16 01:16:20,476 home-emlad-Developer-frappe-crm-f0rk-frappe-bench:long: Job OK (crm.localhost||scheduled_job||pg30qucfn2)
2026-02-16 01:16:20,476 Result is kept for 600 seconds
2026-02-16 01:16:20,486 home-emlad-Developer-frappe-crm-f0rk-frappe-bench:long: frappe.utils.background_jobs.execute_job(event=None, is_async=True, job_name='frappe.core.doctype.scheduled_job_type.scheduled_job_type.run_scheduled_jo..., kwargs={'job_type': 'frappe.website.doctype.web_page.web_page.check_publish_status..., method='frappe.core.doctype.scheduled_job_type.scheduled_job_type.run_scheduled_jo..., site='crm.localhost', user='Administrator') (crm.localhost||scheduled_job||pg3q036f7k)
2026-02-16 01:16:21,257 Successfully completed frappe.utils.background_jobs.execute_job(event=None, is_async=True, job_name='frappe.core.doctype.scheduled_job_type.scheduled_job_type.run_scheduled_jo..., kwargs={'job_type': 'frappe.website.doctype.web_page.web_page.check_publish_status..., method='frappe.core.doctype.scheduled_job_type.scheduled_job_type.run_scheduled_jo..., site='crm.localhost', user='Administrator') job in 0:00:00.758842s on worker 3e88fe614a074a17b629cb6f42be8bd8
2026-02-16 01:16:21,257 home-emlad-Developer-frappe-crm-f0rk-frappe-bench:long: Job OK (crm.localhost||scheduled_job||pg3q036f7k)
2026-02-16 01:16:21,257 Result is kept for 600 seconds
2026-02-16 01:16:21,267 home-emlad-Developer-frappe-crm-f0rk-frappe-bench:long: frappe.utils.background_jobs.execute_job(event=None, is_async=True, job_name='frappe.core.doctype.scheduled_job_type.scheduled_job_type.run_scheduled_jo..., kwargs={'job_type': 'frappe.automation.doctype.auto_repeat.auto_repeat.make_auto_r..., method='frappe.core.doctype.scheduled_job_type.scheduled_job_type.run_scheduled_jo..., site='crm.localhost', user='Administrator') (crm.localhost||scheduled_job||pg3aosnaqd)
2026-02-16 01:16:21,893 Successfully completed frappe.utils.background_jobs.execute_job(event=None, is_async=True, job_name='frappe.core.doctype.scheduled_job_type.scheduled_job_type.run_scheduled_jo..., kwargs={'job_type': 'frappe.automation.doctype.auto_repeat.auto_repeat.make_auto_r..., method='frappe.core.doctype.scheduled_job_type.scheduled_job_type.run_scheduled_jo..., site='crm.localhost', user='Administrator') job in 0:00:00.615285s on worker 3e88fe614a074a17b629cb6f42be8bd8
2026-02-16 01:16:21,893 home-emlad-Developer-frappe-crm-f0rk-frappe-bench:long: Job OK (crm.localhost||scheduled_job||pg3aosnaqd)
2026-02-16 01:16:21,893 Result is kept for 600 seconds
2026-02-16 01:16:21,903 home-emlad-Developer-frappe-crm-f0rk-frappe-bench:long: frappe.utils.background_jobs.execute_job(event=None, is_async=True, job_name='frappe.core.doctype.scheduled_job_type.scheduled_job_type.run_scheduled_jo..., kwargs={'job_type': 'frappe.core.doctype.user_invitation.user_invitation.mark_expi..., method='frappe.core.doctype.scheduled_job_type.scheduled_job_type.run_scheduled_jo..., site='crm.localhost', user='Administrator') (crm.localhost||scheduled_job||pg3imee00f)
2026-02-16 01:16:22,499 Successfully completed frappe.utils.background_jobs.execute_job(event=None, is_async=True, job_name='frappe.core.doctype.scheduled_job_type.scheduled_job_type.run_scheduled_jo..., kwargs={'job_type': 'frappe.core.doctype.user_invitation.user_invitation.mark_expi..., method='frappe.core.doctype.scheduled_job_type.scheduled_job_type.run_scheduled_jo..., site='crm.localhost', user='Administrator') job in 0:00:00.586598s on worker 3e88fe614a074a17b629cb6f42be8bd8
2026-02-16 01:16:22,499 home-emlad-Developer-frappe-crm-f0rk-frappe-bench:long: Job OK (crm.localhost||scheduled_job||pg3imee00f)
2026-02-16 01:16:22,499 Result is kept for 600 seconds
2026-02-16 01:16:22,509 home-emlad-Developer-frappe-crm-f0rk-frappe-bench:long: frappe.utils.background_jobs.execute_job(event=None, is_async=True, job_name='frappe.core.doctype.scheduled_job_type.scheduled_job_type.run_scheduled_jo..., kwargs={'job_type': 'frappe.sessions.clear_expired_sessions', 'scheduled_job_type'..., method='frappe.core.doctype.scheduled_job_type.scheduled_job_type.run_scheduled_jo..., site='crm.localhost', user='Administrator') (crm.localhost||scheduled_job||pg3obgs62m)
2026-02-16 01:16:23,071 Successfully completed frappe.utils.background_jobs.execute_job(event=None, is_async=True, job_name='frappe.core.doctype.scheduled_job_type.scheduled_job_type.run_scheduled_jo..., kwargs={'job_type': 'frappe.sessions.clear_expired_sessions', 'scheduled_job_type'..., method='frappe.core.doctype.scheduled_job_type.scheduled_job_type.run_scheduled_jo..., site='crm.localhost', user='Administrator') job in 0:00:00.552768s on worker 3e88fe614a074a17b629cb6f42be8bd8
2026-02-16 01:16:23,071 home-emlad-Developer-frappe-crm-f0rk-frappe-bench:long: Job OK (crm.localhost||scheduled_job||pg3obgs62m)
2026-02-16 01:16:23,072 Result is kept for 600 seconds
2026-02-16 01:16:23,082 home-emlad-Developer-frappe-crm-f0rk-frappe-bench:long: frappe.utils.background_jobs.execute_job(event=None, is_async=True, job_name='frappe.core.doctype.scheduled_job_type.scheduled_job_type.run_scheduled_jo..., kwargs={'job_type': 'frappe.desk.utils.delete_old_exported_report_files', 'schedul..., method='frappe.core.doctype.scheduled_job_type.scheduled_job_type.run_scheduled_jo..., site='crm.localhost', user='Administrator') (crm.localhost||scheduled_job||pg377nau64)
2026-02-16 01:16:23,702 Successfully completed frappe.utils.background_jobs.execute_job(event=None, is_async=True, job_name='frappe.core.doctype.scheduled_job_type.scheduled_job_type.run_scheduled_jo..., kwargs={'job_type': 'frappe.desk.utils.delete_old_exported_report_files', 'schedul..., method='frappe.core.doctype.scheduled_job_type.scheduled_job_type.run_scheduled_jo..., site='crm.localhost', user='Administrator') job in 0:00:00.610494s on worker 3e88fe614a074a17b629cb6f42be8bd8
2026-02-16 01:16:23,702 home-emlad-Developer-frappe-crm-f0rk-frappe-bench:long: Job OK (crm.localhost||scheduled_job||pg377nau64)
2026-02-16 01:16:23,702 Result is kept for 600 seconds
2026-02-16 01:16:23,712 home-emlad-Developer-frappe-crm-f0rk-frappe-bench:long: frappe.utils.background_jobs.execute_job(event=None, is_async=True, job_name='frappe.core.doctype.scheduled_job_type.scheduled_job_type.run_scheduled_jo..., kwargs={'job_type': 'frappe.oauth.delete_oauth2_data', 'scheduled_job_type': 'pg37..., method='frappe.core.doctype.scheduled_job_type.scheduled_job_type.run_scheduled_jo..., site='crm.localhost', user='Administrator') (crm.localhost||scheduled_job||pg37g1kgki)
2026-02-16 01:16:24,338 Successfully completed frappe.utils.background_jobs.execute_job(event=None, is_async=True, job_name='frappe.core.doctype.scheduled_job_type.scheduled_job_type.run_scheduled_jo..., kwargs={'job_type': 'frappe.oauth.delete_oauth2_data', 'scheduled_job_type': 'pg37..., method='frappe.core.doctype.scheduled_job_type.scheduled_job_type.run_scheduled_jo..., site='crm.localhost', user='Administrator') job in 0:00:00.616398s on worker 3e88fe614a074a17b629cb6f42be8bd8
2026-02-16 01:16:24,339 home-emlad-Developer-frappe-crm-f0rk-frappe-bench:long: Job OK (crm.localhost||scheduled_job||pg37g1kgki)
2026-02-16 01:16:24,339 Result is kept for 600 seconds
2026-02-16 01:16:24,348 home-emlad-Developer-frappe-crm-f0rk-frappe-bench:long: frappe.utils.background_jobs.execute_job(event=None, is_async=True, job_name='frappe.core.doctype.scheduled_job_type.scheduled_job_type.run_scheduled_jo..., kwargs={'job_type': 'frappe.twofactor.delete_all_barcodes_for_users', 'scheduled_j..., method='frappe.core.doctype.scheduled_job_type.scheduled_job_type.run_scheduled_jo..., site='crm.localhost', user='Administrator') (crm.localhost||scheduled_job||pg3i6b605b)
2026-02-16 01:16:24,935 Successfully completed frappe.utils.background_jobs.execute_job(event=None, is_async=True, job_name='frappe.core.doctype.scheduled_job_type.scheduled_job_type.run_scheduled_jo..., kwargs={'job_type': 'frappe.twofactor.delete_all_barcodes_for_users', 'scheduled_j..., method='frappe.core.doctype.scheduled_job_type.scheduled_job_type.run_scheduled_jo..., site='crm.localhost', user='Administrator') job in 0:00:00.577744s on worker 3e88fe614a074a17b629cb6f42be8bd8
2026-02-16 01:16:24,935 home-emlad-Developer-frappe-crm-f0rk-frappe-bench:long: Job OK (crm.localhost||scheduled_job||pg3i6b605b)
2026-02-16 01:16:24,936 Result is kept for 600 seconds
2026-02-16 01:16:24,946 home-emlad-Developer-frappe-crm-f0rk-frappe-bench:long: frappe.utils.background_jobs.execute_job(event=None, is_async=True, job_name='frappe.core.doctype.scheduled_job_type.scheduled_job_type.run_scheduled_jo..., kwargs={'job_type': 'frappe.desk.notifications.clear_notifications', 'scheduled_jo..., method='frappe.core.doctype.scheduled_job_type.scheduled_job_type.run_scheduled_jo..., site='crm.localhost', user='Administrator') (crm.localhost||scheduled_job||pg3vugtf85)
2026-02-16 01:16:25,541 Successfully completed frappe.utils.background_jobs.execute_job(event=None, is_async=True, job_name='frappe.core.doctype.scheduled_job_type.scheduled_job_type.run_scheduled_jo..., kwargs={'job_type': 'frappe.desk.notifications.clear_notifications', 'scheduled_jo..., method='frappe.core.doctype.scheduled_job_type.scheduled_job_type.run_scheduled_jo..., site='crm.localhost', user='Administrator') job in 0:00:00.585486s on worker 3e88fe614a074a17b629cb6f42be8bd8
2026-02-16 01:16:25,541 home-emlad-Developer-frappe-crm-f0rk-frappe-bench:long: Job OK (crm.localhost||scheduled_job||pg3vugtf85)
2026-02-16 01:16:25,542 Result is kept for 600 seconds
2026-02-16 01:16:25,551 home-emlad-Developer-frappe-crm-f0rk-frappe-bench:long: frappe.utils.background_jobs.execute_job(event=None, is_async=True, job_name='frappe.core.doctype.scheduled_job_type.scheduled_job_type.run_scheduled_jo..., kwargs={'job_type': 'frappe.desk.page.backups.backups.delete_downloadable_backups'..., method='frappe.core.doctype.scheduled_job_type.scheduled_job_type.run_scheduled_jo..., site='crm.localhost', user='Administrator') (crm.localhost||scheduled_job||pg32okhn0c)
2026-02-16 01:16:26,219 Successfully completed frappe.utils.background_jobs.execute_job(event=None, is_async=True, job_name='frappe.core.doctype.scheduled_job_type.scheduled_job_type.run_scheduled_jo..., kwargs={'job_type': 'frappe.desk.page.backups.backups.delete_downloadable_backups'..., method='frappe.core.doctype.scheduled_job_type.scheduled_job_type.run_scheduled_jo..., site='crm.localhost', user='Administrator') job in 0:00:00.656929s on worker 3e88fe614a074a17b629cb6f42be8bd8
2026-02-16 01:16:26,220 home-emlad-Developer-frappe-crm-f0rk-frappe-bench:long: Job OK (crm.localhost||scheduled_job||pg32okhn0c)
2026-02-16 01:16:26,220 Result is kept for 600 seconds
2026-02-16 01:16:26,230 home-emlad-Developer-frappe-crm-f0rk-frappe-bench:long: frappe.utils.background_jobs.execute_job(event=None, is_async=True, job_name='frappe.core.doctype.scheduled_job_type.scheduled_job_type.run_scheduled_jo..., kwargs={'job_type': 'crm.lead_syncing.background_sync.sync_leads_from_sources_hour..., method='frappe.core.doctype.scheduled_job_type.scheduled_job_type.run_scheduled_jo..., site='crm.localhost', user='Administrator') (crm.localhost||scheduled_job||pm3kgbni92)
2026-02-16 01:16:26,936 Successfully completed frappe.utils.background_jobs.execute_job(event=None, is_async=True, job_name='frappe.core.doctype.scheduled_job_type.scheduled_job_type.run_scheduled_jo..., kwargs={'job_type': 'crm.lead_syncing.background_sync.sync_leads_from_sources_hour..., method='frappe.core.doctype.scheduled_job_type.scheduled_job_type.run_scheduled_jo..., site='crm.localhost', user='Administrator') job in 0:00:00.693703s on worker 3e88fe614a074a17b629cb6f42be8bd8
2026-02-16 01:16:26,936 home-emlad-Developer-frappe-crm-f0rk-frappe-bench:long: Job OK (crm.localhost||scheduled_job||pm3kgbni92)
2026-02-16 01:16:26,937 Result is kept for 600 seconds
2026-02-16 01:16:26,949 home-emlad-Developer-frappe-crm-f0rk-frappe-bench:long: frappe.utils.background_jobs.execute_job(event=None, is_async=True, job_name='frappe.core.doctype.scheduled_job_type.scheduled_job_type.run_scheduled_jo..., kwargs={'job_type': 'frappe.website.doctype.personal_data_deletion_request.persona..., method='frappe.core.doctype.scheduled_job_type.scheduled_job_type.run_scheduled_jo..., site='crm.localhost', user='Administrator') (crm.localhost||scheduled_job||pg3m5eeeep)
2026-02-16 01:16:27,604 Successfully completed frappe.utils.background_jobs.execute_job(event=None, is_async=True, job_name='frappe.core.doctype.scheduled_job_type.scheduled_job_type.run_scheduled_jo..., kwargs={'job_type': 'frappe.website.doctype.personal_data_deletion_request.persona..., method='frappe.core.doctype.scheduled_job_type.scheduled_job_type.run_scheduled_jo..., site='crm.localhost', user='Administrator') job in 0:00:00.642684s on worker 3e88fe614a074a17b629cb6f42be8bd8
2026-02-16 01:16:27,604 home-emlad-Developer-frappe-crm-f0rk-frappe-bench:long: Job OK (crm.localhost||scheduled_job||pg3m5eeeep)
2026-02-16 01:16:27,604 Result is kept for 600 seconds
2026-02-16 01:16:27,617 home-emlad-Developer-frappe-crm-f0rk-frappe-bench:long: frappe.utils.background_jobs.execute_job(event=None, is_async=True, job_name='frappe.automation.doctype.auto_repeat.auto_repeat.create_repeated_entries', kwargs={'data': []}, method='frappe.automation.doctype.auto_repeat.auto_repeat.create_repeated_entries', site='crm.localhost', user='Administrator') (crm.localhost||b4352436-70dc-4ac4-8958-f2c2b6705124)
2026-02-16 01:16:28,056 Successfully completed frappe.utils.background_jobs.execute_job(event=None, is_async=True, job_name='frappe.automation.doctype.auto_repeat.auto_repeat.create_repeated_entries', kwargs={'data': []}, method='frappe.automation.doctype.auto_repeat.auto_repeat.create_repeated_entries', site='crm.localhost', user='Administrator') job in 0:00:00.428244s on worker 3e88fe614a074a17b629cb6f42be8bd8
2026-02-16 01:16:28,056 home-emlad-Developer-frappe-crm-f0rk-frappe-bench:long: Job OK (crm.localhost||b4352436-70dc-4ac4-8958-f2c2b6705124)
2026-02-16 01:16:28,056 Result is kept for 600 seconds
2026-02-16 01:20:00,762 home-emlad-Developer-frappe-crm-f0rk-frappe-bench:default: frappe.utils.background_jobs.execute_job(event=None, is_async=True, job_name='frappe.core.doctype.scheduled_job_type.scheduled_job_type.run_scheduled_jo..., kwargs={'job_type': 'crm.lead_syncing.background_sync.sync_leads_from_sources_5_mi..., method='frappe.core.doctype.scheduled_job_type.scheduled_job_type.run_scheduled_jo..., site='crm.localhost', user='Administrator') (crm.localhost||scheduled_job||pls5pj208u)
2026-02-16 01:20:01,876 Successfully completed frappe.utils.background_jobs.execute_job(event=None, is_async=True, job_name='frappe.core.doctype.scheduled_job_type.scheduled_job_type.run_scheduled_jo..., kwargs={'job_type': 'crm.lead_syncing.background_sync.sync_leads_from_sources_5_mi..., method='frappe.core.doctype.scheduled_job_type.scheduled_job_type.run_scheduled_jo..., site='crm.localhost', user='Administrator') job in 0:00:01.087840s on worker 3e88fe614a074a17b629cb6f42be8bd8
2026-02-16 01:20:01,876 home-emlad-Developer-frappe-crm-f0rk-frappe-bench:default: Job OK (crm.localhost||scheduled_job||pls5pj208u)
2026-02-16 01:20:01,877 Result is kept for 600 seconds
2026-02-16 01:20:01,888 home-emlad-Developer-frappe-crm-f0rk-frappe-bench:default: frappe.utils.background_jobs.execute_job(event=None, is_async=True, job_name='frappe.core.doctype.scheduled_job_type.scheduled_job_type.run_scheduled_jo..., kwargs={'job_type': 'crm.lead_syncing.background_sync.sync_leads_from_sources_10_m..., method='frappe.core.doctype.scheduled_job_type.scheduled_job_type.run_scheduled_jo..., site='crm.localhost', user='Administrator') (crm.localhost||scheduled_job||pls9mga06a)
2026-02-16 01:20:02,686 Successfully completed frappe.utils.background_jobs.execute_job(event=None, is_async=True, job_name='frappe.core.doctype.scheduled_job_type.scheduled_job_type.run_scheduled_jo..., kwargs={'job_type': 'crm.lead_syncing.background_sync.sync_leads_from_sources_10_m..., method='frappe.core.doctype.scheduled_job_type.scheduled_job_type.run_scheduled_jo..., site='crm.localhost', user='Administrator') job in 0:00:00.786769s on worker 3e88fe614a074a17b629cb6f42be8bd8
2026-02-16 01:20:02,686 home-emlad-Developer-frappe-crm-f0rk-frappe-bench:default: Job OK (crm.localhost||scheduled_job||pls9mga06a)
2026-02-16 01:20:02,686 Result is kept for 600 seconds
2026-02-16 01:20:02,697 home-emlad-Developer-frappe-crm-f0rk-frappe-bench:default: frappe.utils.background_jobs.execute_job(event=None, is_async=True, job_name='frappe.core.doctype.scheduled_job_type.scheduled_job_type.run_scheduled_jo..., kwargs={'job_type': 'frappe.email.doctype.notification.notification.trigger_offset..., method='frappe.core.doctype.scheduled_job_type.scheduled_job_type.run_scheduled_jo..., site='crm.localhost', user='Administrator') (crm.localhost||scheduled_job||pg2rdn0a7m)
2026-02-16 01:20:03,295 Successfully completed frappe.utils.background_jobs.execute_job(event=None, is_async=True, job_name='frappe.core.doctype.scheduled_job_type.scheduled_job_type.run_scheduled_jo..., kwargs={'job_type': 'frappe.email.doctype.notification.notification.trigger_offset..., method='frappe.core.doctype.scheduled_job_type.scheduled_job_type.run_scheduled_jo..., site='crm.localhost', user='Administrator') job in 0:00:00.587924s on worker 3e88fe614a074a17b629cb6f42be8bd8
2026-02-16 01:20:03,296 home-emlad-Developer-frappe-crm-f0rk-frappe-bench:default: Job OK (crm.localhost||scheduled_job||pg2rdn0a7m)
2026-02-16 01:20:03,296 Result is kept for 600 seconds
2026-02-16 01:20:03,304 home-emlad-Developer-frappe-crm-f0rk-frappe-bench:default: frappe.utils.background_jobs.execute_job(event=None, is_async=True, job_name='frappe.core.doctype.scheduled_job_type.scheduled_job_type.run_scheduled_jo..., kwargs={'job_type': 'frappe.integrations.doctype.google_calendar.google_calendar.s..., method='frappe.core.doctype.scheduled_job_type.scheduled_job_type.run_scheduled_jo..., site='crm.localhost', user='Administrator') (crm.localhost||scheduled_job||pg30un2n20)
2026-02-16 01:20:04,577 Successfully completed frappe.utils.background_jobs.execute_job(event=None, is_async=True, job_name='frappe.core.doctype.scheduled_job_type.scheduled_job_type.run_scheduled_jo..., kwargs={'job_type': 'frappe.integrations.doctype.google_calendar.google_calendar.s..., method='frappe.core.doctype.scheduled_job_type.scheduled_job_type.run_scheduled_jo..., site='crm.localhost', user='Administrator') job in 0:00:01.263155s on worker 3e88fe614a074a17b629cb6f42be8bd8
2026-02-16 01:20:04,577 home-emlad-Developer-frappe-crm-f0rk-frappe-bench:default: Job OK (crm.localhost||scheduled_job||pg30un2n20)
2026-02-16 01:20:04,577 Result is kept for 600 seconds
2026-02-16 01:20:04,587 home-emlad-Developer-frappe-crm-f0rk-frappe-bench:default: frappe.utils.background_jobs.execute_job(event=None, is_async=True, job_name='frappe.core.doctype.scheduled_job_type.scheduled_job_type.run_scheduled_jo..., kwargs={'job_type': 'frappe.monitor.flush', 'scheduled_job_type': 'pg3o4gee9k'}, method='frappe.core.doctype.scheduled_job_type.scheduled_job_type.run_scheduled_jo..., site='crm.localhost', user='Administrator') (crm.localhost||scheduled_job||pg3o4gee9k)
2026-02-16 01:20:05,135 Successfully completed frappe.utils.background_jobs.execute_job(event=None, is_async=True, job_name='frappe.core.doctype.scheduled_job_type.scheduled_job_type.run_scheduled_jo..., kwargs={'job_type': 'frappe.monitor.flush', 'scheduled_job_type': 'pg3o4gee9k'}, method='frappe.core.doctype.scheduled_job_type.scheduled_job_type.run_scheduled_jo..., site='crm.localhost', user='Administrator') job in 0:00:00.537344s on worker 3e88fe614a074a17b629cb6f42be8bd8
2026-02-16 01:20:05,136 home-emlad-Developer-frappe-crm-f0rk-frappe-bench:default: Job OK (crm.localhost||scheduled_job||pg3o4gee9k)
2026-02-16 01:20:05,136 Result is kept for 600 seconds
2026-02-16 01:20:05,145 home-emlad-Developer-frappe-crm-f0rk-frappe-bench:default: frappe.utils.background_jobs.execute_job(event=None, is_async=True, job_name='frappe.core.doctype.scheduled_job_type.scheduled_job_type.run_scheduled_jo..., kwargs={'job_type': 'frappe.email.doctype.email_account.email_account.pull', 'sche..., method='frappe.core.doctype.scheduled_job_type.scheduled_job_type.run_scheduled_jo..., site='crm.localhost', user='Administrator') (crm.localhost||scheduled_job||pg29ic6u7t)
2026-02-16 01:20:05,767 Successfully completed frappe.utils.background_jobs.execute_job(event=None, is_async=True, job_name='frappe.core.doctype.scheduled_job_type.scheduled_job_type.run_scheduled_jo..., kwargs={'job_type': 'frappe.email.doctype.email_account.email_account.pull', 'sche..., method='frappe.core.doctype.scheduled_job_type.scheduled_job_type.run_scheduled_jo..., site='crm.localhost', user='Administrator') job in 0:00:00.611462s on worker 3e88fe614a074a17b629cb6f42be8bd8
2026-02-16 01:20:05,768 home-emlad-Developer-frappe-crm-f0rk-frappe-bench:default: Job OK (crm.localhost||scheduled_job||pg29ic6u7t)
2026-02-16 01:20:05,768 Result is kept for 600 seconds
2026-02-16 01:20:05,779 home-emlad-Developer-frappe-crm-f0rk-frappe-bench:default: frappe.utils.background_jobs.execute_job(event=None, is_async=True, job_name='frappe.core.doctype.scheduled_job_type.scheduled_job_type.run_scheduled_jo..., kwargs={'job_type': 'crm.api.event.trigger_offset_event_notifications', 'scheduled..., method='frappe.core.doctype.scheduled_job_type.scheduled_job_type.run_scheduled_jo..., site='crm.localhost', user='Administrator') (crm.localhost||scheduled_job||pm2j2edp1i)
2026-02-16 01:20:06,398 Successfully completed frappe.utils.background_jobs.execute_job(event=None, is_async=True, job_name='frappe.core.doctype.scheduled_job_type.scheduled_job_type.run_scheduled_jo..., kwargs={'job_type': 'crm.api.event.trigger_offset_event_notifications', 'scheduled..., method='frappe.core.doctype.scheduled_job_type.scheduled_job_type.run_scheduled_jo..., site='crm.localhost', user='Administrator') job in 0:00:00.609608s on worker 3e88fe614a074a17b629cb6f42be8bd8
2026-02-16 01:20:06,398 home-emlad-Developer-frappe-crm-f0rk-frappe-bench:default: Job OK (crm.localhost||scheduled_job||pm2j2edp1i)
2026-02-16 01:20:06,399 Result is kept for 600 seconds
2026-02-16 01:20:06,409 home-emlad-Developer-frappe-crm-f0rk-frappe-bench:default: frappe.utils.background_jobs.execute_job(event=None, is_async=True, job_name='frappe.core.doctype.scheduled_job_type.scheduled_job_type.run_scheduled_jo..., kwargs={'job_type': 'frappe.email.queue.flush', 'scheduled_job_type': 'pg361ihd8h'..., method='frappe.core.doctype.scheduled_job_type.scheduled_job_type.run_scheduled_jo..., site='crm.localhost', user='Administrator') (crm.localhost||scheduled_job||pg361ihd8h)
2026-02-16 01:20:07,014 Successfully completed frappe.utils.background_jobs.execute_job(event=None, is_async=True, job_name='frappe.core.doctype.scheduled_job_type.scheduled_job_type.run_scheduled_jo..., kwargs={'job_type': 'frappe.email.queue.flush', 'scheduled_job_type': 'pg361ihd8h'..., method='frappe.core.doctype.scheduled_job_type.scheduled_job_type.run_scheduled_jo..., site='crm.localhost', user='Administrator') job in 0:00:00.593935s on worker 3e88fe614a074a17b629cb6f42be8bd8
2026-02-16 01:20:07,014 home-emlad-Developer-frappe-crm-f0rk-frappe-bench:default: Job OK (crm.localhost||scheduled_job||pg361ihd8h)
2026-02-16 01:20:07,014 Result is kept for 600 seconds
2026-02-16 01:20:07,025 home-emlad-Developer-frappe-crm-f0rk-frappe-bench:default: frappe.utils.background_jobs.execute_job(event=None, is_async=True, job_name='frappe.core.doctype.scheduled_job_type.scheduled_job_type.run_scheduled_jo..., kwargs={'job_type': 'frappe.email.queue.retry_sending_emails', 'scheduled_job_type..., method='frappe.core.doctype.scheduled_job_type.scheduled_job_type.run_scheduled_jo..., site='crm.localhost', user='Administrator') (crm.localhost||scheduled_job||pg3g2vc4ac)
2026-02-16 01:20:07,690 Successfully completed frappe.utils.background_jobs.execute_job(event=None, is_async=True, job_name='frappe.core.doctype.scheduled_job_type.scheduled_job_type.run_scheduled_jo..., kwargs={'job_type': 'frappe.email.queue.retry_sending_emails', 'scheduled_job_type..., method='frappe.core.doctype.scheduled_job_type.scheduled_job_type.run_scheduled_jo..., site='crm.localhost', user='Administrator') job in 0:00:00.653291s on worker 3e88fe614a074a17b629cb6f42be8bd8
2026-02-16 01:20:07,690 home-emlad-Developer-frappe-crm-f0rk-frappe-bench:default: Job OK (crm.localhost||scheduled_job||pg3g2vc4ac)
2026-02-16 01:20:07,690 Result is kept for 600 seconds
2026-02-16 01:22:49,368 home-emlad-Developer-frappe-crm-f0rk-frappe-bench:default: frappe.utils.background_jobs.execute_job(event=None, is_async=True, job_name='frappe.model.delete_doc.delete_dynamic_links', kwargs={'doctype': 'Module Def', 'name': 'Lead Syncing'}, method='frappe.model.delete_doc.delete_dynamic_links', site='crm.localhost', user='Administrator') (crm.localhost||f125f988-93dc-49e5-a6b1-538b7546db11)
2026-02-16 01:22:49,798 Successfully completed frappe.utils.background_jobs.execute_job(event=None, is_async=True, job_name='frappe.model.delete_doc.delete_dynamic_links', kwargs={'doctype': 'Module Def', 'name': 'Lead Syncing'}, method='frappe.model.delete_doc.delete_dynamic_links', site='crm.localhost', user='Administrator') job in 0:00:00.413478s on worker 3e88fe614a074a17b629cb6f42be8bd8
2026-02-16 01:22:49,799 home-emlad-Developer-frappe-crm-f0rk-frappe-bench:default: Job OK (crm.localhost||f125f988-93dc-49e5-a6b1-538b7546db11)
2026-02-16 01:22:49,799 Result is kept for 600 seconds
2026-02-16 01:22:49,807 home-emlad-Developer-frappe-crm-f0rk-frappe-bench:default: frappe.utils.background_jobs.execute_job(event=None, is_async=True, job_name='frappe.model.delete_doc.delete_dynamic_links', kwargs={'doctype': 'CRM AI Settings', 'name': 'CRM AI Settings'}, method='frappe.model.delete_doc.delete_dynamic_links', site='crm.localhost', user='Administrator') (crm.localhost||66dc51eb-0f1b-445f-9a8a-7183bea420e8)
2026-02-16 01:22:50,172 Successfully completed frappe.utils.background_jobs.execute_job(event=None, is_async=True, job_name='frappe.model.delete_doc.delete_dynamic_links', kwargs={'doctype': 'CRM AI Settings', 'name': 'CRM AI Settings'}, method='frappe.model.delete_doc.delete_dynamic_links', site='crm.localhost', user='Administrator') job in 0:00:00.352146s on worker 3e88fe614a074a17b629cb6f42be8bd8
2026-02-16 01:22:50,172 home-emlad-Developer-frappe-crm-f0rk-frappe-bench:default: Job OK (crm.localhost||66dc51eb-0f1b-445f-9a8a-7183bea420e8)
2026-02-16 01:22:50,172 Result is kept for 600 seconds
2026-02-16 01:22:50,179 home-emlad-Developer-frappe-crm-f0rk-frappe-bench:default: frappe.utils.background_jobs.execute_job(event=None, is_async=True, job_name='frappe.model.delete_doc.delete_dynamic_links', kwargs={'doctype': 'Helpdesk CRM Settings', 'name': 'Helpdesk CRM Settings'}, method='frappe.model.delete_doc.delete_dynamic_links', site='crm.localhost', user='Administrator') (crm.localhost||fe9f6552-9c81-430c-ad80-76c0f7e90cb8)
2026-02-16 01:22:50,525 Successfully completed frappe.utils.background_jobs.execute_job(event=None, is_async=True, job_name='frappe.model.delete_doc.delete_dynamic_links', kwargs={'doctype': 'Helpdesk CRM Settings', 'name': 'Helpdesk CRM Settings'}, method='frappe.model.delete_doc.delete_dynamic_links', site='crm.localhost', user='Administrator') job in 0:00:00.333429s on worker 3e88fe614a074a17b629cb6f42be8bd8
2026-02-16 01:22:50,526 home-emlad-Developer-frappe-crm-f0rk-frappe-bench:default: Job OK (crm.localhost||fe9f6552-9c81-430c-ad80-76c0f7e90cb8)
2026-02-16 01:22:50,526 Result is kept for 600 seconds
2026-02-16 01:22:50,533 home-emlad-Developer-frappe-crm-f0rk-frappe-bench:default: frappe.utils.background_jobs.execute_job(event=None, is_async=True, job_name='frappe.model.delete_doc.delete_dynamic_links', kwargs={'doctype': 'CRM Exotel Settings', 'name': 'CRM Exotel Settings'}, method='frappe.model.delete_doc.delete_dynamic_links', site='crm.localhost', user='Administrator') (crm.localhost||cac164bb-4401-4386-9866-2dc209476cc7)
2026-02-16 01:22:50,940 Successfully completed frappe.utils.background_jobs.execute_job(event=None, is_async=True, job_name='frappe.model.delete_doc.delete_dynamic_links', kwargs={'doctype': 'CRM Exotel Settings', 'name': 'CRM Exotel Settings'}, method='frappe.model.delete_doc.delete_dynamic_links', site='crm.localhost', user='Administrator') job in 0:00:00.386779s on worker 3e88fe614a074a17b629cb6f42be8bd8
2026-02-16 01:22:50,941 home-emlad-Developer-frappe-crm-f0rk-frappe-bench:default: Job OK (crm.localhost||cac164bb-4401-4386-9866-2dc209476cc7)
2026-02-16 01:22:50,941 Result is kept for 600 seconds
2026-02-16 01:22:50,954 home-emlad-Developer-frappe-crm-f0rk-frappe-bench:default: frappe.utils.background_jobs.execute_job(event=None, is_async=True, job_name='frappe.model.delete_doc.delete_dynamic_links', kwargs={'doctype': 'FCRM Settings', 'name': 'FCRM Settings'}, method='frappe.model.delete_doc.delete_dynamic_links', site='crm.localhost', user='Administrator') (crm.localhost||a0548e31-a316-490e-af01-8d456cee94ac)
2026-02-16 01:22:51,335 Successfully completed frappe.utils.background_jobs.execute_job(event=None, is_async=True, job_name='frappe.model.delete_doc.delete_dynamic_links', kwargs={'doctype': 'FCRM Settings', 'name': 'FCRM Settings'}, method='frappe.model.delete_doc.delete_dynamic_links', site='crm.localhost', user='Administrator') job in 0:00:00.368637s on worker 3e88fe614a074a17b629cb6f42be8bd8
2026-02-16 01:22:51,336 home-emlad-Developer-frappe-crm-f0rk-frappe-bench:default: Job OK (crm.localhost||a0548e31-a316-490e-af01-8d456cee94ac)
2026-02-16 01:22:51,336 Result is kept for 600 seconds
2026-02-16 01:22:51,345 home-emlad-Developer-frappe-crm-f0rk-frappe-bench:default: frappe.utils.background_jobs.execute_job(event=None, is_async=True, job_name='frappe.model.delete_doc.delete_dynamic_links', kwargs={'doctype': 'ERPNext CRM Settings', 'name': 'ERPNext CRM Settings'}, method='frappe.model.delete_doc.delete_dynamic_links', site='crm.localhost', user='Administrator') (crm.localhost||ca6e75d7-3e19-4b23-bbe5-bc8579eca2f1)
2026-02-16 01:22:51,743 Successfully completed frappe.utils.background_jobs.execute_job(event=None, is_async=True, job_name='frappe.model.delete_doc.delete_dynamic_links', kwargs={'doctype': 'ERPNext CRM Settings', 'name': 'ERPNext CRM Settings'}, method='frappe.model.delete_doc.delete_dynamic_links', site='crm.localhost', user='Administrator') job in 0:00:00.383535s on worker 3e88fe614a074a17b629cb6f42be8bd8
2026-02-16 01:22:51,744 home-emlad-Developer-frappe-crm-f0rk-frappe-bench:default: Job OK (crm.localhost||ca6e75d7-3e19-4b23-bbe5-bc8579eca2f1)
2026-02-16 01:22:51,744 Result is kept for 600 seconds
2026-02-16 01:22:51,752 home-emlad-Developer-frappe-crm-f0rk-frappe-bench:default: frappe.utils.background_jobs.execute_job(event=None, is_async=True, job_name='frappe.model.delete_doc.delete_dynamic_links', kwargs={'doctype': 'CRM Twilio Settings', 'name': 'CRM Twilio Settings'}, method='frappe.model.delete_doc.delete_dynamic_links', site='crm.localhost', user='Administrator') (crm.localhost||16e48c2f-dd9c-4244-95d2-0c721c2396fe)
2026-02-16 01:22:52,245 Successfully completed frappe.utils.background_jobs.execute_job(event=None, is_async=True, job_name='frappe.model.delete_doc.delete_dynamic_links', kwargs={'doctype': 'CRM Twilio Settings', 'name': 'CRM Twilio Settings'}, method='frappe.model.delete_doc.delete_dynamic_links', site='crm.localhost', user='Administrator') job in 0:00:00.482022s on worker 3e88fe614a074a17b629cb6f42be8bd8
2026-02-16 01:22:52,245 home-emlad-Developer-frappe-crm-f0rk-frappe-bench:default: Job OK (crm.localhost||16e48c2f-dd9c-4244-95d2-0c721c2396fe)
2026-02-16 01:22:52,246 Result is kept for 600 seconds
2026-02-16 01:22:52,256 home-emlad-Developer-frappe-crm-f0rk-frappe-bench:default: frappe.utils.background_jobs.execute_job(event=None, is_async=True, job_name='frappe.model.delete_doc.delete_dynamic_links', kwargs={'doctype': 'Workspace', 'name': 'Frappe CRM'}, method='frappe.model.delete_doc.delete_dynamic_links', site='crm.localhost', user='Administrator') (crm.localhost||b0dd2223-fd04-4ecc-8cec-ec34f68a741a)
2026-02-16 01:22:52,723 Successfully completed frappe.utils.background_jobs.execute_job(event=None, is_async=True, job_name='frappe.model.delete_doc.delete_dynamic_links', kwargs={'doctype': 'Workspace', 'name': 'Frappe CRM'}, method='frappe.model.delete_doc.delete_dynamic_links', site='crm.localhost', user='Administrator') job in 0:00:00.455012s on worker 3e88fe614a074a17b629cb6f42be8bd8
2026-02-16 01:22:52,724 home-emlad-Developer-frappe-crm-f0rk-frappe-bench:default: Job OK (crm.localhost||b0dd2223-fd04-4ecc-8cec-ec34f68a741a)
2026-02-16 01:22:52,724 Result is kept for 600 seconds
2026-02-16 01:22:52,733 home-emlad-Developer-frappe-crm-f0rk-frappe-bench:default: frappe.utils.background_jobs.execute_job(event=None, is_async=True, job_name='frappe.model.delete_doc.delete_dynamic_links', kwargs={'doctype': 'Module Def', 'name': 'FCRM'}, method='frappe.model.delete_doc.delete_dynamic_links', site='crm.localhost', user='Administrator') (crm.localhost||1bdac29f-05c3-4f23-afde-a4e072566cf0)
2026-02-16 01:22:53,233 Successfully completed frappe.utils.background_jobs.execute_job(event=None, is_async=True, job_name='frappe.model.delete_doc.delete_dynamic_links', kwargs={'doctype': 'Module Def', 'name': 'FCRM'}, method='frappe.model.delete_doc.delete_dynamic_links', site='crm.localhost', user='Administrator') job in 0:00:00.489282s on worker 3e88fe614a074a17b629cb6f42be8bd8
2026-02-16 01:22:53,233 home-emlad-Developer-frappe-crm-f0rk-frappe-bench:default: Job OK (crm.localhost||1bdac29f-05c3-4f23-afde-a4e072566cf0)
2026-02-16 01:22:53,234 Result is kept for 600 seconds
2026-02-16 01:24:00,886 home-emlad-Developer-frappe-crm-f0rk-frappe-bench:default: frappe.utils.background_jobs.execute_job(event=None, is_async=True, job_name='frappe.core.doctype.scheduled_job_type.scheduled_job_type.run_scheduled_jo..., kwargs={'job_type': 'frappe.monitor.flush', 'scheduled_job_type': 'pg3o4gee9k'}, method='frappe.core.doctype.scheduled_job_type.scheduled_job_type.run_scheduled_jo..., site='crm.localhost', user='Administrator') (crm.localhost||scheduled_job||pg3o4gee9k)
2026-02-16 01:24:01,626 Successfully completed frappe.utils.background_jobs.execute_job(event=None, is_async=True, job_name='frappe.core.doctype.scheduled_job_type.scheduled_job_type.run_scheduled_jo..., kwargs={'job_type': 'frappe.monitor.flush', 'scheduled_job_type': 'pg3o4gee9k'}, method='frappe.core.doctype.scheduled_job_type.scheduled_job_type.run_scheduled_jo..., site='crm.localhost', user='Administrator') job in 0:00:00.727937s on worker 3e88fe614a074a17b629cb6f42be8bd8
2026-02-16 01:24:01,627 home-emlad-Developer-frappe-crm-f0rk-frappe-bench:default: Job OK (crm.localhost||scheduled_job||pg3o4gee9k)
2026-02-16 01:24:01,627 Result is kept for 600 seconds
2026-02-16 01:24:01,638 home-emlad-Developer-frappe-crm-f0rk-frappe-bench:default: frappe.utils.background_jobs.execute_job(event=None, is_async=True, job_name='frappe.core.doctype.scheduled_job_type.scheduled_job_type.run_scheduled_jo..., kwargs={'job_type': 'crm.api.event.trigger_offset_event_notifications', 'scheduled..., method='frappe.core.doctype.scheduled_job_type.scheduled_job_type.run_scheduled_jo..., site='crm.localhost', user='Administrator') (crm.localhost||scheduled_job||pm2j2edp1i)
2026-02-16 01:24:02,430 Successfully completed frappe.utils.background_jobs.execute_job(event=None, is_async=True, job_name='frappe.core.doctype.scheduled_job_type.scheduled_job_type.run_scheduled_jo..., kwargs={'job_type': 'crm.api.event.trigger_offset_event_notifications', 'scheduled..., method='frappe.core.doctype.scheduled_job_type.scheduled_job_type.run_scheduled_jo..., site='crm.localhost', user='Administrator') job in 0:00:00.776734s on worker 3e88fe614a074a17b629cb6f42be8bd8
2026-02-16 01:24:02,431 home-emlad-Developer-frappe-crm-f0rk-frappe-bench:default: Job OK (crm.localhost||scheduled_job||pm2j2edp1i)
2026-02-16 01:24:02,431 Result is kept for 600 seconds
2026-02-16 01:24:02,442 home-emlad-Developer-frappe-crm-f0rk-frappe-bench:default: frappe.utils.background_jobs.execute_job(event=None, is_async=True, job_name='frappe.core.doctype.scheduled_job_type.scheduled_job_type.run_scheduled_jo..., kwargs={'job_type': 'frappe.email.queue.retry_sending_emails', 'scheduled_job_type..., method='frappe.core.doctype.scheduled_job_type.scheduled_job_type.run_scheduled_jo..., site='crm.localhost', user='Administrator') (crm.localhost||scheduled_job||pg3g2vc4ac)
2026-02-16 01:24:03,125 Successfully completed frappe.utils.background_jobs.execute_job(event=None, is_async=True, job_name='frappe.core.doctype.scheduled_job_type.scheduled_job_type.run_scheduled_jo..., kwargs={'job_type': 'frappe.email.queue.retry_sending_emails', 'scheduled_job_type..., method='frappe.core.doctype.scheduled_job_type.scheduled_job_type.run_scheduled_jo..., site='crm.localhost', user='Administrator') job in 0:00:00.674144s on worker 3e88fe614a074a17b629cb6f42be8bd8
2026-02-16 01:24:03,126 home-emlad-Developer-frappe-crm-f0rk-frappe-bench:default: Job OK (crm.localhost||scheduled_job||pg3g2vc4ac)
2026-02-16 01:24:03,126 Result is kept for 600 seconds
2026-02-16 01:24:03,138 home-emlad-Developer-frappe-crm-f0rk-frappe-bench:default: frappe.utils.background_jobs.execute_job(event=None, is_async=True, job_name='frappe.core.doctype.scheduled_job_type.scheduled_job_type.run_scheduled_jo..., kwargs={'job_type': 'frappe.integrations.doctype.google_calendar.google_calendar.s..., method='frappe.core.doctype.scheduled_job_type.scheduled_job_type.run_scheduled_jo..., site='crm.localhost', user='Administrator') (crm.localhost||scheduled_job||pg30un2n20)
2026-02-16 01:24:04,586 Successfully completed frappe.utils.background_jobs.execute_job(event=None, is_async=True, job_name='frappe.core.doctype.scheduled_job_type.scheduled_job_type.run_scheduled_jo..., kwargs={'job_type': 'frappe.integrations.doctype.google_calendar.google_calendar.s..., method='frappe.core.doctype.scheduled_job_type.scheduled_job_type.run_scheduled_jo..., site='crm.localhost', user='Administrator') job in 0:00:01.436515s on worker 3e88fe614a074a17b629cb6f42be8bd8
2026-02-16 01:24:04,586 home-emlad-Developer-frappe-crm-f0rk-frappe-bench:default: Job OK (crm.localhost||scheduled_job||pg30un2n20)
2026-02-16 01:24:04,586 Result is kept for 600 seconds
2026-02-16 01:24:04,597 home-emlad-Developer-frappe-crm-f0rk-frappe-bench:default: frappe.utils.background_jobs.execute_job(event=None, is_async=True, job_name='frappe.core.doctype.scheduled_job_type.scheduled_job_type.run_scheduled_jo..., kwargs={'job_type': 'frappe.email.queue.flush', 'scheduled_job_type': 'pg361ihd8h'..., method='frappe.core.doctype.scheduled_job_type.scheduled_job_type.run_scheduled_jo..., site='crm.localhost', user='Administrator') (crm.localhost||scheduled_job||pg361ihd8h)
2026-02-16 01:24:05,273 Successfully completed frappe.utils.background_jobs.execute_job(event=None, is_async=True, job_name='frappe.core.doctype.scheduled_job_type.scheduled_job_type.run_scheduled_jo..., kwargs={'job_type': 'frappe.email.queue.flush', 'scheduled_job_type': 'pg361ihd8h'..., method='frappe.core.doctype.scheduled_job_type.scheduled_job_type.run_scheduled_jo..., site='crm.localhost', user='Administrator') job in 0:00:00.663807s on worker 3e88fe614a074a17b629cb6f42be8bd8
2026-02-16 01:24:05,273 home-emlad-Developer-frappe-crm-f0rk-frappe-bench:default: Job OK (crm.localhost||scheduled_job||pg361ihd8h)
2026-02-16 01:24:05,273 Result is kept for 600 seconds
2026-02-16 01:24:59,968 home-emlad-Developer-frappe-crm-f0rk-frappe-bench:default: frappe.utils.background_jobs.execute_job(event=None, is_async=True, job_name='frappe.model.delete_doc.delete_dynamic_links', kwargs={'doctype': 'Scheduled Job Type', 'name': 'pm36r3an13'}, method='frappe.model.delete_doc.delete_dynamic_links', site='crm.localhost', user='Administrator') (crm.localhost||fe0b2e96-f7fd-4eca-883d-b94072accede)
2026-02-16 01:25:00,514 Successfully completed frappe.utils.background_jobs.execute_job(event=None, is_async=True, job_name='frappe.model.delete_doc.delete_dynamic_links', kwargs={'doctype': 'Scheduled Job Type', 'name': 'pm36r3an13'}, method='frappe.model.delete_doc.delete_dynamic_links', site='crm.localhost', user='Administrator') job in 0:00:00.535097s on worker 3e88fe614a074a17b629cb6f42be8bd8
2026-02-16 01:25:00,515 home-emlad-Developer-frappe-crm-f0rk-frappe-bench:default: Job OK (crm.localhost||fe0b2e96-f7fd-4eca-883d-b94072accede)
2026-02-16 01:25:00,515 Result is kept for 600 seconds
2026-02-16 01:25:00,523 home-emlad-Developer-frappe-crm-f0rk-frappe-bench:default: frappe.utils.background_jobs.execute_job(event=None, is_async=True, job_name='frappe.model.delete_doc.delete_dynamic_links', kwargs={'doctype': 'Scheduled Job Type', 'name': 'pm24c9jbl1'}, method='frappe.model.delete_doc.delete_dynamic_links', site='crm.localhost', user='Administrator') (crm.localhost||a84cec9c-b5b4-470a-94a3-c59f23c6582a)
2026-02-16 01:25:00,847 Successfully completed frappe.utils.background_jobs.execute_job(event=None, is_async=True, job_name='frappe.model.delete_doc.delete_dynamic_links', kwargs={'doctype': 'Scheduled Job Type', 'name': 'pm24c9jbl1'}, method='frappe.model.delete_doc.delete_dynamic_links', site='crm.localhost', user='Administrator') job in 0:00:00.314369s on worker 3e88fe614a074a17b629cb6f42be8bd8
2026-02-16 01:25:00,848 home-emlad-Developer-frappe-crm-f0rk-frappe-bench:default: Job OK (crm.localhost||a84cec9c-b5b4-470a-94a3-c59f23c6582a)
2026-02-16 01:25:00,848 Result is kept for 600 seconds
2026-02-16 01:25:00,859 home-emlad-Developer-frappe-crm-f0rk-frappe-bench:default: frappe.utils.background_jobs.execute_job(event=None, is_async=True, job_name='frappe.model.delete_doc.delete_dynamic_links', kwargs={'doctype': 'Scheduled Job Type', 'name': 'pm2eg5au5v'}, method='frappe.model.delete_doc.delete_dynamic_links', site='crm.localhost', user='Administrator') (crm.localhost||2794a5de-5b03-4641-8da8-e39f7f061697)
2026-02-16 01:25:01,207 Successfully completed frappe.utils.background_jobs.execute_job(event=None, is_async=True, job_name='frappe.model.delete_doc.delete_dynamic_links', kwargs={'doctype': 'Scheduled Job Type', 'name': 'pm2eg5au5v'}, method='frappe.model.delete_doc.delete_dynamic_links', site='crm.localhost', user='Administrator') job in 0:00:00.337635s on worker 3e88fe614a074a17b629cb6f42be8bd8
2026-02-16 01:25:01,207 home-emlad-Developer-frappe-crm-f0rk-frappe-bench:default: Job OK (crm.localhost||2794a5de-5b03-4641-8da8-e39f7f061697)
2026-02-16 01:25:01,208 Result is kept for 600 seconds
2026-02-16 01:25:01,216 home-emlad-Developer-frappe-crm-f0rk-frappe-bench:default: frappe.utils.background_jobs.execute_job(event=None, is_async=True, job_name='frappe.model.delete_doc.delete_dynamic_links', kwargs={'doctype': 'Scheduled Job Type', 'name': 'pm2j2edp1i'}, method='frappe.model.delete_doc.delete_dynamic_links', site='crm.localhost', user='Administrator') (crm.localhost||72419fec-39dc-4956-b6e0-65678333c426)
2026-02-16 01:25:01,559 Successfully completed frappe.utils.background_jobs.execute_job(event=None, is_async=True, job_name='frappe.model.delete_doc.delete_dynamic_links', kwargs={'doctype': 'Scheduled Job Type', 'name': 'pm2j2edp1i'}, method='frappe.model.delete_doc.delete_dynamic_links', site='crm.localhost', user='Administrator') job in 0:00:00.330794s on worker 3e88fe614a074a17b629cb6f42be8bd8
2026-02-16 01:25:01,559 home-emlad-Developer-frappe-crm-f0rk-frappe-bench:default: Job OK (crm.localhost||72419fec-39dc-4956-b6e0-65678333c426)
2026-02-16 01:25:01,560 Result is kept for 600 seconds
2026-02-16 01:25:54,754 Worker 3e88fe614a074a17b629cb6f42be8bd8 [PID 225642]: warm shut down requested
Traceback (most recent call last):
  File "/home/emlad/Developer/frappe-crm-f0rk/frappe-bench/env/lib/python3.14/site-packages/redis/connection.py", line 650, in read_response
    response = self._parser.read_response(disable_decoding=disable_decoding)
  File "/home/emlad/Developer/frappe-crm-f0rk/frappe-bench/env/lib/python3.14/site-packages/redis/_parsers/hiredis.py", line 158, in read_response
    self.read_from_socket()
    ~~~~~~~~~~~~~~~~~~~~~^^
  File "/home/emlad/Developer/frappe-crm-f0rk/frappe-bench/env/lib/python3.14/site-packages/redis/_parsers/hiredis.py", line 108, in read_from_socket
    bufflen = self._sock.recv_into(self._buffer)
ConnectionResetError: [Errno 104] Connection reset by peer

During handling of the above exception, another exception occurred:

Traceback (most recent call last):
  File "/home/emlad/Developer/frappe-crm-f0rk/frappe-bench/apps/frappe/frappe/utils/bench_helper.py", line 48, in invoke
    return super().invoke(ctx)
           ~~~~~~~~~~~~~~^^^^^
  File "/home/emlad/Developer/frappe-crm-f0rk/frappe-bench/env/lib/python3.14/site-packages/click/core.py", line 1873, in invoke
    return _process_result(sub_ctx.command.invoke(sub_ctx))
                           ~~~~~~~~~~~~~~~~~~~~~~^^^^^^^^^
  File "/home/emlad/Developer/frappe-crm-f0rk/frappe-bench/env/lib/python3.14/site-packages/click/core.py", line 1269, in invoke
    return ctx.invoke(self.callback, **ctx.params)
           ~~~~~~~~~~^^^^^^^^^^^^^^^^^^^^^^^^^^^^^
  File "/home/emlad/Developer/frappe-crm-f0rk/frappe-bench/env/lib/python3.14/site-packages/click/core.py", line 824, in invoke
    return callback(*args, **kwargs)
  File "/home/emlad/Developer/frappe-crm-f0rk/frappe-bench/apps/frappe/frappe/commands/scheduler.py", line 206, in start_worker
    start_worker(
    ~~~~~~~~~~~~^
    	queue,
     ^^^^^^
    ...<4 lines>...
    	strategy=strategy,
     ^^^^^^^^^^^^^^^^^^
    )
    ^
  File "/home/emlad/Developer/frappe-crm-f0rk/frappe-bench/apps/frappe/frappe/utils/background_jobs.py", line 353, in start_worker
    worker.work(
    ~~~~~~~~~~~^
    	logging_level=logging_level,
     ^^^^^^^^^^^^^^^^^^^^^^^^^^^^
    ...<4 lines>...
    	with_scheduler=False,
     ^^^^^^^^^^^^^^^^^^^^^
    )
    ^
  File "/home/emlad/Developer/frappe-crm-f0rk/frappe-bench/env/lib/python3.14/site-packages/rq/worker.py", line 631, in work
    self.teardown()
    ~~~~~~~~~~~~~^^
  File "/home/emlad/Developer/frappe-crm-f0rk/frappe-bench/env/lib/python3.14/site-packages/rq/worker.py", line 1150, in teardown
    self.register_death()
    ~~~~~~~~~~~~~~~~~~~^^
  File "/home/emlad/Developer/frappe-crm-f0rk/frappe-bench/env/lib/python3.14/site-packages/rq/worker.py", line 885, in register_death
    p.execute()
    ~~~~~~~~~^^
  File "/home/emlad/Developer/frappe-crm-f0rk/frappe-bench/env/lib/python3.14/site-packages/redis/client.py", line 1603, in execute
    conn = self.connection_pool.get_connection()
  File "/home/emlad/Developer/frappe-crm-f0rk/frappe-bench/env/lib/python3.14/site-packages/redis/utils.py", line 195, in wrapper
    return func(*args, **kwargs)
  File "/home/emlad/Developer/frappe-crm-f0rk/frappe-bench/env/lib/python3.14/site-packages/redis/connection.py", line 1533, in get_connection
    connection.connect()
    ~~~~~~~~~~~~~~~~~~^^
  File "/home/emlad/Developer/frappe-crm-f0rk/frappe-bench/env/lib/python3.14/site-packages/redis/connection.py", line 380, in connect
    self.connect_check_health(check_health=True)
    ~~~~~~~~~~~~~~~~~~~~~~~~~^^^^^^^^^^^^^^^^^^^
  File "/home/emlad/Developer/frappe-crm-f0rk/frappe-bench/env/lib/python3.14/site-packages/redis/connection.py", line 403, in connect_check_health
    self.on_connect_check_health(check_health=check_health)
    ~~~~~~~~~~~~~~~~~~~~~~~~~~~~^^^^^^^^^^^^^^^^^^^^^^^^^^^
  File "/home/emlad/Developer/frappe-crm-f0rk/frappe-bench/env/lib/python3.14/site-packages/redis/connection.py", line 523, in on_connect_check_health
    self.read_response()
    ~~~~~~~~~~~~~~~~~~^^
  File "/home/emlad/Developer/frappe-crm-f0rk/frappe-bench/env/lib/python3.14/site-packages/redis/connection.py", line 658, in read_response
    raise ConnectionError(f"Error while reading from {host_error} : {e.args}")
redis.exceptions.ConnectionError: Error while reading from 127.0.0.1:11000 : (104, 'Connection reset by peer')

Error while reading from 127.0.0.1:11000 : (104, 'Connection reset by peer')
2026-02-16 01:25:57,336 Worker fed08d5c7c1a4b77b3fa2f835486c3f9: started with PID 245283, version 2.6.1
2026-02-16 01:25:57,336 Worker fed08d5c7c1a4b77b3fa2f835486c3f9: subscribing to channel rq:pubsub:fed08d5c7c1a4b77b3fa2f835486c3f9
2026-02-16 01:25:57,338 *** Listening on home-emlad-Developer-frappe-crm-f0rk-frappe-bench:short, home-emlad-Developer-frappe-crm-f0rk-frappe-bench:default, home-emlad-Developer-frappe-crm-f0rk-frappe-bench:long...
2026-02-16 01:25:57,339 Worker fed08d5c7c1a4b77b3fa2f835486c3f9: cleaning registries for queue: home-emlad-Developer-frappe-crm-f0rk-frappe-bench:short
2026-02-16 01:25:57,342 Worker fed08d5c7c1a4b77b3fa2f835486c3f9: cleaning registries for queue: home-emlad-Developer-frappe-crm-f0rk-frappe-bench:default
2026-02-16 01:25:57,344 Worker fed08d5c7c1a4b77b3fa2f835486c3f9: cleaning registries for queue: home-emlad-Developer-frappe-crm-f0rk-frappe-bench:long
2026-02-16 01:28:01,088 home-emlad-Developer-frappe-crm-f0rk-frappe-bench:default: frappe.utils.background_jobs.execute_job(event=None, is_async=True, job_name='frappe.core.doctype.scheduled_job_type.scheduled_job_type.run_scheduled_jo..., kwargs={'job_type': 'frappe.monitor.flush', 'scheduled_job_type': 'pg3o4gee9k'}, method='frappe.core.doctype.scheduled_job_type.scheduled_job_type.run_scheduled_jo..., site='crm.localhost', user='Administrator') (crm.localhost||scheduled_job||pg3o4gee9k)
2026-02-16 01:28:01,747 Successfully completed frappe.utils.background_jobs.execute_job(event=None, is_async=True, job_name='frappe.core.doctype.scheduled_job_type.scheduled_job_type.run_scheduled_jo..., kwargs={'job_type': 'frappe.monitor.flush', 'scheduled_job_type': 'pg3o4gee9k'}, method='frappe.core.doctype.scheduled_job_type.scheduled_job_type.run_scheduled_jo..., site='crm.localhost', user='Administrator') job in 0:00:00.619307s on worker fed08d5c7c1a4b77b3fa2f835486c3f9
2026-02-16 01:28:01,748 home-emlad-Developer-frappe-crm-f0rk-frappe-bench:default: Job OK (crm.localhost||scheduled_job||pg3o4gee9k)
2026-02-16 01:28:01,748 Result is kept for 600 seconds
2026-02-16 01:28:01,759 home-emlad-Developer-frappe-crm-f0rk-frappe-bench:default: frappe.utils.background_jobs.execute_job(event=None, is_async=True, job_name='frappe.core.doctype.scheduled_job_type.scheduled_job_type.run_scheduled_jo..., kwargs={'job_type': 'frappe.email.queue.retry_sending_emails', 'scheduled_job_type..., method='frappe.core.doctype.scheduled_job_type.scheduled_job_type.run_scheduled_jo..., site='crm.localhost', user='Administrator') (crm.localhost||scheduled_job||pg3g2vc4ac)
2026-02-16 01:28:02,528 Successfully completed frappe.utils.background_jobs.execute_job(event=None, is_async=True, job_name='frappe.core.doctype.scheduled_job_type.scheduled_job_type.run_scheduled_jo..., kwargs={'job_type': 'frappe.email.queue.retry_sending_emails', 'scheduled_job_type..., method='frappe.core.doctype.scheduled_job_type.scheduled_job_type.run_scheduled_jo..., site='crm.localhost', user='Administrator') job in 0:00:00.754081s on worker fed08d5c7c1a4b77b3fa2f835486c3f9
2026-02-16 01:28:02,528 home-emlad-Developer-frappe-crm-f0rk-frappe-bench:default: Job OK (crm.localhost||scheduled_job||pg3g2vc4ac)
2026-02-16 01:28:02,529 Result is kept for 600 seconds
2026-02-16 01:28:02,539 home-emlad-Developer-frappe-crm-f0rk-frappe-bench:default: frappe.utils.background_jobs.execute_job(event=None, is_async=True, job_name='frappe.core.doctype.scheduled_job_type.scheduled_job_type.run_scheduled_jo..., kwargs={'job_type': 'frappe.email.doctype.notification.notification.trigger_offset..., method='frappe.core.doctype.scheduled_job_type.scheduled_job_type.run_scheduled_jo..., site='crm.localhost', user='Administrator') (crm.localhost||scheduled_job||pg2rdn0a7m)
2026-02-16 01:28:03,187 Successfully completed frappe.utils.background_jobs.execute_job(event=None, is_async=True, job_name='frappe.core.doctype.scheduled_job_type.scheduled_job_type.run_scheduled_jo..., kwargs={'job_type': 'frappe.email.doctype.notification.notification.trigger_offset..., method='frappe.core.doctype.scheduled_job_type.scheduled_job_type.run_scheduled_jo..., site='crm.localhost', user='Administrator') job in 0:00:00.634994s on worker fed08d5c7c1a4b77b3fa2f835486c3f9
2026-02-16 01:28:03,187 home-emlad-Developer-frappe-crm-f0rk-frappe-bench:default: Job OK (crm.localhost||scheduled_job||pg2rdn0a7m)
2026-02-16 01:28:03,187 Result is kept for 600 seconds
2026-02-16 01:28:03,198 home-emlad-Developer-frappe-crm-f0rk-frappe-bench:default: frappe.utils.background_jobs.execute_job(event=None, is_async=True, job_name='frappe.core.doctype.scheduled_job_type.scheduled_job_type.run_scheduled_jo..., kwargs={'job_type': 'crm.lead_syncing.background_sync.sync_leads_from_sources_5_mi..., method='frappe.core.doctype.scheduled_job_type.scheduled_job_type.run_scheduled_jo..., site='crm.localhost', user='Administrator') (crm.localhost||scheduled_job||pls5pj208u)
2026-02-16 01:28:03,879 Successfully completed frappe.utils.background_jobs.execute_job(event=None, is_async=True, job_name='frappe.core.doctype.scheduled_job_type.scheduled_job_type.run_scheduled_jo..., kwargs={'job_type': 'crm.lead_syncing.background_sync.sync_leads_from_sources_5_mi..., method='frappe.core.doctype.scheduled_job_type.scheduled_job_type.run_scheduled_jo..., site='crm.localhost', user='Administrator') job in 0:00:00.670899s on worker fed08d5c7c1a4b77b3fa2f835486c3f9
2026-02-16 01:28:03,879 home-emlad-Developer-frappe-crm-f0rk-frappe-bench:default: Job OK (crm.localhost||scheduled_job||pls5pj208u)
2026-02-16 01:28:03,879 Result is kept for 600 seconds
2026-02-16 01:28:03,894 home-emlad-Developer-frappe-crm-f0rk-frappe-bench:default: frappe.utils.background_jobs.execute_job(event=None, is_async=True, job_name='frappe.core.doctype.scheduled_job_type.scheduled_job_type.run_scheduled_jo..., kwargs={'job_type': 'frappe.email.queue.flush', 'scheduled_job_type': 'pg361ihd8h'..., method='frappe.core.doctype.scheduled_job_type.scheduled_job_type.run_scheduled_jo..., site='crm.localhost', user='Administrator') (crm.localhost||scheduled_job||pg361ihd8h)
2026-02-16 01:28:04,603 Successfully completed frappe.utils.background_jobs.execute_job(event=None, is_async=True, job_name='frappe.core.doctype.scheduled_job_type.scheduled_job_type.run_scheduled_jo..., kwargs={'job_type': 'frappe.email.queue.flush', 'scheduled_job_type': 'pg361ihd8h'..., method='frappe.core.doctype.scheduled_job_type.scheduled_job_type.run_scheduled_jo..., site='crm.localhost', user='Administrator') job in 0:00:00.688424s on worker fed08d5c7c1a4b77b3fa2f835486c3f9
2026-02-16 01:28:04,603 home-emlad-Developer-frappe-crm-f0rk-frappe-bench:default: Job OK (crm.localhost||scheduled_job||pg361ihd8h)
2026-02-16 01:28:04,603 Result is kept for 600 seconds
2026-02-16 01:28:04,612 home-emlad-Developer-frappe-crm-f0rk-frappe-bench:default: frappe.utils.background_jobs.execute_job(event=None, is_async=True, job_name='frappe.core.doctype.scheduled_job_type.scheduled_job_type.run_scheduled_jo..., kwargs={'job_type': 'frappe.integrations.doctype.google_calendar.google_calendar.s..., method='frappe.core.doctype.scheduled_job_type.scheduled_job_type.run_scheduled_jo..., site='crm.localhost', user='Administrator') (crm.localhost||scheduled_job||pg30un2n20)
2026-02-16 01:28:05,787 Successfully completed frappe.utils.background_jobs.execute_job(event=None, is_async=True, job_name='frappe.core.doctype.scheduled_job_type.scheduled_job_type.run_scheduled_jo..., kwargs={'job_type': 'frappe.integrations.doctype.google_calendar.google_calendar.s..., method='frappe.core.doctype.scheduled_job_type.scheduled_job_type.run_scheduled_jo..., site='crm.localhost', user='Administrator') job in 0:00:01.166898s on worker fed08d5c7c1a4b77b3fa2f835486c3f9
2026-02-16 01:28:05,788 home-emlad-Developer-frappe-crm-f0rk-frappe-bench:default: Job OK (crm.localhost||scheduled_job||pg30un2n20)
2026-02-16 01:28:05,788 Result is kept for 600 seconds
2026-02-16 01:32:00,136 home-emlad-Developer-frappe-crm-f0rk-frappe-bench:default: frappe.utils.background_jobs.execute_job(event=None, is_async=True, job_name='frappe.core.doctype.scheduled_job_type.scheduled_job_type.run_scheduled_jo..., kwargs={'job_type': 'frappe.automation.doctype.reminder.reminder.send_reminders', ..., method='frappe.core.doctype.scheduled_job_type.scheduled_job_type.run_scheduled_jo..., site='crm.localhost', user='Administrator') (crm.localhost||scheduled_job||pg2di96mq0)
2026-02-16 01:32:00,810 Successfully completed frappe.utils.background_jobs.execute_job(event=None, is_async=True, job_name='frappe.core.doctype.scheduled_job_type.scheduled_job_type.run_scheduled_jo..., kwargs={'job_type': 'frappe.automation.doctype.reminder.reminder.send_reminders', ..., method='frappe.core.doctype.scheduled_job_type.scheduled_job_type.run_scheduled_jo..., site='crm.localhost', user='Administrator') job in 0:00:00.657398s on worker fed08d5c7c1a4b77b3fa2f835486c3f9
2026-02-16 01:32:00,811 home-emlad-Developer-frappe-crm-f0rk-frappe-bench:default: Job OK (crm.localhost||scheduled_job||pg2di96mq0)
2026-02-16 01:32:00,811 Result is kept for 600 seconds
2026-02-16 01:32:00,820 home-emlad-Developer-frappe-crm-f0rk-frappe-bench:default: frappe.utils.background_jobs.execute_job(event=None, is_async=True, job_name='frappe.core.doctype.scheduled_job_type.scheduled_job_type.run_scheduled_jo..., kwargs={'job_type': 'frappe.model.utils.link_count.update_link_count', 'scheduled_..., method='frappe.core.doctype.scheduled_job_type.scheduled_job_type.run_scheduled_jo..., site='crm.localhost', user='Administrator') (crm.localhost||scheduled_job||pg23am6hc0)
2026-02-16 01:32:01,372 Successfully completed frappe.utils.background_jobs.execute_job(event=None, is_async=True, job_name='frappe.core.doctype.scheduled_job_type.scheduled_job_type.run_scheduled_jo..., kwargs={'job_type': 'frappe.model.utils.link_count.update_link_count', 'scheduled_..., method='frappe.core.doctype.scheduled_job_type.scheduled_job_type.run_scheduled_jo..., site='crm.localhost', user='Administrator') job in 0:00:00.541143s on worker fed08d5c7c1a4b77b3fa2f835486c3f9
2026-02-16 01:32:01,372 home-emlad-Developer-frappe-crm-f0rk-frappe-bench:default: Job OK (crm.localhost||scheduled_job||pg23am6hc0)
2026-02-16 01:32:01,373 Result is kept for 600 seconds
2026-02-16 01:32:01,382 home-emlad-Developer-frappe-crm-f0rk-frappe-bench:default: frappe.utils.background_jobs.execute_job(event=None, is_async=True, job_name='frappe.core.doctype.scheduled_job_type.scheduled_job_type.run_scheduled_jo..., kwargs={'job_type': 'frappe.email.doctype.email_account.email_account.pull', 'sche..., method='frappe.core.doctype.scheduled_job_type.scheduled_job_type.run_scheduled_jo..., site='crm.localhost', user='Administrator') (crm.localhost||scheduled_job||pg29ic6u7t)
2026-02-16 01:32:01,969 Successfully completed frappe.utils.background_jobs.execute_job(event=None, is_async=True, job_name='frappe.core.doctype.scheduled_job_type.scheduled_job_type.run_scheduled_jo..., kwargs={'job_type': 'frappe.email.doctype.email_account.email_account.pull', 'sche..., method='frappe.core.doctype.scheduled_job_type.scheduled_job_type.run_scheduled_jo..., site='crm.localhost', user='Administrator') job in 0:00:00.575481s on worker fed08d5c7c1a4b77b3fa2f835486c3f9
2026-02-16 01:32:01,969 home-emlad-Developer-frappe-crm-f0rk-frappe-bench:default: Job OK (crm.localhost||scheduled_job||pg29ic6u7t)
2026-02-16 01:32:01,970 Result is kept for 600 seconds
2026-02-16 01:32:01,979 home-emlad-Developer-frappe-crm-f0rk-frappe-bench:default: frappe.utils.background_jobs.execute_job(event=None, is_async=True, job_name='frappe.core.doctype.scheduled_job_type.scheduled_job_type.run_scheduled_jo..., kwargs={'job_type': 'frappe.email.queue.flush', 'scheduled_job_type': 'pg361ihd8h'..., method='frappe.core.doctype.scheduled_job_type.scheduled_job_type.run_scheduled_jo..., site='crm.localhost', user='Administrator') (crm.localhost||scheduled_job||pg361ihd8h)
2026-02-16 01:32:02,568 Successfully completed frappe.utils.background_jobs.execute_job(event=None, is_async=True, job_name='frappe.core.doctype.scheduled_job_type.scheduled_job_type.run_scheduled_jo..., kwargs={'job_type': 'frappe.email.queue.flush', 'scheduled_job_type': 'pg361ihd8h'..., method='frappe.core.doctype.scheduled_job_type.scheduled_job_type.run_scheduled_jo..., site='crm.localhost', user='Administrator') job in 0:00:00.578848s on worker fed08d5c7c1a4b77b3fa2f835486c3f9
2026-02-16 01:32:02,568 home-emlad-Developer-frappe-crm-f0rk-frappe-bench:default: Job OK (crm.localhost||scheduled_job||pg361ihd8h)
2026-02-16 01:32:02,568 Result is kept for 600 seconds
2026-02-16 01:32:02,577 home-emlad-Developer-frappe-crm-f0rk-frappe-bench:default: frappe.utils.background_jobs.execute_job(event=None, is_async=True, job_name='frappe.core.doctype.scheduled_job_type.scheduled_job_type.run_scheduled_jo..., kwargs={'job_type': 'frappe.email.doctype.notification.notification.trigger_offset..., method='frappe.core.doctype.scheduled_job_type.scheduled_job_type.run_scheduled_jo..., site='crm.localhost', user='Administrator') (crm.localhost||scheduled_job||pg2rdn0a7m)
2026-02-16 01:32:03,157 Successfully completed frappe.utils.background_jobs.execute_job(event=None, is_async=True, job_name='frappe.core.doctype.scheduled_job_type.scheduled_job_type.run_scheduled_jo..., kwargs={'job_type': 'frappe.email.doctype.notification.notification.trigger_offset..., method='frappe.core.doctype.scheduled_job_type.scheduled_job_type.run_scheduled_jo..., site='crm.localhost', user='Administrator') job in 0:00:00.569817s on worker fed08d5c7c1a4b77b3fa2f835486c3f9
2026-02-16 01:32:03,158 home-emlad-Developer-frappe-crm-f0rk-frappe-bench:default: Job OK (crm.localhost||scheduled_job||pg2rdn0a7m)
2026-02-16 01:32:03,158 Result is kept for 600 seconds
2026-02-16 01:32:03,168 home-emlad-Developer-frappe-crm-f0rk-frappe-bench:default: frappe.utils.background_jobs.execute_job(event=None, is_async=True, job_name='frappe.core.doctype.scheduled_job_type.scheduled_job_type.run_scheduled_jo..., kwargs={'job_type': 'frappe.utils.telemetry.pulse.client.send_queued_events', 'sch..., method='frappe.core.doctype.scheduled_job_type.scheduled_job_type.run_scheduled_jo..., site='crm.localhost', user='Administrator') (crm.localhost||scheduled_job||pg24mac57d)
2026-02-16 01:32:03,735 Successfully completed frappe.utils.background_jobs.execute_job(event=None, is_async=True, job_name='frappe.core.doctype.scheduled_job_type.scheduled_job_type.run_scheduled_jo..., kwargs={'job_type': 'frappe.utils.telemetry.pulse.client.send_queued_events', 'sch..., method='frappe.core.doctype.scheduled_job_type.scheduled_job_type.run_scheduled_jo..., site='crm.localhost', user='Administrator') job in 0:00:00.557842s on worker fed08d5c7c1a4b77b3fa2f835486c3f9
2026-02-16 01:32:03,735 home-emlad-Developer-frappe-crm-f0rk-frappe-bench:default: Job OK (crm.localhost||scheduled_job||pg24mac57d)
2026-02-16 01:32:03,735 Result is kept for 600 seconds
2026-02-16 01:32:03,744 home-emlad-Developer-frappe-crm-f0rk-frappe-bench:default: frappe.utils.background_jobs.execute_job(event=None, is_async=True, job_name='frappe.core.doctype.scheduled_job_type.scheduled_job_type.run_scheduled_jo..., kwargs={'job_type': 'crm.lead_syncing.background_sync.sync_leads_from_sources_5_mi..., method='frappe.core.doctype.scheduled_job_type.scheduled_job_type.run_scheduled_jo..., site='crm.localhost', user='Administrator') (crm.localhost||scheduled_job||pls5pj208u)
2026-02-16 01:32:04,270 Successfully completed frappe.utils.background_jobs.execute_job(event=None, is_async=True, job_name='frappe.core.doctype.scheduled_job_type.scheduled_job_type.run_scheduled_jo..., kwargs={'job_type': 'crm.lead_syncing.background_sync.sync_leads_from_sources_5_mi..., method='frappe.core.doctype.scheduled_job_type.scheduled_job_type.run_scheduled_jo..., site='crm.localhost', user='Administrator') job in 0:00:00.515656s on worker fed08d5c7c1a4b77b3fa2f835486c3f9
2026-02-16 01:32:04,270 home-emlad-Developer-frappe-crm-f0rk-frappe-bench:default: Job OK (crm.localhost||scheduled_job||pls5pj208u)
2026-02-16 01:32:04,270 Result is kept for 600 seconds
2026-02-16 01:32:04,279 home-emlad-Developer-frappe-crm-f0rk-frappe-bench:default: frappe.utils.background_jobs.execute_job(event=None, is_async=True, job_name='frappe.core.doctype.scheduled_job_type.scheduled_job_type.run_scheduled_jo..., kwargs={'job_type': 'frappe.email.queue.retry_sending_emails', 'scheduled_job_type..., method='frappe.core.doctype.scheduled_job_type.scheduled_job_type.run_scheduled_jo..., site='crm.localhost', user='Administrator') (crm.localhost||scheduled_job||pg3g2vc4ac)
2026-02-16 01:32:04,822 Successfully completed frappe.utils.background_jobs.execute_job(event=None, is_async=True, job_name='frappe.core.doctype.scheduled_job_type.scheduled_job_type.run_scheduled_jo..., kwargs={'job_type': 'frappe.email.queue.retry_sending_emails', 'scheduled_job_type..., method='frappe.core.doctype.scheduled_job_type.scheduled_job_type.run_scheduled_jo..., site='crm.localhost', user='Administrator') job in 0:00:00.534001s on worker fed08d5c7c1a4b77b3fa2f835486c3f9
2026-02-16 01:32:04,822 home-emlad-Developer-frappe-crm-f0rk-frappe-bench:default: Job OK (crm.localhost||scheduled_job||pg3g2vc4ac)
2026-02-16 01:32:04,822 Result is kept for 600 seconds
2026-02-16 01:32:04,830 home-emlad-Developer-frappe-crm-f0rk-frappe-bench:default: frappe.utils.background_jobs.execute_job(event=None, is_async=True, job_name='frappe.core.doctype.scheduled_job_type.scheduled_job_type.run_scheduled_jo..., kwargs={'job_type': 'crm.lead_syncing.background_sync.sync_leads_from_sources_10_m..., method='frappe.core.doctype.scheduled_job_type.scheduled_job_type.run_scheduled_jo..., site='crm.localhost', user='Administrator') (crm.localhost||scheduled_job||pls9mga06a)
2026-02-16 01:32:05,389 Successfully completed frappe.utils.background_jobs.execute_job(event=None, is_async=True, job_name='frappe.core.doctype.scheduled_job_type.scheduled_job_type.run_scheduled_jo..., kwargs={'job_type': 'crm.lead_syncing.background_sync.sync_leads_from_sources_10_m..., method='frappe.core.doctype.scheduled_job_type.scheduled_job_type.run_scheduled_jo..., site='crm.localhost', user='Administrator') job in 0:00:00.548936s on worker fed08d5c7c1a4b77b3fa2f835486c3f9
2026-02-16 01:32:05,390 home-emlad-Developer-frappe-crm-f0rk-frappe-bench:default: Job OK (crm.localhost||scheduled_job||pls9mga06a)
2026-02-16 01:32:05,390 Result is kept for 600 seconds
2026-02-16 01:32:05,400 home-emlad-Developer-frappe-crm-f0rk-frappe-bench:default: frappe.utils.background_jobs.execute_job(event=None, is_async=True, job_name='frappe.core.doctype.scheduled_job_type.scheduled_job_type.run_scheduled_jo..., kwargs={'job_type': 'frappe.deferred_insert.save_to_db', 'scheduled_job_type': 'pg..., method='frappe.core.doctype.scheduled_job_type.scheduled_job_type.run_scheduled_jo..., site='crm.localhost', user='Administrator') (crm.localhost||scheduled_job||pg2q1qv7pc)
2026-02-16 01:32:06,121 Successfully completed frappe.utils.background_jobs.execute_job(event=None, is_async=True, job_name='frappe.core.doctype.scheduled_job_type.scheduled_job_type.run_scheduled_jo..., kwargs={'job_type': 'frappe.deferred_insert.save_to_db', 'scheduled_job_type': 'pg..., method='frappe.core.doctype.scheduled_job_type.scheduled_job_type.run_scheduled_jo..., site='crm.localhost', user='Administrator') job in 0:00:00.709962s on worker fed08d5c7c1a4b77b3fa2f835486c3f9
2026-02-16 01:32:06,121 home-emlad-Developer-frappe-crm-f0rk-frappe-bench:default: Job OK (crm.localhost||scheduled_job||pg2q1qv7pc)
2026-02-16 01:32:06,122 Result is kept for 600 seconds
2026-02-16 01:32:06,131 home-emlad-Developer-frappe-crm-f0rk-frappe-bench:default: frappe.utils.background_jobs.execute_job(event=None, is_async=True, job_name='frappe.core.doctype.scheduled_job_type.scheduled_job_type.run_scheduled_jo..., kwargs={'job_type': 'frappe.integrations.doctype.google_calendar.google_calendar.s..., method='frappe.core.doctype.scheduled_job_type.scheduled_job_type.run_scheduled_jo..., site='crm.localhost', user='Administrator') (crm.localhost||scheduled_job||pg30un2n20)
2026-02-16 01:32:07,410 Successfully completed frappe.utils.background_jobs.execute_job(event=None, is_async=True, job_name='frappe.core.doctype.scheduled_job_type.scheduled_job_type.run_scheduled_jo..., kwargs={'job_type': 'frappe.integrations.doctype.google_calendar.google_calendar.s..., method='frappe.core.doctype.scheduled_job_type.scheduled_job_type.run_scheduled_jo..., site='crm.localhost', user='Administrator') job in 0:00:01.268292s on worker fed08d5c7c1a4b77b3fa2f835486c3f9
2026-02-16 01:32:07,410 home-emlad-Developer-frappe-crm-f0rk-frappe-bench:default: Job OK (crm.localhost||scheduled_job||pg30un2n20)
2026-02-16 01:32:07,410 Result is kept for 600 seconds
2026-02-16 01:32:07,421 home-emlad-Developer-frappe-crm-f0rk-frappe-bench:default: frappe.utils.background_jobs.execute_job(event=None, is_async=True, job_name='frappe.core.doctype.scheduled_job_type.scheduled_job_type.run_scheduled_jo..., kwargs={'job_type': 'crm.lead_syncing.background_sync.sync_leads_from_sources_15_m..., method='frappe.core.doctype.scheduled_job_type.scheduled_job_type.run_scheduled_jo..., site='crm.localhost', user='Administrator') (crm.localhost||scheduled_job||plsnn00b5f)
2026-02-16 01:32:08,083 Successfully completed frappe.utils.background_jobs.execute_job(event=None, is_async=True, job_name='frappe.core.doctype.scheduled_job_type.scheduled_job_type.run_scheduled_jo..., kwargs={'job_type': 'crm.lead_syncing.background_sync.sync_leads_from_sources_15_m..., method='frappe.core.doctype.scheduled_job_type.scheduled_job_type.run_scheduled_jo..., site='crm.localhost', user='Administrator') job in 0:00:00.650351s on worker fed08d5c7c1a4b77b3fa2f835486c3f9
2026-02-16 01:32:08,083 home-emlad-Developer-frappe-crm-f0rk-frappe-bench:default: Job OK (crm.localhost||scheduled_job||plsnn00b5f)
2026-02-16 01:32:08,083 Result is kept for 600 seconds
2026-02-16 01:32:08,096 home-emlad-Developer-frappe-crm-f0rk-frappe-bench:default: frappe.utils.background_jobs.execute_job(event=None, is_async=True, job_name='frappe.core.doctype.scheduled_job_type.scheduled_job_type.run_scheduled_jo..., kwargs={'job_type': 'frappe.utils.global_search.sync_global_search', 'scheduled_jo..., method='frappe.core.doctype.scheduled_job_type.scheduled_job_type.run_scheduled_jo..., site='crm.localhost', user='Administrator') (crm.localhost||scheduled_job||pg2gfj56rp)
2026-02-16 01:32:08,725 Successfully completed frappe.utils.background_jobs.execute_job(event=None, is_async=True, job_name='frappe.core.doctype.scheduled_job_type.scheduled_job_type.run_scheduled_jo..., kwargs={'job_type': 'frappe.utils.global_search.sync_global_search', 'scheduled_jo..., method='frappe.core.doctype.scheduled_job_type.scheduled_job_type.run_scheduled_jo..., site='crm.localhost', user='Administrator') job in 0:00:00.615273s on worker fed08d5c7c1a4b77b3fa2f835486c3f9
2026-02-16 01:32:08,726 home-emlad-Developer-frappe-crm-f0rk-frappe-bench:default: Job OK (crm.localhost||scheduled_job||pg2gfj56rp)
2026-02-16 01:32:08,726 Result is kept for 600 seconds
2026-02-16 01:32:08,736 home-emlad-Developer-frappe-crm-f0rk-frappe-bench:default: frappe.utils.background_jobs.execute_job(event=None, is_async=True, job_name='frappe.core.doctype.scheduled_job_type.scheduled_job_type.run_scheduled_jo..., kwargs={'job_type': 'frappe.monitor.flush', 'scheduled_job_type': 'pg3o4gee9k'}, method='frappe.core.doctype.scheduled_job_type.scheduled_job_type.run_scheduled_jo..., site='crm.localhost', user='Administrator') (crm.localhost||scheduled_job||pg3o4gee9k)
2026-02-16 01:32:09,331 Successfully completed frappe.utils.background_jobs.execute_job(event=None, is_async=True, job_name='frappe.core.doctype.scheduled_job_type.scheduled_job_type.run_scheduled_jo..., kwargs={'job_type': 'frappe.monitor.flush', 'scheduled_job_type': 'pg3o4gee9k'}, method='frappe.core.doctype.scheduled_job_type.scheduled_job_type.run_scheduled_jo..., site='crm.localhost', user='Administrator') job in 0:00:00.583991s on worker fed08d5c7c1a4b77b3fa2f835486c3f9
2026-02-16 01:32:09,331 home-emlad-Developer-frappe-crm-f0rk-frappe-bench:default: Job OK (crm.localhost||scheduled_job||pg3o4gee9k)
2026-02-16 01:32:09,331 Result is kept for 600 seconds
2026-02-16 01:32:09,342 home-emlad-Developer-frappe-crm-f0rk-frappe-bench:default: frappe.utils.background_jobs.execute_job(event=None, is_async=True, job_name='frappe.core.doctype.scheduled_job_type.scheduled_job_type.run_scheduled_jo..., kwargs={'job_type': 'frappe.email.doctype.email_account.email_account.notify_unrep..., method='frappe.core.doctype.scheduled_job_type.scheduled_job_type.run_scheduled_jo..., site='crm.localhost', user='Administrator') (crm.localhost||scheduled_job||pg275o944e)
2026-02-16 01:32:09,952 Successfully completed frappe.utils.background_jobs.execute_job(event=None, is_async=True, job_name='frappe.core.doctype.scheduled_job_type.scheduled_job_type.run_scheduled_jo..., kwargs={'job_type': 'frappe.email.doctype.email_account.email_account.notify_unrep..., method='frappe.core.doctype.scheduled_job_type.scheduled_job_type.run_scheduled_jo..., site='crm.localhost', user='Administrator') job in 0:00:00.599567s on worker fed08d5c7c1a4b77b3fa2f835486c3f9
2026-02-16 01:32:09,952 home-emlad-Developer-frappe-crm-f0rk-frappe-bench:default: Job OK (crm.localhost||scheduled_job||pg275o944e)
2026-02-16 01:32:09,953 Result is kept for 600 seconds
2026-02-16 01:36:00,728 home-emlad-Developer-frappe-crm-f0rk-frappe-bench:default: frappe.utils.background_jobs.execute_job(event=None, is_async=True, job_name='frappe.core.doctype.scheduled_job_type.scheduled_job_type.run_scheduled_jo..., kwargs={'job_type': 'frappe.integrations.doctype.google_calendar.google_calendar.s..., method='frappe.core.doctype.scheduled_job_type.scheduled_job_type.run_scheduled_jo..., site='crm.localhost', user='Administrator') (crm.localhost||scheduled_job||pg30un2n20)
2026-02-16 01:36:02,076 Successfully completed frappe.utils.background_jobs.execute_job(event=None, is_async=True, job_name='frappe.core.doctype.scheduled_job_type.scheduled_job_type.run_scheduled_jo..., kwargs={'job_type': 'frappe.integrations.doctype.google_calendar.google_calendar.s..., method='frappe.core.doctype.scheduled_job_type.scheduled_job_type.run_scheduled_jo..., site='crm.localhost', user='Administrator') job in 0:00:01.332438s on worker fed08d5c7c1a4b77b3fa2f835486c3f9
2026-02-16 01:36:02,076 home-emlad-Developer-frappe-crm-f0rk-frappe-bench:default: Job OK (crm.localhost||scheduled_job||pg30un2n20)
2026-02-16 01:36:02,077 Result is kept for 600 seconds
2026-02-16 01:36:02,086 Worker fed08d5c7c1a4b77b3fa2f835486c3f9: cleaning registries for queue: home-emlad-Developer-frappe-crm-f0rk-frappe-bench:short
2026-02-16 01:36:02,089 Worker fed08d5c7c1a4b77b3fa2f835486c3f9: cleaning registries for queue: home-emlad-Developer-frappe-crm-f0rk-frappe-bench:default
2026-02-16 01:36:02,091 Worker fed08d5c7c1a4b77b3fa2f835486c3f9: cleaning registries for queue: home-emlad-Developer-frappe-crm-f0rk-frappe-bench:long
2026-02-16 01:36:02,094 home-emlad-Developer-frappe-crm-f0rk-frappe-bench:default: frappe.utils.background_jobs.execute_job(event=None, is_async=True, job_name='frappe.core.doctype.scheduled_job_type.scheduled_job_type.run_scheduled_jo..., kwargs={'job_type': 'frappe.monitor.flush', 'scheduled_job_type': 'pg3o4gee9k'}, method='frappe.core.doctype.scheduled_job_type.scheduled_job_type.run_scheduled_jo..., site='crm.localhost', user='Administrator') (crm.localhost||scheduled_job||pg3o4gee9k)
2026-02-16 01:36:02,655 Successfully completed frappe.utils.background_jobs.execute_job(event=None, is_async=True, job_name='frappe.core.doctype.scheduled_job_type.scheduled_job_type.run_scheduled_jo..., kwargs={'job_type': 'frappe.monitor.flush', 'scheduled_job_type': 'pg3o4gee9k'}, method='frappe.core.doctype.scheduled_job_type.scheduled_job_type.run_scheduled_jo..., site='crm.localhost', user='Administrator') job in 0:00:00.546519s on worker fed08d5c7c1a4b77b3fa2f835486c3f9
2026-02-16 01:36:02,655 home-emlad-Developer-frappe-crm-f0rk-frappe-bench:default: Job OK (crm.localhost||scheduled_job||pg3o4gee9k)
2026-02-16 01:36:02,655 Result is kept for 600 seconds
2026-02-16 01:36:02,665 home-emlad-Developer-frappe-crm-f0rk-frappe-bench:default: frappe.utils.background_jobs.execute_job(event=None, is_async=True, job_name='frappe.core.doctype.scheduled_job_type.scheduled_job_type.run_scheduled_jo..., kwargs={'job_type': 'frappe.email.queue.flush', 'scheduled_job_type': 'pg361ihd8h'..., method='frappe.core.doctype.scheduled_job_type.scheduled_job_type.run_scheduled_jo..., site='crm.localhost', user='Administrator') (crm.localhost||scheduled_job||pg361ihd8h)
2026-02-16 01:36:03,227 Successfully completed frappe.utils.background_jobs.execute_job(event=None, is_async=True, job_name='frappe.core.doctype.scheduled_job_type.scheduled_job_type.run_scheduled_jo..., kwargs={'job_type': 'frappe.email.queue.flush', 'scheduled_job_type': 'pg361ihd8h'..., method='frappe.core.doctype.scheduled_job_type.scheduled_job_type.run_scheduled_jo..., site='crm.localhost', user='Administrator') job in 0:00:00.553423s on worker fed08d5c7c1a4b77b3fa2f835486c3f9
2026-02-16 01:36:03,227 home-emlad-Developer-frappe-crm-f0rk-frappe-bench:default: Job OK (crm.localhost||scheduled_job||pg361ihd8h)
2026-02-16 01:36:03,227 Result is kept for 600 seconds
2026-02-16 01:36:03,236 home-emlad-Developer-frappe-crm-f0rk-frappe-bench:default: frappe.utils.background_jobs.execute_job(event=None, is_async=True, job_name='frappe.core.doctype.scheduled_job_type.scheduled_job_type.run_scheduled_jo..., kwargs={'job_type': 'crm.lead_syncing.background_sync.sync_leads_from_sources_5_mi..., method='frappe.core.doctype.scheduled_job_type.scheduled_job_type.run_scheduled_jo..., site='crm.localhost', user='Administrator') (crm.localhost||scheduled_job||pls5pj208u)
2026-02-16 01:36:03,801 Successfully completed frappe.utils.background_jobs.execute_job(event=None, is_async=True, job_name='frappe.core.doctype.scheduled_job_type.scheduled_job_type.run_scheduled_jo..., kwargs={'job_type': 'crm.lead_syncing.background_sync.sync_leads_from_sources_5_mi..., method='frappe.core.doctype.scheduled_job_type.scheduled_job_type.run_scheduled_jo..., site='crm.localhost', user='Administrator') job in 0:00:00.554403s on worker fed08d5c7c1a4b77b3fa2f835486c3f9
2026-02-16 01:36:03,801 home-emlad-Developer-frappe-crm-f0rk-frappe-bench:default: Job OK (crm.localhost||scheduled_job||pls5pj208u)
2026-02-16 01:36:03,801 Result is kept for 600 seconds
2026-02-16 01:36:03,810 home-emlad-Developer-frappe-crm-f0rk-frappe-bench:default: frappe.utils.background_jobs.execute_job(event=None, is_async=True, job_name='frappe.core.doctype.scheduled_job_type.scheduled_job_type.run_scheduled_jo..., kwargs={'job_type': 'frappe.email.doctype.notification.notification.trigger_offset..., method='frappe.core.doctype.scheduled_job_type.scheduled_job_type.run_scheduled_jo..., site='crm.localhost', user='Administrator') (crm.localhost||scheduled_job||pg2rdn0a7m)
2026-02-16 01:36:04,371 Successfully completed frappe.utils.background_jobs.execute_job(event=None, is_async=True, job_name='frappe.core.doctype.scheduled_job_type.scheduled_job_type.run_scheduled_jo..., kwargs={'job_type': 'frappe.email.doctype.notification.notification.trigger_offset..., method='frappe.core.doctype.scheduled_job_type.scheduled_job_type.run_scheduled_jo..., site='crm.localhost', user='Administrator') job in 0:00:00.550050s on worker fed08d5c7c1a4b77b3fa2f835486c3f9
2026-02-16 01:36:04,371 home-emlad-Developer-frappe-crm-f0rk-frappe-bench:default: Job OK (crm.localhost||scheduled_job||pg2rdn0a7m)
2026-02-16 01:36:04,371 Result is kept for 600 seconds
2026-02-16 01:36:04,380 home-emlad-Developer-frappe-crm-f0rk-frappe-bench:default: frappe.utils.background_jobs.execute_job(event=None, is_async=True, job_name='frappe.core.doctype.scheduled_job_type.scheduled_job_type.run_scheduled_jo..., kwargs={'job_type': 'frappe.email.queue.retry_sending_emails', 'scheduled_job_type..., method='frappe.core.doctype.scheduled_job_type.scheduled_job_type.run_scheduled_jo..., site='crm.localhost', user='Administrator') (crm.localhost||scheduled_job||pg3g2vc4ac)
2026-02-16 01:36:04,967 Successfully completed frappe.utils.background_jobs.execute_job(event=None, is_async=True, job_name='frappe.core.doctype.scheduled_job_type.scheduled_job_type.run_scheduled_jo..., kwargs={'job_type': 'frappe.email.queue.retry_sending_emails', 'scheduled_job_type..., method='frappe.core.doctype.scheduled_job_type.scheduled_job_type.run_scheduled_jo..., site='crm.localhost', user='Administrator') job in 0:00:00.576756s on worker fed08d5c7c1a4b77b3fa2f835486c3f9
2026-02-16 01:36:04,968 home-emlad-Developer-frappe-crm-f0rk-frappe-bench:default: Job OK (crm.localhost||scheduled_job||pg3g2vc4ac)
2026-02-16 01:36:04,968 Result is kept for 600 seconds
2026-02-16 01:40:00,768 home-emlad-Developer-frappe-crm-f0rk-frappe-bench:default: frappe.utils.background_jobs.execute_job(event=None, is_async=True, job_name='frappe.core.doctype.scheduled_job_type.scheduled_job_type.run_scheduled_jo..., kwargs={'job_type': 'frappe.email.queue.flush', 'scheduled_job_type': 'pg361ihd8h'..., method='frappe.core.doctype.scheduled_job_type.scheduled_job_type.run_scheduled_jo..., site='crm.localhost', user='Administrator') (crm.localhost||scheduled_job||pg361ihd8h)
2026-02-16 01:40:01,506 Successfully completed frappe.utils.background_jobs.execute_job(event=None, is_async=True, job_name='frappe.core.doctype.scheduled_job_type.scheduled_job_type.run_scheduled_jo..., kwargs={'job_type': 'frappe.email.queue.flush', 'scheduled_job_type': 'pg361ihd8h'..., method='frappe.core.doctype.scheduled_job_type.scheduled_job_type.run_scheduled_jo..., site='crm.localhost', user='Administrator') job in 0:00:00.721832s on worker fed08d5c7c1a4b77b3fa2f835486c3f9
2026-02-16 01:40:01,507 home-emlad-Developer-frappe-crm-f0rk-frappe-bench:default: Job OK (crm.localhost||scheduled_job||pg361ihd8h)
2026-02-16 01:40:01,507 Result is kept for 600 seconds
2026-02-16 01:40:01,516 home-emlad-Developer-frappe-crm-f0rk-frappe-bench:default: frappe.utils.background_jobs.execute_job(event=None, is_async=True, job_name='frappe.core.doctype.scheduled_job_type.scheduled_job_type.run_scheduled_jo..., kwargs={'job_type': 'frappe.email.doctype.email_account.email_account.pull', 'sche..., method='frappe.core.doctype.scheduled_job_type.scheduled_job_type.run_scheduled_jo..., site='crm.localhost', user='Administrator') (crm.localhost||scheduled_job||pg29ic6u7t)
2026-02-16 01:40:02,127 Successfully completed frappe.utils.background_jobs.execute_job(event=None, is_async=True, job_name='frappe.core.doctype.scheduled_job_type.scheduled_job_type.run_scheduled_jo..., kwargs={'job_type': 'frappe.email.doctype.email_account.email_account.pull', 'sche..., method='frappe.core.doctype.scheduled_job_type.scheduled_job_type.run_scheduled_jo..., site='crm.localhost', user='Administrator') job in 0:00:00.601582s on worker fed08d5c7c1a4b77b3fa2f835486c3f9
2026-02-16 01:40:02,127 home-emlad-Developer-frappe-crm-f0rk-frappe-bench:default: Job OK (crm.localhost||scheduled_job||pg29ic6u7t)
2026-02-16 01:40:02,127 Result is kept for 600 seconds
2026-02-16 01:40:02,136 home-emlad-Developer-frappe-crm-f0rk-frappe-bench:default: frappe.utils.background_jobs.execute_job(event=None, is_async=True, job_name='frappe.core.doctype.scheduled_job_type.scheduled_job_type.run_scheduled_jo..., kwargs={'job_type': 'frappe.email.doctype.notification.notification.trigger_offset..., method='frappe.core.doctype.scheduled_job_type.scheduled_job_type.run_scheduled_jo..., site='crm.localhost', user='Administrator') (crm.localhost||scheduled_job||pg2rdn0a7m)
2026-02-16 01:40:02,693 Successfully completed frappe.utils.background_jobs.execute_job(event=None, is_async=True, job_name='frappe.core.doctype.scheduled_job_type.scheduled_job_type.run_scheduled_jo..., kwargs={'job_type': 'frappe.email.doctype.notification.notification.trigger_offset..., method='frappe.core.doctype.scheduled_job_type.scheduled_job_type.run_scheduled_jo..., site='crm.localhost', user='Administrator') job in 0:00:00.546404s on worker fed08d5c7c1a4b77b3fa2f835486c3f9
2026-02-16 01:40:02,693 home-emlad-Developer-frappe-crm-f0rk-frappe-bench:default: Job OK (crm.localhost||scheduled_job||pg2rdn0a7m)
2026-02-16 01:40:02,693 Result is kept for 600 seconds
2026-02-16 01:40:02,702 home-emlad-Developer-frappe-crm-f0rk-frappe-bench:default: frappe.utils.background_jobs.execute_job(event=None, is_async=True, job_name='frappe.core.doctype.scheduled_job_type.scheduled_job_type.run_scheduled_jo..., kwargs={'job_type': 'crm.lead_syncing.background_sync.sync_leads_from_sources_10_m..., method='frappe.core.doctype.scheduled_job_type.scheduled_job_type.run_scheduled_jo..., site='crm.localhost', user='Administrator') (crm.localhost||scheduled_job||pls9mga06a)
2026-02-16 01:40:03,290 Successfully completed frappe.utils.background_jobs.execute_job(event=None, is_async=True, job_name='frappe.core.doctype.scheduled_job_type.scheduled_job_type.run_scheduled_jo..., kwargs={'job_type': 'crm.lead_syncing.background_sync.sync_leads_from_sources_10_m..., method='frappe.core.doctype.scheduled_job_type.scheduled_job_type.run_scheduled_jo..., site='crm.localhost', user='Administrator') job in 0:00:00.577305s on worker fed08d5c7c1a4b77b3fa2f835486c3f9
2026-02-16 01:40:03,291 home-emlad-Developer-frappe-crm-f0rk-frappe-bench:default: Job OK (crm.localhost||scheduled_job||pls9mga06a)
2026-02-16 01:40:03,291 Result is kept for 600 seconds
2026-02-16 01:40:03,303 home-emlad-Developer-frappe-crm-f0rk-frappe-bench:default: frappe.utils.background_jobs.execute_job(event=None, is_async=True, job_name='frappe.core.doctype.scheduled_job_type.scheduled_job_type.run_scheduled_jo..., kwargs={'job_type': 'crm.lead_syncing.background_sync.sync_leads_from_sources_5_mi..., method='frappe.core.doctype.scheduled_job_type.scheduled_job_type.run_scheduled_jo..., site='crm.localhost', user='Administrator') (crm.localhost||scheduled_job||pls5pj208u)
2026-02-16 01:40:03,874 Successfully completed frappe.utils.background_jobs.execute_job(event=None, is_async=True, job_name='frappe.core.doctype.scheduled_job_type.scheduled_job_type.run_scheduled_jo..., kwargs={'job_type': 'crm.lead_syncing.background_sync.sync_leads_from_sources_5_mi..., method='frappe.core.doctype.scheduled_job_type.scheduled_job_type.run_scheduled_jo..., site='crm.localhost', user='Administrator') job in 0:00:00.559601s on worker fed08d5c7c1a4b77b3fa2f835486c3f9
2026-02-16 01:40:03,874 home-emlad-Developer-frappe-crm-f0rk-frappe-bench:default: Job OK (crm.localhost||scheduled_job||pls5pj208u)
2026-02-16 01:40:03,874 Result is kept for 600 seconds
2026-02-16 01:40:03,884 home-emlad-Developer-frappe-crm-f0rk-frappe-bench:default: frappe.utils.background_jobs.execute_job(event=None, is_async=True, job_name='frappe.core.doctype.scheduled_job_type.scheduled_job_type.run_scheduled_jo..., kwargs={'job_type': 'frappe.integrations.doctype.google_calendar.google_calendar.s..., method='frappe.core.doctype.scheduled_job_type.scheduled_job_type.run_scheduled_jo..., site='crm.localhost', user='Administrator') (crm.localhost||scheduled_job||pg30un2n20)
2026-02-16 01:40:05,114 Successfully completed frappe.utils.background_jobs.execute_job(event=None, is_async=True, job_name='frappe.core.doctype.scheduled_job_type.scheduled_job_type.run_scheduled_jo..., kwargs={'job_type': 'frappe.integrations.doctype.google_calendar.google_calendar.s..., method='frappe.core.doctype.scheduled_job_type.scheduled_job_type.run_scheduled_jo..., site='crm.localhost', user='Administrator') job in 0:00:01.221758s on worker fed08d5c7c1a4b77b3fa2f835486c3f9
2026-02-16 01:40:05,115 home-emlad-Developer-frappe-crm-f0rk-frappe-bench:default: Job OK (crm.localhost||scheduled_job||pg30un2n20)
2026-02-16 01:40:05,115 Result is kept for 600 seconds
2026-02-16 01:40:05,127 home-emlad-Developer-frappe-crm-f0rk-frappe-bench:default: frappe.utils.background_jobs.execute_job(event=None, is_async=True, job_name='frappe.core.doctype.scheduled_job_type.scheduled_job_type.run_scheduled_jo..., kwargs={'job_type': 'frappe.email.queue.retry_sending_emails', 'scheduled_job_type..., method='frappe.core.doctype.scheduled_job_type.scheduled_job_type.run_scheduled_jo..., site='crm.localhost', user='Administrator') (crm.localhost||scheduled_job||pg3g2vc4ac)
2026-02-16 01:40:05,793 Successfully completed frappe.utils.background_jobs.execute_job(event=None, is_async=True, job_name='frappe.core.doctype.scheduled_job_type.scheduled_job_type.run_scheduled_jo..., kwargs={'job_type': 'frappe.email.queue.retry_sending_emails', 'scheduled_job_type..., method='frappe.core.doctype.scheduled_job_type.scheduled_job_type.run_scheduled_jo..., site='crm.localhost', user='Administrator') job in 0:00:00.653484s on worker fed08d5c7c1a4b77b3fa2f835486c3f9
2026-02-16 01:40:05,794 home-emlad-Developer-frappe-crm-f0rk-frappe-bench:default: Job OK (crm.localhost||scheduled_job||pg3g2vc4ac)
2026-02-16 01:40:05,794 Result is kept for 600 seconds
2026-02-16 01:40:05,803 home-emlad-Developer-frappe-crm-f0rk-frappe-bench:default: frappe.utils.background_jobs.execute_job(event=None, is_async=True, job_name='frappe.core.doctype.scheduled_job_type.scheduled_job_type.run_scheduled_jo..., kwargs={'job_type': 'frappe.monitor.flush', 'scheduled_job_type': 'pg3o4gee9k'}, method='frappe.core.doctype.scheduled_job_type.scheduled_job_type.run_scheduled_jo..., site='crm.localhost', user='Administrator') (crm.localhost||scheduled_job||pg3o4gee9k)
2026-02-16 01:40:06,376 Successfully completed frappe.utils.background_jobs.execute_job(event=None, is_async=True, job_name='frappe.core.doctype.scheduled_job_type.scheduled_job_type.run_scheduled_jo..., kwargs={'job_type': 'frappe.monitor.flush', 'scheduled_job_type': 'pg3o4gee9k'}, method='frappe.core.doctype.scheduled_job_type.scheduled_job_type.run_scheduled_jo..., site='crm.localhost', user='Administrator') job in 0:00:00.563458s on worker fed08d5c7c1a4b77b3fa2f835486c3f9
2026-02-16 01:40:06,376 home-emlad-Developer-frappe-crm-f0rk-frappe-bench:default: Job OK (crm.localhost||scheduled_job||pg3o4gee9k)
2026-02-16 01:40:06,376 Result is kept for 600 seconds
2026-02-16 01:43:55,841 home-emlad-Developer-frappe-crm-f0rk-frappe-bench:long: frappe.utils.background_jobs.execute_job(event=None, is_async=True, job_name='frappe.search.website_search.build_index_for_all_routes', kwargs={}, method=<function build_index_for_all_routes at 0x789e8bb84a90>, site='crm.localhost', user='Administrator') (crm.localhost||ea2292c3-e6f1-40de-b18c-ef153d6a8c16)
Retrieving Routes                   : [=                                       ] 3%
2026-02-16 01:44:00,058 Successfully completed frappe.utils.background_jobs.execute_job(event=None, is_async=True, job_name='frappe.search.website_search.build_index_for_all_routes', kwargs={}, method=<function build_index_for_all_routes at 0x789e8bb84a90>, site='crm.localhost', user='Administrator') job in 0:00:03.617443s on worker fed08d5c7c1a4b77b3fa2f835486c3f9
2026-02-16 01:44:00,059 home-emlad-Developer-frappe-crm-f0rk-frappe-bench:long: Job OK (crm.localhost||ea2292c3-e6f1-40de-b18c-ef153d6a8c16)
2026-02-16 01:44:00,059 Result is kept for 600 seconds
2026-02-16 01:44:01,776 home-emlad-Developer-frappe-crm-f0rk-frappe-bench:default: frappe.utils.background_jobs.execute_job(event=None, is_async=True, job_name='frappe.core.doctype.scheduled_job_type.scheduled_job_type.run_scheduled_jo..., kwargs={'job_type': 'frappe.email.queue.flush', 'scheduled_job_type': 'pg361ihd8h'..., method='frappe.core.doctype.scheduled_job_type.scheduled_job_type.run_scheduled_jo..., site='crm.localhost', user='Administrator') (crm.localhost||scheduled_job||pg361ihd8h)
2026-02-16 01:44:02,634 Successfully completed frappe.utils.background_jobs.execute_job(event=None, is_async=True, job_name='frappe.core.doctype.scheduled_job_type.scheduled_job_type.run_scheduled_jo..., kwargs={'job_type': 'frappe.email.queue.flush', 'scheduled_job_type': 'pg361ihd8h'..., method='frappe.core.doctype.scheduled_job_type.scheduled_job_type.run_scheduled_jo..., site='crm.localhost', user='Administrator') job in 0:00:00.845437s on worker fed08d5c7c1a4b77b3fa2f835486c3f9
2026-02-16 01:44:02,634 home-emlad-Developer-frappe-crm-f0rk-frappe-bench:default: Job OK (crm.localhost||scheduled_job||pg361ihd8h)
2026-02-16 01:44:02,634 Result is kept for 600 seconds
2026-02-16 01:44:02,649 home-emlad-Developer-frappe-crm-f0rk-frappe-bench:default: frappe.utils.background_jobs.execute_job(event=None, is_async=True, job_name='frappe.core.doctype.scheduled_job_type.scheduled_job_type.run_scheduled_jo..., kwargs={'job_type': 'frappe.monitor.flush', 'scheduled_job_type': 'pg3o4gee9k'}, method='frappe.core.doctype.scheduled_job_type.scheduled_job_type.run_scheduled_jo..., site='crm.localhost', user='Administrator') (crm.localhost||scheduled_job||pg3o4gee9k)
2026-02-16 01:44:03,309 Successfully completed frappe.utils.background_jobs.execute_job(event=None, is_async=True, job_name='frappe.core.doctype.scheduled_job_type.scheduled_job_type.run_scheduled_jo..., kwargs={'job_type': 'frappe.monitor.flush', 'scheduled_job_type': 'pg3o4gee9k'}, method='frappe.core.doctype.scheduled_job_type.scheduled_job_type.run_scheduled_jo..., site='crm.localhost', user='Administrator') job in 0:00:00.646961s on worker fed08d5c7c1a4b77b3fa2f835486c3f9
2026-02-16 01:44:03,310 home-emlad-Developer-frappe-crm-f0rk-frappe-bench:default: Job OK (crm.localhost||scheduled_job||pg3o4gee9k)
2026-02-16 01:44:03,310 Result is kept for 600 seconds
2026-02-16 01:44:03,324 home-emlad-Developer-frappe-crm-f0rk-frappe-bench:default: frappe.utils.background_jobs.execute_job(event=None, is_async=True, job_name='frappe.core.doctype.scheduled_job_type.scheduled_job_type.run_scheduled_jo..., kwargs={'job_type': 'frappe.integrations.doctype.google_calendar.google_calendar.s..., method='frappe.core.doctype.scheduled_job_type.scheduled_job_type.run_scheduled_jo..., site='crm.localhost', user='Administrator') (crm.localhost||scheduled_job||pg30un2n20)
2026-02-16 01:44:04,753 Successfully completed frappe.utils.background_jobs.execute_job(event=None, is_async=True, job_name='frappe.core.doctype.scheduled_job_type.scheduled_job_type.run_scheduled_jo..., kwargs={'job_type': 'frappe.integrations.doctype.google_calendar.google_calendar.s..., method='frappe.core.doctype.scheduled_job_type.scheduled_job_type.run_scheduled_jo..., site='crm.localhost', user='Administrator') job in 0:00:01.417711s on worker fed08d5c7c1a4b77b3fa2f835486c3f9
2026-02-16 01:44:04,753 home-emlad-Developer-frappe-crm-f0rk-frappe-bench:default: Job OK (crm.localhost||scheduled_job||pg30un2n20)
2026-02-16 01:44:04,753 Result is kept for 600 seconds
2026-02-16 01:44:04,763 home-emlad-Developer-frappe-crm-f0rk-frappe-bench:default: frappe.utils.background_jobs.execute_job(event=None, is_async=True, job_name='frappe.core.doctype.scheduled_job_type.scheduled_job_type.run_scheduled_jo..., kwargs={'job_type': 'frappe.email.queue.retry_sending_emails', 'scheduled_job_type..., method='frappe.core.doctype.scheduled_job_type.scheduled_job_type.run_scheduled_jo..., site='crm.localhost', user='Administrator') (crm.localhost||scheduled_job||pg3g2vc4ac)
2026-02-16 01:44:05,444 Successfully completed frappe.utils.background_jobs.execute_job(event=None, is_async=True, job_name='frappe.core.doctype.scheduled_job_type.scheduled_job_type.run_scheduled_jo..., kwargs={'job_type': 'frappe.email.queue.retry_sending_emails', 'scheduled_job_type..., method='frappe.core.doctype.scheduled_job_type.scheduled_job_type.run_scheduled_jo..., site='crm.localhost', user='Administrator') job in 0:00:00.671401s on worker fed08d5c7c1a4b77b3fa2f835486c3f9
2026-02-16 01:44:05,445 home-emlad-Developer-frappe-crm-f0rk-frappe-bench:default: Job OK (crm.localhost||scheduled_job||pg3g2vc4ac)
2026-02-16 01:44:05,445 Result is kept for 600 seconds
2026-02-16 01:44:11,964 home-emlad-Developer-frappe-crm-f0rk-frappe-bench:long: frappe.utils.background_jobs.execute_job(event=None, is_async=True, job_name='frappe.search.website_search.build_index_for_all_routes', kwargs={}, method=<function build_index_for_all_routes at 0x70b2a9c3c930>, site='crm.localhost', user='Administrator') (crm.localhost||a60f3dae-7ba0-4795-be06-0848e96b549a)
Retrieving Routes                   : [=                                       ] 3%
2026-02-16 01:44:15,717 Successfully completed frappe.utils.background_jobs.execute_job(event=None, is_async=True, job_name='frappe.search.website_search.build_index_for_all_routes', kwargs={}, method=<function build_index_for_all_routes at 0x70b2a9c3c930>, site='crm.localhost', user='Administrator') job in 0:00:03.356055s on worker fed08d5c7c1a4b77b3fa2f835486c3f9
2026-02-16 01:44:15,718 home-emlad-Developer-frappe-crm-f0rk-frappe-bench:long: Job OK (crm.localhost||a60f3dae-7ba0-4795-be06-0848e96b549a)
2026-02-16 01:44:15,718 Result is kept for 600 seconds
2026-02-16 01:45:09,144 Worker 20739d2aeafd48a8b73b9512965368f7: started with PID 260663, version 2.6.1
2026-02-16 01:45:09,144 Worker 20739d2aeafd48a8b73b9512965368f7: subscribing to channel rq:pubsub:20739d2aeafd48a8b73b9512965368f7
2026-02-16 01:45:09,147 *** Listening on home-emlad-Developer-frappe-crm-f0rk-frappe-bench:short, home-emlad-Developer-frappe-crm-f0rk-frappe-bench:default, home-emlad-Developer-frappe-crm-f0rk-frappe-bench:long...
2026-02-16 01:45:09,149 Worker 20739d2aeafd48a8b73b9512965368f7: cleaning registries for queue: home-emlad-Developer-frappe-crm-f0rk-frappe-bench:short
2026-02-16 01:45:09,154 Worker 20739d2aeafd48a8b73b9512965368f7: cleaning registries for queue: home-emlad-Developer-frappe-crm-f0rk-frappe-bench:default
2026-02-16 01:45:09,158 Worker 20739d2aeafd48a8b73b9512965368f7: cleaning registries for queue: home-emlad-Developer-frappe-crm-f0rk-frappe-bench:long
2026-02-16 01:45:09,732 Worker 20739d2aeafd48a8b73b9512965368f7 [PID 260663]: warm shut down requested
2026-02-16 01:45:09,734 Worker 20739d2aeafd48a8b73b9512965368f7: unsubscribing from channel rq:pubsub:20739d2aeafd48a8b73b9512965368f7
2026-02-16 01:46:38,524 Worker 00bfcba5d5a34c63ad439af62626b1e8: started with PID 263252, version 2.6.1
2026-02-16 01:46:38,524 Worker 00bfcba5d5a34c63ad439af62626b1e8: subscribing to channel rq:pubsub:00bfcba5d5a34c63ad439af62626b1e8
2026-02-16 01:46:38,526 *** Listening on home-emlad-Developer-frappe-crm-f0rk-frappe-bench:short, home-emlad-Developer-frappe-crm-f0rk-frappe-bench:default, home-emlad-Developer-frappe-crm-f0rk-frappe-bench:long...
2026-02-16 01:46:38,527 Worker 00bfcba5d5a34c63ad439af62626b1e8: cleaning registries for queue: home-emlad-Developer-frappe-crm-f0rk-frappe-bench:short
2026-02-16 01:46:38,529 Worker 00bfcba5d5a34c63ad439af62626b1e8: cleaning registries for queue: home-emlad-Developer-frappe-crm-f0rk-frappe-bench:default
2026-02-16 01:46:38,532 Worker 00bfcba5d5a34c63ad439af62626b1e8: cleaning registries for queue: home-emlad-Developer-frappe-crm-f0rk-frappe-bench:long
2026-02-16 01:46:39,205 Worker 00bfcba5d5a34c63ad439af62626b1e8 [PID 263252]: warm shut down requested
2026-02-16 01:46:39,206 Worker 00bfcba5d5a34c63ad439af62626b1e8: unsubscribing from channel rq:pubsub:00bfcba5d5a34c63ad439af62626b1e8
2026-02-16 01:56:48,208 Worker fed08d5c7c1a4b77b3fa2f835486c3f9: cleaning registries for queue: home-emlad-Developer-frappe-crm-f0rk-frappe-bench:short
2026-02-16 01:56:48,210 Worker fed08d5c7c1a4b77b3fa2f835486c3f9: cleaning registries for queue: home-emlad-Developer-frappe-crm-f0rk-frappe-bench:default
2026-02-16 01:56:48,212 Worker fed08d5c7c1a4b77b3fa2f835486c3f9: cleaning registries for queue: home-emlad-Developer-frappe-crm-f0rk-frappe-bench:long
2026-02-16 01:57:32,375 home-emlad-Developer-frappe-crm-f0rk-frappe-bench:long: frappe.utils.background_jobs.execute_job(event=None, is_async=True, job_name='frappe.search.website_search.build_index_for_all_routes', kwargs={}, method=<function build_index_for_all_routes at 0x7af12f574930>, site='crm.localhost', user='Administrator') (crm.localhost||d06a454d-9024-4384-8b29-0bc0fac5ceb4)
Retrieving Routes                   : [=                                       ] 3%
2026-02-16 01:57:36,205 Successfully completed frappe.utils.background_jobs.execute_job(event=None, is_async=True, job_name='frappe.search.website_search.build_index_for_all_routes', kwargs={}, method=<function build_index_for_all_routes at 0x7af12f574930>, site='crm.localhost', user='Administrator') job in 0:00:03.387881s on worker fed08d5c7c1a4b77b3fa2f835486c3f9
2026-02-16 01:57:36,207 home-emlad-Developer-frappe-crm-f0rk-frappe-bench:long: Job OK (crm.localhost||d06a454d-9024-4384-8b29-0bc0fac5ceb4)
2026-02-16 01:57:36,207 Result is kept for 600 seconds
2026-02-16 01:57:57,599 home-emlad-Developer-frappe-crm-f0rk-frappe-bench:long: frappe.utils.background_jobs.execute_job(event=None, is_async=True, job_name='frappe.search.website_search.build_index_for_all_routes', kwargs={}, method=<function build_index_for_all_routes at 0x78a7ca634930>, site='crm.localhost', user='Administrator') (crm.localhost||5c1dcc2d-dc67-4a2a-8574-741ddf0f8a51)
Retrieving Routes                   : [=                                       ] 3%
2026-02-16 01:58:01,471 Successfully completed frappe.utils.background_jobs.execute_job(event=None, is_async=True, job_name='frappe.search.website_search.build_index_for_all_routes', kwargs={}, method=<function build_index_for_all_routes at 0x78a7ca634930>, site='crm.localhost', user='Administrator') job in 0:00:03.400474s on worker fed08d5c7c1a4b77b3fa2f835486c3f9
2026-02-16 01:58:01,471 home-emlad-Developer-frappe-crm-f0rk-frappe-bench:long: Job OK (crm.localhost||5c1dcc2d-dc67-4a2a-8574-741ddf0f8a51)
2026-02-16 01:58:01,471 Result is kept for 600 seconds
2026-02-16 02:00:03,813 home-emlad-Developer-frappe-crm-f0rk-frappe-bench:default: frappe.utils.background_jobs.execute_job(event=None, is_async=True, job_name='frappe.core.doctype.scheduled_job_type.scheduled_job_type.run_scheduled_jo..., kwargs={'job_type': 'crm.lead_syncing.background_sync.sync_leads_from_sources_15_m..., method='frappe.core.doctype.scheduled_job_type.scheduled_job_type.run_scheduled_jo..., site='crm.localhost', user='Administrator') (crm.localhost||scheduled_job||plsnn00b5f)
2026-02-16 02:00:04,400 Successfully completed frappe.utils.background_jobs.execute_job(event=None, is_async=True, job_name='frappe.core.doctype.scheduled_job_type.scheduled_job_type.run_scheduled_jo..., kwargs={'job_type': 'crm.lead_syncing.background_sync.sync_leads_from_sources_15_m..., method='frappe.core.doctype.scheduled_job_type.scheduled_job_type.run_scheduled_jo..., site='crm.localhost', user='Administrator') job in 0:00:00.575515s on worker fed08d5c7c1a4b77b3fa2f835486c3f9
2026-02-16 02:00:04,401 home-emlad-Developer-frappe-crm-f0rk-frappe-bench:default: Job OK (crm.localhost||scheduled_job||plsnn00b5f)
2026-02-16 02:00:04,401 Result is kept for 600 seconds
2026-02-16 02:00:04,410 home-emlad-Developer-frappe-crm-f0rk-frappe-bench:default: frappe.utils.background_jobs.execute_job(event=None, is_async=True, job_name='frappe.core.doctype.scheduled_job_type.scheduled_job_type.run_scheduled_jo..., kwargs={'job_type': 'frappe.utils.telemetry.pulse.client.send_queued_events', 'sch..., method='frappe.core.doctype.scheduled_job_type.scheduled_job_type.run_scheduled_jo..., site='crm.localhost', user='Administrator') (crm.localhost||scheduled_job||pg24mac57d)
2026-02-16 02:00:04,977 Successfully completed frappe.utils.background_jobs.execute_job(event=None, is_async=True, job_name='frappe.core.doctype.scheduled_job_type.scheduled_job_type.run_scheduled_jo..., kwargs={'job_type': 'frappe.utils.telemetry.pulse.client.send_queued_events', 'sch..., method='frappe.core.doctype.scheduled_job_type.scheduled_job_type.run_scheduled_jo..., site='crm.localhost', user='Administrator') job in 0:00:00.556861s on worker fed08d5c7c1a4b77b3fa2f835486c3f9
2026-02-16 02:00:04,977 home-emlad-Developer-frappe-crm-f0rk-frappe-bench:default: Job OK (crm.localhost||scheduled_job||pg24mac57d)
2026-02-16 02:00:04,977 Result is kept for 600 seconds
2026-02-16 02:00:04,987 home-emlad-Developer-frappe-crm-f0rk-frappe-bench:default: frappe.utils.background_jobs.execute_job(event=None, is_async=True, job_name='frappe.core.doctype.scheduled_job_type.scheduled_job_type.run_scheduled_jo..., kwargs={'job_type': 'frappe.utils.global_search.sync_global_search', 'scheduled_jo..., method='frappe.core.doctype.scheduled_job_type.scheduled_job_type.run_scheduled_jo..., site='crm.localhost', user='Administrator') (crm.localhost||scheduled_job||pg2gfj56rp)
2026-02-16 02:00:05,556 Successfully completed frappe.utils.background_jobs.execute_job(event=None, is_async=True, job_name='frappe.core.doctype.scheduled_job_type.scheduled_job_type.run_scheduled_jo..., kwargs={'job_type': 'frappe.utils.global_search.sync_global_search', 'scheduled_jo..., method='frappe.core.doctype.scheduled_job_type.scheduled_job_type.run_scheduled_jo..., site='crm.localhost', user='Administrator') job in 0:00:00.558596s on worker fed08d5c7c1a4b77b3fa2f835486c3f9
2026-02-16 02:00:05,556 home-emlad-Developer-frappe-crm-f0rk-frappe-bench:default: Job OK (crm.localhost||scheduled_job||pg2gfj56rp)
2026-02-16 02:00:05,556 Result is kept for 600 seconds
2026-02-16 02:00:05,565 home-emlad-Developer-frappe-crm-f0rk-frappe-bench:default: frappe.utils.background_jobs.execute_job(event=None, is_async=True, job_name='frappe.core.doctype.scheduled_job_type.scheduled_job_type.run_scheduled_jo..., kwargs={'job_type': 'frappe.email.doctype.email_account.email_account.notify_unrep..., method='frappe.core.doctype.scheduled_job_type.scheduled_job_type.run_scheduled_jo..., site='crm.localhost', user='Administrator') (crm.localhost||scheduled_job||pg275o944e)
2026-02-16 02:00:06,159 Successfully completed frappe.utils.background_jobs.execute_job(event=None, is_async=True, job_name='frappe.core.doctype.scheduled_job_type.scheduled_job_type.run_scheduled_jo..., kwargs={'job_type': 'frappe.email.doctype.email_account.email_account.notify_unrep..., method='frappe.core.doctype.scheduled_job_type.scheduled_job_type.run_scheduled_jo..., site='crm.localhost', user='Administrator') job in 0:00:00.583847s on worker fed08d5c7c1a4b77b3fa2f835486c3f9
2026-02-16 02:00:06,159 home-emlad-Developer-frappe-crm-f0rk-frappe-bench:default: Job OK (crm.localhost||scheduled_job||pg275o944e)
2026-02-16 02:00:06,160 Result is kept for 600 seconds
2026-02-16 02:00:06,169 home-emlad-Developer-frappe-crm-f0rk-frappe-bench:default: frappe.utils.background_jobs.execute_job(event=None, is_async=True, job_name='frappe.core.doctype.scheduled_job_type.scheduled_job_type.run_scheduled_jo..., kwargs={'job_type': 'crm.lead_syncing.background_sync.sync_leads_from_sources_5_mi..., method='frappe.core.doctype.scheduled_job_type.scheduled_job_type.run_scheduled_jo..., site='crm.localhost', user='Administrator') (crm.localhost||scheduled_job||pls5pj208u)
2026-02-16 02:00:06,742 Successfully completed frappe.utils.background_jobs.execute_job(event=None, is_async=True, job_name='frappe.core.doctype.scheduled_job_type.scheduled_job_type.run_scheduled_jo..., kwargs={'job_type': 'crm.lead_syncing.background_sync.sync_leads_from_sources_5_mi..., method='frappe.core.doctype.scheduled_job_type.scheduled_job_type.run_scheduled_jo..., site='crm.localhost', user='Administrator') job in 0:00:00.560339s on worker fed08d5c7c1a4b77b3fa2f835486c3f9
2026-02-16 02:00:06,742 home-emlad-Developer-frappe-crm-f0rk-frappe-bench:default: Job OK (crm.localhost||scheduled_job||pls5pj208u)
2026-02-16 02:00:06,743 Result is kept for 600 seconds
2026-02-16 02:00:06,752 home-emlad-Developer-frappe-crm-f0rk-frappe-bench:default: frappe.utils.background_jobs.execute_job(event=None, is_async=True, job_name='frappe.core.doctype.scheduled_job_type.scheduled_job_type.run_scheduled_jo..., kwargs={'job_type': 'frappe.integrations.doctype.google_calendar.google_calendar.s..., method='frappe.core.doctype.scheduled_job_type.scheduled_job_type.run_scheduled_jo..., site='crm.localhost', user='Administrator') (crm.localhost||scheduled_job||pg30un2n20)
2026-02-16 02:00:07,972 Successfully completed frappe.utils.background_jobs.execute_job(event=None, is_async=True, job_name='frappe.core.doctype.scheduled_job_type.scheduled_job_type.run_scheduled_jo..., kwargs={'job_type': 'frappe.integrations.doctype.google_calendar.google_calendar.s..., method='frappe.core.doctype.scheduled_job_type.scheduled_job_type.run_scheduled_jo..., site='crm.localhost', user='Administrator') job in 0:00:01.210092s on worker fed08d5c7c1a4b77b3fa2f835486c3f9
2026-02-16 02:00:07,972 home-emlad-Developer-frappe-crm-f0rk-frappe-bench:default: Job OK (crm.localhost||scheduled_job||pg30un2n20)
2026-02-16 02:00:07,973 Result is kept for 600 seconds
2026-02-16 02:00:07,987 home-emlad-Developer-frappe-crm-f0rk-frappe-bench:default: frappe.utils.background_jobs.execute_job(event=None, is_async=True, job_name='frappe.core.doctype.scheduled_job_type.scheduled_job_type.run_scheduled_jo..., kwargs={'job_type': 'frappe.automation.doctype.reminder.reminder.send_reminders', ..., method='frappe.core.doctype.scheduled_job_type.scheduled_job_type.run_scheduled_jo..., site='crm.localhost', user='Administrator') (crm.localhost||scheduled_job||pg2di96mq0)
2026-02-16 02:00:08,552 Successfully completed frappe.utils.background_jobs.execute_job(event=None, is_async=True, job_name='frappe.core.doctype.scheduled_job_type.scheduled_job_type.run_scheduled_jo..., kwargs={'job_type': 'frappe.automation.doctype.reminder.reminder.send_reminders', ..., method='frappe.core.doctype.scheduled_job_type.scheduled_job_type.run_scheduled_jo..., site='crm.localhost', user='Administrator') job in 0:00:00.555692s on worker fed08d5c7c1a4b77b3fa2f835486c3f9
2026-02-16 02:00:08,553 home-emlad-Developer-frappe-crm-f0rk-frappe-bench:default: Job OK (crm.localhost||scheduled_job||pg2di96mq0)
2026-02-16 02:00:08,553 Result is kept for 600 seconds
2026-02-16 02:00:08,563 home-emlad-Developer-frappe-crm-f0rk-frappe-bench:default: frappe.utils.background_jobs.execute_job(event=None, is_async=True, job_name='frappe.core.doctype.scheduled_job_type.scheduled_job_type.run_scheduled_jo..., kwargs={'job_type': 'frappe.email.doctype.email_account.email_account.pull', 'sche..., method='frappe.core.doctype.scheduled_job_type.scheduled_job_type.run_scheduled_jo..., site='crm.localhost', user='Administrator') (crm.localhost||scheduled_job||pg29ic6u7t)
2026-02-16 02:00:09,173 Successfully completed frappe.utils.background_jobs.execute_job(event=None, is_async=True, job_name='frappe.core.doctype.scheduled_job_type.scheduled_job_type.run_scheduled_jo..., kwargs={'job_type': 'frappe.email.doctype.email_account.email_account.pull', 'sche..., method='frappe.core.doctype.scheduled_job_type.scheduled_job_type.run_scheduled_jo..., site='crm.localhost', user='Administrator') job in 0:00:00.599545s on worker fed08d5c7c1a4b77b3fa2f835486c3f9
2026-02-16 02:00:09,174 home-emlad-Developer-frappe-crm-f0rk-frappe-bench:default: Job OK (crm.localhost||scheduled_job||pg29ic6u7t)
2026-02-16 02:00:09,174 Result is kept for 600 seconds
2026-02-16 02:00:09,183 home-emlad-Developer-frappe-crm-f0rk-frappe-bench:default: frappe.utils.background_jobs.execute_job(event=None, is_async=True, job_name='frappe.core.doctype.scheduled_job_type.scheduled_job_type.run_scheduled_jo..., kwargs={'job_type': 'frappe.email.doctype.notification.notification.trigger_offset..., method='frappe.core.doctype.scheduled_job_type.scheduled_job_type.run_scheduled_jo..., site='crm.localhost', user='Administrator') (crm.localhost||scheduled_job||pg2rdn0a7m)
2026-02-16 02:00:09,781 Successfully completed frappe.utils.background_jobs.execute_job(event=None, is_async=True, job_name='frappe.core.doctype.scheduled_job_type.scheduled_job_type.run_scheduled_jo..., kwargs={'job_type': 'frappe.email.doctype.notification.notification.trigger_offset..., method='frappe.core.doctype.scheduled_job_type.scheduled_job_type.run_scheduled_jo..., site='crm.localhost', user='Administrator') job in 0:00:00.587492s on worker fed08d5c7c1a4b77b3fa2f835486c3f9
2026-02-16 02:00:09,781 home-emlad-Developer-frappe-crm-f0rk-frappe-bench:default: Job OK (crm.localhost||scheduled_job||pg2rdn0a7m)
2026-02-16 02:00:09,781 Result is kept for 600 seconds
2026-02-16 02:00:09,791 home-emlad-Developer-frappe-crm-f0rk-frappe-bench:default: frappe.utils.background_jobs.execute_job(event=None, is_async=True, job_name='frappe.core.doctype.scheduled_job_type.scheduled_job_type.run_scheduled_jo..., kwargs={'job_type': 'frappe.monitor.flush', 'scheduled_job_type': 'pg3o4gee9k'}, method='frappe.core.doctype.scheduled_job_type.scheduled_job_type.run_scheduled_jo..., site='crm.localhost', user='Administrator') (crm.localhost||scheduled_job||pg3o4gee9k)
2026-02-16 02:00:10,384 Successfully completed frappe.utils.background_jobs.execute_job(event=None, is_async=True, job_name='frappe.core.doctype.scheduled_job_type.scheduled_job_type.run_scheduled_jo..., kwargs={'job_type': 'frappe.monitor.flush', 'scheduled_job_type': 'pg3o4gee9k'}, method='frappe.core.doctype.scheduled_job_type.scheduled_job_type.run_scheduled_jo..., site='crm.localhost', user='Administrator') job in 0:00:00.584469s on worker fed08d5c7c1a4b77b3fa2f835486c3f9
2026-02-16 02:00:10,385 home-emlad-Developer-frappe-crm-f0rk-frappe-bench:default: Job OK (crm.localhost||scheduled_job||pg3o4gee9k)
2026-02-16 02:00:10,385 Result is kept for 600 seconds
2026-02-16 02:00:10,394 home-emlad-Developer-frappe-crm-f0rk-frappe-bench:default: frappe.utils.background_jobs.execute_job(event=None, is_async=True, job_name='frappe.core.doctype.scheduled_job_type.scheduled_job_type.run_scheduled_jo..., kwargs={'job_type': 'frappe.model.utils.link_count.update_link_count', 'scheduled_..., method='frappe.core.doctype.scheduled_job_type.scheduled_job_type.run_scheduled_jo..., site='crm.localhost', user='Administrator') (crm.localhost||scheduled_job||pg23am6hc0)
2026-02-16 02:00:10,974 Successfully completed frappe.utils.background_jobs.execute_job(event=None, is_async=True, job_name='frappe.core.doctype.scheduled_job_type.scheduled_job_type.run_scheduled_jo..., kwargs={'job_type': 'frappe.model.utils.link_count.update_link_count', 'scheduled_..., method='frappe.core.doctype.scheduled_job_type.scheduled_job_type.run_scheduled_jo..., site='crm.localhost', user='Administrator') job in 0:00:00.570187s on worker fed08d5c7c1a4b77b3fa2f835486c3f9
2026-02-16 02:00:10,974 home-emlad-Developer-frappe-crm-f0rk-frappe-bench:default: Job OK (crm.localhost||scheduled_job||pg23am6hc0)
2026-02-16 02:00:10,974 Result is kept for 600 seconds
2026-02-16 02:00:10,983 home-emlad-Developer-frappe-crm-f0rk-frappe-bench:default: frappe.utils.background_jobs.execute_job(event=None, is_async=True, job_name='frappe.core.doctype.scheduled_job_type.scheduled_job_type.run_scheduled_jo..., kwargs={'job_type': 'frappe.email.queue.flush', 'scheduled_job_type': 'pg361ihd8h'..., method='frappe.core.doctype.scheduled_job_type.scheduled_job_type.run_scheduled_jo..., site='crm.localhost', user='Administrator') (crm.localhost||scheduled_job||pg361ihd8h)
2026-02-16 02:00:11,556 Successfully completed frappe.utils.background_jobs.execute_job(event=None, is_async=True, job_name='frappe.core.doctype.scheduled_job_type.scheduled_job_type.run_scheduled_jo..., kwargs={'job_type': 'frappe.email.queue.flush', 'scheduled_job_type': 'pg361ihd8h'..., method='frappe.core.doctype.scheduled_job_type.scheduled_job_type.run_scheduled_jo..., site='crm.localhost', user='Administrator') job in 0:00:00.562037s on worker fed08d5c7c1a4b77b3fa2f835486c3f9
2026-02-16 02:00:11,557 home-emlad-Developer-frappe-crm-f0rk-frappe-bench:default: Job OK (crm.localhost||scheduled_job||pg361ihd8h)
2026-02-16 02:00:11,557 Result is kept for 600 seconds
2026-02-16 02:00:11,566 home-emlad-Developer-frappe-crm-f0rk-frappe-bench:default: frappe.utils.background_jobs.execute_job(event=None, is_async=True, job_name='frappe.core.doctype.scheduled_job_type.scheduled_job_type.run_scheduled_jo..., kwargs={'job_type': 'crm.lead_syncing.background_sync.sync_leads_from_sources_10_m..., method='frappe.core.doctype.scheduled_job_type.scheduled_job_type.run_scheduled_jo..., site='crm.localhost', user='Administrator') (crm.localhost||scheduled_job||pls9mga06a)
2026-02-16 02:00:12,113 Successfully completed frappe.utils.background_jobs.execute_job(event=None, is_async=True, job_name='frappe.core.doctype.scheduled_job_type.scheduled_job_type.run_scheduled_jo..., kwargs={'job_type': 'crm.lead_syncing.background_sync.sync_leads_from_sources_10_m..., method='frappe.core.doctype.scheduled_job_type.scheduled_job_type.run_scheduled_jo..., site='crm.localhost', user='Administrator') job in 0:00:00.538241s on worker fed08d5c7c1a4b77b3fa2f835486c3f9
2026-02-16 02:00:12,114 home-emlad-Developer-frappe-crm-f0rk-frappe-bench:default: Job OK (crm.localhost||scheduled_job||pls9mga06a)
2026-02-16 02:00:12,114 Result is kept for 600 seconds
2026-02-16 02:00:12,124 home-emlad-Developer-frappe-crm-f0rk-frappe-bench:default: frappe.utils.background_jobs.execute_job(event=None, is_async=True, job_name='frappe.core.doctype.scheduled_job_type.scheduled_job_type.run_scheduled_jo..., kwargs={'job_type': 'frappe.email.queue.retry_sending_emails', 'scheduled_job_type..., method='frappe.core.doctype.scheduled_job_type.scheduled_job_type.run_scheduled_jo..., site='crm.localhost', user='Administrator') (crm.localhost||scheduled_job||pg3g2vc4ac)
2026-02-16 02:00:12,671 Successfully completed frappe.utils.background_jobs.execute_job(event=None, is_async=True, job_name='frappe.core.doctype.scheduled_job_type.scheduled_job_type.run_scheduled_jo..., kwargs={'job_type': 'frappe.email.queue.retry_sending_emails', 'scheduled_job_type..., method='frappe.core.doctype.scheduled_job_type.scheduled_job_type.run_scheduled_jo..., site='crm.localhost', user='Administrator') job in 0:00:00.539058s on worker fed08d5c7c1a4b77b3fa2f835486c3f9
2026-02-16 02:00:12,672 home-emlad-Developer-frappe-crm-f0rk-frappe-bench:default: Job OK (crm.localhost||scheduled_job||pg3g2vc4ac)
2026-02-16 02:00:12,672 Result is kept for 600 seconds
2026-02-16 02:00:12,680 home-emlad-Developer-frappe-crm-f0rk-frappe-bench:default: frappe.utils.background_jobs.execute_job(event=None, is_async=True, job_name='frappe.core.doctype.scheduled_job_type.scheduled_job_type.run_scheduled_jo..., kwargs={'job_type': 'frappe.deferred_insert.save_to_db', 'scheduled_job_type': 'pg..., method='frappe.core.doctype.scheduled_job_type.scheduled_job_type.run_scheduled_jo..., site='crm.localhost', user='Administrator') (crm.localhost||scheduled_job||pg2q1qv7pc)
2026-02-16 02:00:13,252 Successfully completed frappe.utils.background_jobs.execute_job(event=None, is_async=True, job_name='frappe.core.doctype.scheduled_job_type.scheduled_job_type.run_scheduled_jo..., kwargs={'job_type': 'frappe.deferred_insert.save_to_db', 'scheduled_job_type': 'pg..., method='frappe.core.doctype.scheduled_job_type.scheduled_job_type.run_scheduled_jo..., site='crm.localhost', user='Administrator') job in 0:00:00.562082s on worker fed08d5c7c1a4b77b3fa2f835486c3f9
2026-02-16 02:00:13,252 home-emlad-Developer-frappe-crm-f0rk-frappe-bench:default: Job OK (crm.localhost||scheduled_job||pg2q1qv7pc)
2026-02-16 02:00:13,252 Result is kept for 600 seconds
2026-02-16 02:00:13,261 home-emlad-Developer-frappe-crm-f0rk-frappe-bench:long: frappe.utils.background_jobs.execute_job(event=None, is_async=True, job_name='frappe.core.doctype.scheduled_job_type.scheduled_job_type.run_scheduled_jo..., kwargs={'job_type': 'frappe.desk.utils.delete_old_exported_report_files', 'schedul..., method='frappe.core.doctype.scheduled_job_type.scheduled_job_type.run_scheduled_jo..., site='crm.localhost', user='Administrator') (crm.localhost||scheduled_job||pg377nau64)
2026-02-16 02:00:13,830 Successfully completed frappe.utils.background_jobs.execute_job(event=None, is_async=True, job_name='frappe.core.doctype.scheduled_job_type.scheduled_job_type.run_scheduled_jo..., kwargs={'job_type': 'frappe.desk.utils.delete_old_exported_report_files', 'schedul..., method='frappe.core.doctype.scheduled_job_type.scheduled_job_type.run_scheduled_jo..., site='crm.localhost', user='Administrator') job in 0:00:00.559020s on worker fed08d5c7c1a4b77b3fa2f835486c3f9
2026-02-16 02:00:13,831 home-emlad-Developer-frappe-crm-f0rk-frappe-bench:long: Job OK (crm.localhost||scheduled_job||pg377nau64)
2026-02-16 02:00:13,831 Result is kept for 600 seconds
2026-02-16 02:00:13,841 home-emlad-Developer-frappe-crm-f0rk-frappe-bench:long: frappe.utils.background_jobs.execute_job(event=None, is_async=True, job_name='frappe.core.doctype.scheduled_job_type.scheduled_job_type.run_scheduled_jo..., kwargs={'job_type': 'frappe.oauth.delete_oauth2_data', 'scheduled_job_type': 'pg37..., method='frappe.core.doctype.scheduled_job_type.scheduled_job_type.run_scheduled_jo..., site='crm.localhost', user='Administrator') (crm.localhost||scheduled_job||pg37g1kgki)
2026-02-16 02:00:14,457 Successfully completed frappe.utils.background_jobs.execute_job(event=None, is_async=True, job_name='frappe.core.doctype.scheduled_job_type.scheduled_job_type.run_scheduled_jo..., kwargs={'job_type': 'frappe.oauth.delete_oauth2_data', 'scheduled_job_type': 'pg37..., method='frappe.core.doctype.scheduled_job_type.scheduled_job_type.run_scheduled_jo..., site='crm.localhost', user='Administrator') job in 0:00:00.607506s on worker fed08d5c7c1a4b77b3fa2f835486c3f9
2026-02-16 02:00:14,458 home-emlad-Developer-frappe-crm-f0rk-frappe-bench:long: Job OK (crm.localhost||scheduled_job||pg37g1kgki)
2026-02-16 02:00:14,458 Result is kept for 600 seconds
2026-02-16 02:00:14,467 home-emlad-Developer-frappe-crm-f0rk-frappe-bench:long: frappe.utils.background_jobs.execute_job(event=None, is_async=True, job_name='frappe.core.doctype.scheduled_job_type.scheduled_job_type.run_scheduled_jo..., kwargs={'job_type': 'frappe.twofactor.delete_all_barcodes_for_users', 'scheduled_j..., method='frappe.core.doctype.scheduled_job_type.scheduled_job_type.run_scheduled_jo..., site='crm.localhost', user='Administrator') (crm.localhost||scheduled_job||pg3i6b605b)
2026-02-16 02:00:15,075 Successfully completed frappe.utils.background_jobs.execute_job(event=None, is_async=True, job_name='frappe.core.doctype.scheduled_job_type.scheduled_job_type.run_scheduled_jo..., kwargs={'job_type': 'frappe.twofactor.delete_all_barcodes_for_users', 'scheduled_j..., method='frappe.core.doctype.scheduled_job_type.scheduled_job_type.run_scheduled_jo..., site='crm.localhost', user='Administrator') job in 0:00:00.599636s on worker fed08d5c7c1a4b77b3fa2f835486c3f9
2026-02-16 02:00:15,076 home-emlad-Developer-frappe-crm-f0rk-frappe-bench:long: Job OK (crm.localhost||scheduled_job||pg3i6b605b)
2026-02-16 02:00:15,076 Result is kept for 600 seconds
2026-02-16 02:00:15,085 home-emlad-Developer-frappe-crm-f0rk-frappe-bench:long: frappe.utils.background_jobs.execute_job(event=None, is_async=True, job_name='frappe.core.doctype.scheduled_job_type.scheduled_job_type.run_scheduled_jo..., kwargs={'job_type': 'frappe.desk.form.document_follow.send_hourly_updates', 'sched..., method='frappe.core.doctype.scheduled_job_type.scheduled_job_type.run_scheduled_jo..., site='crm.localhost', user='Administrator') (crm.localhost||scheduled_job||pg3j64i364)
2026-02-16 02:00:15,682 Successfully completed frappe.utils.background_jobs.execute_job(event=None, is_async=True, job_name='frappe.core.doctype.scheduled_job_type.scheduled_job_type.run_scheduled_jo..., kwargs={'job_type': 'frappe.desk.form.document_follow.send_hourly_updates', 'sched..., method='frappe.core.doctype.scheduled_job_type.scheduled_job_type.run_scheduled_jo..., site='crm.localhost', user='Administrator') job in 0:00:00.586724s on worker fed08d5c7c1a4b77b3fa2f835486c3f9
2026-02-16 02:00:15,683 home-emlad-Developer-frappe-crm-f0rk-frappe-bench:long: Job OK (crm.localhost||scheduled_job||pg3j64i364)
2026-02-16 02:00:15,683 Result is kept for 600 seconds
2026-02-16 02:00:15,692 home-emlad-Developer-frappe-crm-f0rk-frappe-bench:long: frappe.utils.background_jobs.execute_job(event=None, is_async=True, job_name='frappe.core.doctype.scheduled_job_type.scheduled_job_type.run_scheduled_jo..., kwargs={'job_type': 'frappe.core.doctype.prepared_report.prepared_report.expire_st..., method='frappe.core.doctype.scheduled_job_type.scheduled_job_type.run_scheduled_jo..., site='crm.localhost', user='Administrator') (crm.localhost||scheduled_job||pg38n3u04d)
2026-02-16 02:00:16,333 Successfully completed frappe.utils.background_jobs.execute_job(event=None, is_async=True, job_name='frappe.core.doctype.scheduled_job_type.scheduled_job_type.run_scheduled_jo..., kwargs={'job_type': 'frappe.core.doctype.prepared_report.prepared_report.expire_st..., method='frappe.core.doctype.scheduled_job_type.scheduled_job_type.run_scheduled_jo..., site='crm.localhost', user='Administrator') job in 0:00:00.629745s on worker fed08d5c7c1a4b77b3fa2f835486c3f9
2026-02-16 02:00:16,334 home-emlad-Developer-frappe-crm-f0rk-frappe-bench:long: Job OK (crm.localhost||scheduled_job||pg38n3u04d)
2026-02-16 02:00:16,334 Result is kept for 600 seconds
2026-02-16 02:00:16,347 home-emlad-Developer-frappe-crm-f0rk-frappe-bench:long: frappe.utils.background_jobs.execute_job(event=None, is_async=True, job_name='frappe.core.doctype.scheduled_job_type.scheduled_job_type.run_scheduled_jo..., kwargs={'job_type': 'frappe.desk.page.backups.backups.delete_downloadable_backups'..., method='frappe.core.doctype.scheduled_job_type.scheduled_job_type.run_scheduled_jo..., site='crm.localhost', user='Administrator') (crm.localhost||scheduled_job||pg32okhn0c)
2026-02-16 02:00:17,029 Successfully completed frappe.utils.background_jobs.execute_job(event=None, is_async=True, job_name='frappe.core.doctype.scheduled_job_type.scheduled_job_type.run_scheduled_jo..., kwargs={'job_type': 'frappe.desk.page.backups.backups.delete_downloadable_backups'..., method='frappe.core.doctype.scheduled_job_type.scheduled_job_type.run_scheduled_jo..., site='crm.localhost', user='Administrator') job in 0:00:00.669445s on worker fed08d5c7c1a4b77b3fa2f835486c3f9
2026-02-16 02:00:17,030 home-emlad-Developer-frappe-crm-f0rk-frappe-bench:long: Job OK (crm.localhost||scheduled_job||pg32okhn0c)
2026-02-16 02:00:17,030 Result is kept for 600 seconds
2026-02-16 02:00:17,039 home-emlad-Developer-frappe-crm-f0rk-frappe-bench:long: frappe.utils.background_jobs.execute_job(event=None, is_async=True, job_name='frappe.core.doctype.scheduled_job_type.scheduled_job_type.run_scheduled_jo..., kwargs={'job_type': 'frappe.website.doctype.web_page.web_page.check_publish_status..., method='frappe.core.doctype.scheduled_job_type.scheduled_job_type.run_scheduled_jo..., site='crm.localhost', user='Administrator') (crm.localhost||scheduled_job||pg3q036f7k)
2026-02-16 02:00:17,754 Successfully completed frappe.utils.background_jobs.execute_job(event=None, is_async=True, job_name='frappe.core.doctype.scheduled_job_type.scheduled_job_type.run_scheduled_jo..., kwargs={'job_type': 'frappe.website.doctype.web_page.web_page.check_publish_status..., method='frappe.core.doctype.scheduled_job_type.scheduled_job_type.run_scheduled_jo..., site='crm.localhost', user='Administrator') job in 0:00:00.702379s on worker fed08d5c7c1a4b77b3fa2f835486c3f9
2026-02-16 02:00:17,754 home-emlad-Developer-frappe-crm-f0rk-frappe-bench:long: Job OK (crm.localhost||scheduled_job||pg3q036f7k)
2026-02-16 02:00:17,754 Result is kept for 600 seconds
2026-02-16 02:00:17,764 home-emlad-Developer-frappe-crm-f0rk-frappe-bench:long: frappe.utils.background_jobs.execute_job(event=None, is_async=True, job_name='frappe.core.doctype.scheduled_job_type.scheduled_job_type.run_scheduled_jo..., kwargs={'job_type': 'crm.lead_syncing.background_sync.sync_leads_from_sources_hour..., method='frappe.core.doctype.scheduled_job_type.scheduled_job_type.run_scheduled_jo..., site='crm.localhost', user='Administrator') (crm.localhost||scheduled_job||pm3kgbni92)
2026-02-16 02:00:18,371 Successfully completed frappe.utils.background_jobs.execute_job(event=None, is_async=True, job_name='frappe.core.doctype.scheduled_job_type.scheduled_job_type.run_scheduled_jo..., kwargs={'job_type': 'crm.lead_syncing.background_sync.sync_leads_from_sources_hour..., method='frappe.core.doctype.scheduled_job_type.scheduled_job_type.run_scheduled_jo..., site='crm.localhost', user='Administrator') job in 0:00:00.598847s on worker fed08d5c7c1a4b77b3fa2f835486c3f9
2026-02-16 02:00:18,372 home-emlad-Developer-frappe-crm-f0rk-frappe-bench:long: Job OK (crm.localhost||scheduled_job||pm3kgbni92)
2026-02-16 02:00:18,372 Result is kept for 600 seconds
2026-02-16 02:00:18,384 home-emlad-Developer-frappe-crm-f0rk-frappe-bench:long: frappe.utils.background_jobs.execute_job(event=None, is_async=True, job_name='frappe.core.doctype.scheduled_job_type.scheduled_job_type.run_scheduled_jo..., kwargs={'job_type': 'frappe.website.doctype.personal_data_deletion_request.persona..., method='frappe.core.doctype.scheduled_job_type.scheduled_job_type.run_scheduled_jo..., site='crm.localhost', user='Administrator') (crm.localhost||scheduled_job||pg3ost9bea)
2026-02-16 02:00:19,004 Successfully completed frappe.utils.background_jobs.execute_job(event=None, is_async=True, job_name='frappe.core.doctype.scheduled_job_type.scheduled_job_type.run_scheduled_jo..., kwargs={'job_type': 'frappe.website.doctype.personal_data_deletion_request.persona..., method='frappe.core.doctype.scheduled_job_type.scheduled_job_type.run_scheduled_jo..., site='crm.localhost', user='Administrator') job in 0:00:00.608488s on worker fed08d5c7c1a4b77b3fa2f835486c3f9
2026-02-16 02:00:19,004 home-emlad-Developer-frappe-crm-f0rk-frappe-bench:long: Job OK (crm.localhost||scheduled_job||pg3ost9bea)
2026-02-16 02:00:19,004 Result is kept for 600 seconds
2026-02-16 02:00:19,014 home-emlad-Developer-frappe-crm-f0rk-frappe-bench:long: frappe.utils.background_jobs.execute_job(event=None, is_async=True, job_name='frappe.core.doctype.scheduled_job_type.scheduled_job_type.run_scheduled_jo..., kwargs={'job_type': 'frappe.model.utils.user_settings.sync_user_settings', 'schedu..., method='frappe.core.doctype.scheduled_job_type.scheduled_job_type.run_scheduled_jo..., site='crm.localhost', user='Administrator') (crm.localhost||scheduled_job||pg36taaskr)
2026-02-16 02:00:19,642 Successfully completed frappe.utils.background_jobs.execute_job(event=None, is_async=True, job_name='frappe.core.doctype.scheduled_job_type.scheduled_job_type.run_scheduled_jo..., kwargs={'job_type': 'frappe.model.utils.user_settings.sync_user_settings', 'schedu..., method='frappe.core.doctype.scheduled_job_type.scheduled_job_type.run_scheduled_jo..., site='crm.localhost', user='Administrator') job in 0:00:00.615376s on worker fed08d5c7c1a4b77b3fa2f835486c3f9
2026-02-16 02:00:19,642 home-emlad-Developer-frappe-crm-f0rk-frappe-bench:long: Job OK (crm.localhost||scheduled_job||pg36taaskr)
2026-02-16 02:00:19,643 Result is kept for 600 seconds
2026-02-16 02:04:04,337 home-emlad-Developer-frappe-crm-f0rk-frappe-bench:default: frappe.utils.background_jobs.execute_job(event=None, is_async=True, job_name='frappe.core.doctype.scheduled_job_type.scheduled_job_type.run_scheduled_jo..., kwargs={'job_type': 'frappe.monitor.flush', 'scheduled_job_type': 'pg3o4gee9k'}, method='frappe.core.doctype.scheduled_job_type.scheduled_job_type.run_scheduled_jo..., site='crm.localhost', user='Administrator') (crm.localhost||scheduled_job||pg3o4gee9k)
2026-02-16 02:04:04,934 Successfully completed frappe.utils.background_jobs.execute_job(event=None, is_async=True, job_name='frappe.core.doctype.scheduled_job_type.scheduled_job_type.run_scheduled_jo..., kwargs={'job_type': 'frappe.monitor.flush', 'scheduled_job_type': 'pg3o4gee9k'}, method='frappe.core.doctype.scheduled_job_type.scheduled_job_type.run_scheduled_jo..., site='crm.localhost', user='Administrator') job in 0:00:00.584362s on worker fed08d5c7c1a4b77b3fa2f835486c3f9
2026-02-16 02:04:04,934 home-emlad-Developer-frappe-crm-f0rk-frappe-bench:default: Job OK (crm.localhost||scheduled_job||pg3o4gee9k)
2026-02-16 02:04:04,935 Result is kept for 600 seconds
2026-02-16 02:04:04,944 home-emlad-Developer-frappe-crm-f0rk-frappe-bench:default: frappe.utils.background_jobs.execute_job(event=None, is_async=True, job_name='frappe.core.doctype.scheduled_job_type.scheduled_job_type.run_scheduled_jo..., kwargs={'job_type': 'frappe.email.queue.flush', 'scheduled_job_type': 'pg361ihd8h'..., method='frappe.core.doctype.scheduled_job_type.scheduled_job_type.run_scheduled_jo..., site='crm.localhost', user='Administrator') (crm.localhost||scheduled_job||pg361ihd8h)
2026-02-16 02:04:05,546 Successfully completed frappe.utils.background_jobs.execute_job(event=None, is_async=True, job_name='frappe.core.doctype.scheduled_job_type.scheduled_job_type.run_scheduled_jo..., kwargs={'job_type': 'frappe.email.queue.flush', 'scheduled_job_type': 'pg361ihd8h'..., method='frappe.core.doctype.scheduled_job_type.scheduled_job_type.run_scheduled_jo..., site='crm.localhost', user='Administrator') job in 0:00:00.592727s on worker fed08d5c7c1a4b77b3fa2f835486c3f9
2026-02-16 02:04:05,547 home-emlad-Developer-frappe-crm-f0rk-frappe-bench:default: Job OK (crm.localhost||scheduled_job||pg361ihd8h)
2026-02-16 02:04:05,547 Result is kept for 600 seconds
2026-02-16 02:04:05,556 home-emlad-Developer-frappe-crm-f0rk-frappe-bench:default: frappe.utils.background_jobs.execute_job(event=None, is_async=True, job_name='frappe.core.doctype.scheduled_job_type.scheduled_job_type.run_scheduled_jo..., kwargs={'job_type': 'frappe.integrations.doctype.google_calendar.google_calendar.s..., method='frappe.core.doctype.scheduled_job_type.scheduled_job_type.run_scheduled_jo..., site='crm.localhost', user='Administrator') (crm.localhost||scheduled_job||pg30un2n20)
2026-02-16 02:04:06,785 Successfully completed frappe.utils.background_jobs.execute_job(event=None, is_async=True, job_name='frappe.core.doctype.scheduled_job_type.scheduled_job_type.run_scheduled_jo..., kwargs={'job_type': 'frappe.integrations.doctype.google_calendar.google_calendar.s..., method='frappe.core.doctype.scheduled_job_type.scheduled_job_type.run_scheduled_jo..., site='crm.localhost', user='Administrator') job in 0:00:01.217030s on worker fed08d5c7c1a4b77b3fa2f835486c3f9
2026-02-16 02:04:06,785 home-emlad-Developer-frappe-crm-f0rk-frappe-bench:default: Job OK (crm.localhost||scheduled_job||pg30un2n20)
2026-02-16 02:04:06,786 Result is kept for 600 seconds
2026-02-16 02:04:06,796 home-emlad-Developer-frappe-crm-f0rk-frappe-bench:default: frappe.utils.background_jobs.execute_job(event=None, is_async=True, job_name='frappe.core.doctype.scheduled_job_type.scheduled_job_type.run_scheduled_jo..., kwargs={'job_type': 'frappe.email.queue.retry_sending_emails', 'scheduled_job_type..., method='frappe.core.doctype.scheduled_job_type.scheduled_job_type.run_scheduled_jo..., site='crm.localhost', user='Administrator') (crm.localhost||scheduled_job||pg3g2vc4ac)
2026-02-16 02:04:07,373 Successfully completed frappe.utils.background_jobs.execute_job(event=None, is_async=True, job_name='frappe.core.doctype.scheduled_job_type.scheduled_job_type.run_scheduled_jo..., kwargs={'job_type': 'frappe.email.queue.retry_sending_emails', 'scheduled_job_type..., method='frappe.core.doctype.scheduled_job_type.scheduled_job_type.run_scheduled_jo..., site='crm.localhost', user='Administrator') job in 0:00:00.565956s on worker fed08d5c7c1a4b77b3fa2f835486c3f9
2026-02-16 02:04:07,373 home-emlad-Developer-frappe-crm-f0rk-frappe-bench:default: Job OK (crm.localhost||scheduled_job||pg3g2vc4ac)
2026-02-16 02:04:07,373 Result is kept for 600 seconds
2026-02-16 02:08:04,303 home-emlad-Developer-frappe-crm-f0rk-frappe-bench:default: frappe.utils.background_jobs.execute_job(event=None, is_async=True, job_name='frappe.core.doctype.scheduled_job_type.scheduled_job_type.run_scheduled_jo..., kwargs={'job_type': 'frappe.email.queue.flush', 'scheduled_job_type': 'pg361ihd8h'..., method='frappe.core.doctype.scheduled_job_type.scheduled_job_type.run_scheduled_jo..., site='crm.localhost', user='Administrator') (crm.localhost||scheduled_job||pg361ihd8h)
2026-02-16 02:08:05,623 Successfully completed frappe.utils.background_jobs.execute_job(event=None, is_async=True, job_name='frappe.core.doctype.scheduled_job_type.scheduled_job_type.run_scheduled_jo..., kwargs={'job_type': 'frappe.email.queue.flush', 'scheduled_job_type': 'pg361ihd8h'..., method='frappe.core.doctype.scheduled_job_type.scheduled_job_type.run_scheduled_jo..., site='crm.localhost', user='Administrator') job in 0:00:01.307718s on worker fed08d5c7c1a4b77b3fa2f835486c3f9
2026-02-16 02:08:05,624 home-emlad-Developer-frappe-crm-f0rk-frappe-bench:default: Job OK (crm.localhost||scheduled_job||pg361ihd8h)
2026-02-16 02:08:05,624 Result is kept for 600 seconds
2026-02-16 02:08:05,631 Worker fed08d5c7c1a4b77b3fa2f835486c3f9: cleaning registries for queue: home-emlad-Developer-frappe-crm-f0rk-frappe-bench:short
2026-02-16 02:08:05,634 Worker fed08d5c7c1a4b77b3fa2f835486c3f9: cleaning registries for queue: home-emlad-Developer-frappe-crm-f0rk-frappe-bench:default
2026-02-16 02:08:05,636 Worker fed08d5c7c1a4b77b3fa2f835486c3f9: cleaning registries for queue: home-emlad-Developer-frappe-crm-f0rk-frappe-bench:long
2026-02-16 02:08:05,640 home-emlad-Developer-frappe-crm-f0rk-frappe-bench:default: frappe.utils.background_jobs.execute_job(event=None, is_async=True, job_name='frappe.core.doctype.scheduled_job_type.scheduled_job_type.run_scheduled_jo..., kwargs={'job_type': 'crm.lead_syncing.background_sync.sync_leads_from_sources_5_mi..., method='frappe.core.doctype.scheduled_job_type.scheduled_job_type.run_scheduled_jo..., site='crm.localhost', user='Administrator') (crm.localhost||scheduled_job||pls5pj208u)
2026-02-16 02:08:06,249 Successfully completed frappe.utils.background_jobs.execute_job(event=None, is_async=True, job_name='frappe.core.doctype.scheduled_job_type.scheduled_job_type.run_scheduled_jo..., kwargs={'job_type': 'crm.lead_syncing.background_sync.sync_leads_from_sources_5_mi..., method='frappe.core.doctype.scheduled_job_type.scheduled_job_type.run_scheduled_jo..., site='crm.localhost', user='Administrator') job in 0:00:00.594520s on worker fed08d5c7c1a4b77b3fa2f835486c3f9
2026-02-16 02:08:06,249 home-emlad-Developer-frappe-crm-f0rk-frappe-bench:default: Job OK (crm.localhost||scheduled_job||pls5pj208u)
2026-02-16 02:08:06,249 Result is kept for 600 seconds
2026-02-16 02:08:06,257 home-emlad-Developer-frappe-crm-f0rk-frappe-bench:default: frappe.utils.background_jobs.execute_job(event=None, is_async=True, job_name='frappe.core.doctype.scheduled_job_type.scheduled_job_type.run_scheduled_jo..., kwargs={'job_type': 'frappe.email.queue.retry_sending_emails', 'scheduled_job_type..., method='frappe.core.doctype.scheduled_job_type.scheduled_job_type.run_scheduled_jo..., site='crm.localhost', user='Administrator') (crm.localhost||scheduled_job||pg3g2vc4ac)
2026-02-16 02:08:06,843 Successfully completed frappe.utils.background_jobs.execute_job(event=None, is_async=True, job_name='frappe.core.doctype.scheduled_job_type.scheduled_job_type.run_scheduled_jo..., kwargs={'job_type': 'frappe.email.queue.retry_sending_emails', 'scheduled_job_type..., method='frappe.core.doctype.scheduled_job_type.scheduled_job_type.run_scheduled_jo..., site='crm.localhost', user='Administrator') job in 0:00:00.575022s on worker fed08d5c7c1a4b77b3fa2f835486c3f9
2026-02-16 02:08:06,843 home-emlad-Developer-frappe-crm-f0rk-frappe-bench:default: Job OK (crm.localhost||scheduled_job||pg3g2vc4ac)
2026-02-16 02:08:06,843 Result is kept for 600 seconds
2026-02-16 02:08:06,852 home-emlad-Developer-frappe-crm-f0rk-frappe-bench:default: frappe.utils.background_jobs.execute_job(event=None, is_async=True, job_name='frappe.core.doctype.scheduled_job_type.scheduled_job_type.run_scheduled_jo..., kwargs={'job_type': 'frappe.integrations.doctype.google_calendar.google_calendar.s..., method='frappe.core.doctype.scheduled_job_type.scheduled_job_type.run_scheduled_jo..., site='crm.localhost', user='Administrator') (crm.localhost||scheduled_job||pg30un2n20)
2026-02-16 02:08:08,067 Successfully completed frappe.utils.background_jobs.execute_job(event=None, is_async=True, job_name='frappe.core.doctype.scheduled_job_type.scheduled_job_type.run_scheduled_jo..., kwargs={'job_type': 'frappe.integrations.doctype.google_calendar.google_calendar.s..., method='frappe.core.doctype.scheduled_job_type.scheduled_job_type.run_scheduled_jo..., site='crm.localhost', user='Administrator') job in 0:00:01.205463s on worker fed08d5c7c1a4b77b3fa2f835486c3f9
2026-02-16 02:08:08,067 home-emlad-Developer-frappe-crm-f0rk-frappe-bench:default: Job OK (crm.localhost||scheduled_job||pg30un2n20)
2026-02-16 02:08:08,067 Result is kept for 600 seconds
2026-02-16 02:08:08,077 home-emlad-Developer-frappe-crm-f0rk-frappe-bench:default: frappe.utils.background_jobs.execute_job(event=None, is_async=True, job_name='frappe.core.doctype.scheduled_job_type.scheduled_job_type.run_scheduled_jo..., kwargs={'job_type': 'frappe.monitor.flush', 'scheduled_job_type': 'pg3o4gee9k'}, method='frappe.core.doctype.scheduled_job_type.scheduled_job_type.run_scheduled_jo..., site='crm.localhost', user='Administrator') (crm.localhost||scheduled_job||pg3o4gee9k)
2026-02-16 02:08:08,642 Successfully completed frappe.utils.background_jobs.execute_job(event=None, is_async=True, job_name='frappe.core.doctype.scheduled_job_type.scheduled_job_type.run_scheduled_jo..., kwargs={'job_type': 'frappe.monitor.flush', 'scheduled_job_type': 'pg3o4gee9k'}, method='frappe.core.doctype.scheduled_job_type.scheduled_job_type.run_scheduled_jo..., site='crm.localhost', user='Administrator') job in 0:00:00.554577s on worker fed08d5c7c1a4b77b3fa2f835486c3f9
2026-02-16 02:08:08,643 home-emlad-Developer-frappe-crm-f0rk-frappe-bench:default: Job OK (crm.localhost||scheduled_job||pg3o4gee9k)
2026-02-16 02:08:08,643 Result is kept for 600 seconds
2026-02-16 02:08:08,653 home-emlad-Developer-frappe-crm-f0rk-frappe-bench:default: frappe.utils.background_jobs.execute_job(event=None, is_async=True, job_name='frappe.core.doctype.scheduled_job_type.scheduled_job_type.run_scheduled_jo..., kwargs={'job_type': 'frappe.email.doctype.notification.notification.trigger_offset..., method='frappe.core.doctype.scheduled_job_type.scheduled_job_type.run_scheduled_jo..., site='crm.localhost', user='Administrator') (crm.localhost||scheduled_job||pg2rdn0a7m)
2026-02-16 02:08:09,245 Successfully completed frappe.utils.background_jobs.execute_job(event=None, is_async=True, job_name='frappe.core.doctype.scheduled_job_type.scheduled_job_type.run_scheduled_jo..., kwargs={'job_type': 'frappe.email.doctype.notification.notification.trigger_offset..., method='frappe.core.doctype.scheduled_job_type.scheduled_job_type.run_scheduled_jo..., site='crm.localhost', user='Administrator') job in 0:00:00.580137s on worker fed08d5c7c1a4b77b3fa2f835486c3f9
2026-02-16 02:08:09,246 home-emlad-Developer-frappe-crm-f0rk-frappe-bench:default: Job OK (crm.localhost||scheduled_job||pg2rdn0a7m)
2026-02-16 02:08:09,246 Result is kept for 600 seconds
2026-02-16 02:12:05,114 home-emlad-Developer-frappe-crm-f0rk-frappe-bench:default: frappe.utils.background_jobs.execute_job(event=None, is_async=True, job_name='frappe.core.doctype.scheduled_job_type.scheduled_job_type.run_scheduled_jo..., kwargs={'job_type': 'frappe.email.doctype.email_account.email_account.pull', 'sche..., method='frappe.core.doctype.scheduled_job_type.scheduled_job_type.run_scheduled_jo..., site='crm.localhost', user='Administrator') (crm.localhost||scheduled_job||pg29ic6u7t)
2026-02-16 02:12:05,905 Successfully completed frappe.utils.background_jobs.execute_job(event=None, is_async=True, job_name='frappe.core.doctype.scheduled_job_type.scheduled_job_type.run_scheduled_jo..., kwargs={'job_type': 'frappe.email.doctype.email_account.email_account.pull', 'sche..., method='frappe.core.doctype.scheduled_job_type.scheduled_job_type.run_scheduled_jo..., site='crm.localhost', user='Administrator') job in 0:00:00.767369s on worker fed08d5c7c1a4b77b3fa2f835486c3f9
2026-02-16 02:12:05,906 home-emlad-Developer-frappe-crm-f0rk-frappe-bench:default: Job OK (crm.localhost||scheduled_job||pg29ic6u7t)
2026-02-16 02:12:05,906 Result is kept for 600 seconds
2026-02-16 02:12:05,921 home-emlad-Developer-frappe-crm-f0rk-frappe-bench:default: frappe.utils.background_jobs.execute_job(event=None, is_async=True, job_name='frappe.core.doctype.scheduled_job_type.scheduled_job_type.run_scheduled_jo..., kwargs={'job_type': 'crm.lead_syncing.background_sync.sync_leads_from_sources_10_m..., method='frappe.core.doctype.scheduled_job_type.scheduled_job_type.run_scheduled_jo..., site='crm.localhost', user='Administrator') (crm.localhost||scheduled_job||pls9mga06a)
2026-02-16 02:12:06,722 Successfully completed frappe.utils.background_jobs.execute_job(event=None, is_async=True, job_name='frappe.core.doctype.scheduled_job_type.scheduled_job_type.run_scheduled_jo..., kwargs={'job_type': 'crm.lead_syncing.background_sync.sync_leads_from_sources_10_m..., method='frappe.core.doctype.scheduled_job_type.scheduled_job_type.run_scheduled_jo..., site='crm.localhost', user='Administrator') job in 0:00:00.785695s on worker fed08d5c7c1a4b77b3fa2f835486c3f9
2026-02-16 02:12:06,723 home-emlad-Developer-frappe-crm-f0rk-frappe-bench:default: Job OK (crm.localhost||scheduled_job||pls9mga06a)
2026-02-16 02:12:06,723 Result is kept for 600 seconds
2026-02-16 02:12:06,740 home-emlad-Developer-frappe-crm-f0rk-frappe-bench:default: frappe.utils.background_jobs.execute_job(event=None, is_async=True, job_name='frappe.core.doctype.scheduled_job_type.scheduled_job_type.run_scheduled_jo..., kwargs={'job_type': 'frappe.email.queue.flush', 'scheduled_job_type': 'pg361ihd8h'..., method='frappe.core.doctype.scheduled_job_type.scheduled_job_type.run_scheduled_jo..., site='crm.localhost', user='Administrator') (crm.localhost||scheduled_job||pg361ihd8h)
2026-02-16 02:12:07,618 Successfully completed frappe.utils.background_jobs.execute_job(event=None, is_async=True, job_name='frappe.core.doctype.scheduled_job_type.scheduled_job_type.run_scheduled_jo..., kwargs={'job_type': 'frappe.email.queue.flush', 'scheduled_job_type': 'pg361ihd8h'..., method='frappe.core.doctype.scheduled_job_type.scheduled_job_type.run_scheduled_jo..., site='crm.localhost', user='Administrator') job in 0:00:00.857969s on worker fed08d5c7c1a4b77b3fa2f835486c3f9
2026-02-16 02:12:07,619 home-emlad-Developer-frappe-crm-f0rk-frappe-bench:default: Job OK (crm.localhost||scheduled_job||pg361ihd8h)
2026-02-16 02:12:07,619 Result is kept for 600 seconds
2026-02-16 02:12:07,644 home-emlad-Developer-frappe-crm-f0rk-frappe-bench:default: frappe.utils.background_jobs.execute_job(event=None, is_async=True, job_name='frappe.core.doctype.scheduled_job_type.scheduled_job_type.run_scheduled_jo..., kwargs={'job_type': 'crm.lead_syncing.background_sync.sync_leads_from_sources_5_mi..., method='frappe.core.doctype.scheduled_job_type.scheduled_job_type.run_scheduled_jo..., site='crm.localhost', user='Administrator') (crm.localhost||scheduled_job||pls5pj208u)
2026-02-16 02:12:08,550 Successfully completed frappe.utils.background_jobs.execute_job(event=None, is_async=True, job_name='frappe.core.doctype.scheduled_job_type.scheduled_job_type.run_scheduled_jo..., kwargs={'job_type': 'crm.lead_syncing.background_sync.sync_leads_from_sources_5_mi..., method='frappe.core.doctype.scheduled_job_type.scheduled_job_type.run_scheduled_jo..., site='crm.localhost', user='Administrator') job in 0:00:00.886142s on worker fed08d5c7c1a4b77b3fa2f835486c3f9
2026-02-16 02:12:08,550 home-emlad-Developer-frappe-crm-f0rk-frappe-bench:default: Job OK (crm.localhost||scheduled_job||pls5pj208u)
2026-02-16 02:12:08,550 Result is kept for 600 seconds
2026-02-16 02:12:08,568 home-emlad-Developer-frappe-crm-f0rk-frappe-bench:default: frappe.utils.background_jobs.execute_job(event=None, is_async=True, job_name='frappe.core.doctype.scheduled_job_type.scheduled_job_type.run_scheduled_jo..., kwargs={'job_type': 'frappe.email.doctype.notification.notification.trigger_offset..., method='frappe.core.doctype.scheduled_job_type.scheduled_job_type.run_scheduled_jo..., site='crm.localhost', user='Administrator') (crm.localhost||scheduled_job||pg2rdn0a7m)
2026-02-16 02:12:09,203 Successfully completed frappe.utils.background_jobs.execute_job(event=None, is_async=True, job_name='frappe.core.doctype.scheduled_job_type.scheduled_job_type.run_scheduled_jo..., kwargs={'job_type': 'frappe.email.doctype.notification.notification.trigger_offset..., method='frappe.core.doctype.scheduled_job_type.scheduled_job_type.run_scheduled_jo..., site='crm.localhost', user='Administrator') job in 0:00:00.623840s on worker fed08d5c7c1a4b77b3fa2f835486c3f9
2026-02-16 02:12:09,203 home-emlad-Developer-frappe-crm-f0rk-frappe-bench:default: Job OK (crm.localhost||scheduled_job||pg2rdn0a7m)
2026-02-16 02:12:09,203 Result is kept for 600 seconds
2026-02-16 02:12:09,213 home-emlad-Developer-frappe-crm-f0rk-frappe-bench:default: frappe.utils.background_jobs.execute_job(event=None, is_async=True, job_name='frappe.core.doctype.scheduled_job_type.scheduled_job_type.run_scheduled_jo..., kwargs={'job_type': 'frappe.integrations.doctype.google_calendar.google_calendar.s..., method='frappe.core.doctype.scheduled_job_type.scheduled_job_type.run_scheduled_jo..., site='crm.localhost', user='Administrator') (crm.localhost||scheduled_job||pg30un2n20)
2026-02-16 02:12:10,544 Successfully completed frappe.utils.background_jobs.execute_job(event=None, is_async=True, job_name='frappe.core.doctype.scheduled_job_type.scheduled_job_type.run_scheduled_jo..., kwargs={'job_type': 'frappe.integrations.doctype.google_calendar.google_calendar.s..., method='frappe.core.doctype.scheduled_job_type.scheduled_job_type.run_scheduled_jo..., site='crm.localhost', user='Administrator') job in 0:00:01.320453s on worker fed08d5c7c1a4b77b3fa2f835486c3f9
2026-02-16 02:12:10,545 home-emlad-Developer-frappe-crm-f0rk-frappe-bench:default: Job OK (crm.localhost||scheduled_job||pg30un2n20)
2026-02-16 02:12:10,545 Result is kept for 600 seconds
2026-02-16 02:12:10,556 home-emlad-Developer-frappe-crm-f0rk-frappe-bench:default: frappe.utils.background_jobs.execute_job(event=None, is_async=True, job_name='frappe.core.doctype.scheduled_job_type.scheduled_job_type.run_scheduled_jo..., kwargs={'job_type': 'frappe.email.queue.retry_sending_emails', 'scheduled_job_type..., method='frappe.core.doctype.scheduled_job_type.scheduled_job_type.run_scheduled_jo..., site='crm.localhost', user='Administrator') (crm.localhost||scheduled_job||pg3g2vc4ac)
2026-02-16 02:12:11,129 Successfully completed frappe.utils.background_jobs.execute_job(event=None, is_async=True, job_name='frappe.core.doctype.scheduled_job_type.scheduled_job_type.run_scheduled_jo..., kwargs={'job_type': 'frappe.email.queue.retry_sending_emails', 'scheduled_job_type..., method='frappe.core.doctype.scheduled_job_type.scheduled_job_type.run_scheduled_jo..., site='crm.localhost', user='Administrator') job in 0:00:00.563097s on worker fed08d5c7c1a4b77b3fa2f835486c3f9
2026-02-16 02:12:11,130 home-emlad-Developer-frappe-crm-f0rk-frappe-bench:default: Job OK (crm.localhost||scheduled_job||pg3g2vc4ac)
2026-02-16 02:12:11,130 Result is kept for 600 seconds
2026-02-16 02:12:11,141 home-emlad-Developer-frappe-crm-f0rk-frappe-bench:default: frappe.utils.background_jobs.execute_job(event=None, is_async=True, job_name='frappe.core.doctype.scheduled_job_type.scheduled_job_type.run_scheduled_jo..., kwargs={'job_type': 'frappe.monitor.flush', 'scheduled_job_type': 'pg3o4gee9k'}, method='frappe.core.doctype.scheduled_job_type.scheduled_job_type.run_scheduled_jo..., site='crm.localhost', user='Administrator') (crm.localhost||scheduled_job||pg3o4gee9k)
2026-02-16 02:12:11,717 Successfully completed frappe.utils.background_jobs.execute_job(event=None, is_async=True, job_name='frappe.core.doctype.scheduled_job_type.scheduled_job_type.run_scheduled_jo..., kwargs={'job_type': 'frappe.monitor.flush', 'scheduled_job_type': 'pg3o4gee9k'}, method='frappe.core.doctype.scheduled_job_type.scheduled_job_type.run_scheduled_jo..., site='crm.localhost', user='Administrator') job in 0:00:00.566335s on worker fed08d5c7c1a4b77b3fa2f835486c3f9
2026-02-16 02:12:11,717 home-emlad-Developer-frappe-crm-f0rk-frappe-bench:default: Job OK (crm.localhost||scheduled_job||pg3o4gee9k)
2026-02-16 02:12:11,717 Result is kept for 600 seconds
2026-02-16 02:16:04,328 home-emlad-Developer-frappe-crm-f0rk-frappe-bench:default: frappe.utils.background_jobs.execute_job(event=None, is_async=True, job_name='frappe.core.doctype.scheduled_job_type.scheduled_job_type.run_scheduled_jo..., kwargs={'job_type': 'frappe.utils.telemetry.pulse.client.send_queued_events', 'sch..., method='frappe.core.doctype.scheduled_job_type.scheduled_job_type.run_scheduled_jo..., site='crm.localhost', user='Administrator') (crm.localhost||scheduled_job||pg24mac57d)
2026-02-16 02:16:04,920 Successfully completed frappe.utils.background_jobs.execute_job(event=None, is_async=True, job_name='frappe.core.doctype.scheduled_job_type.scheduled_job_type.run_scheduled_jo..., kwargs={'job_type': 'frappe.utils.telemetry.pulse.client.send_queued_events', 'sch..., method='frappe.core.doctype.scheduled_job_type.scheduled_job_type.run_scheduled_jo..., site='crm.localhost', user='Administrator') job in 0:00:00.582557s on worker fed08d5c7c1a4b77b3fa2f835486c3f9
2026-02-16 02:16:04,921 home-emlad-Developer-frappe-crm-f0rk-frappe-bench:default: Job OK (crm.localhost||scheduled_job||pg24mac57d)
2026-02-16 02:16:04,921 Result is kept for 600 seconds
2026-02-16 02:16:04,929 home-emlad-Developer-frappe-crm-f0rk-frappe-bench:default: frappe.utils.background_jobs.execute_job(event=None, is_async=True, job_name='frappe.core.doctype.scheduled_job_type.scheduled_job_type.run_scheduled_jo..., kwargs={'job_type': 'frappe.email.queue.retry_sending_emails', 'scheduled_job_type..., method='frappe.core.doctype.scheduled_job_type.scheduled_job_type.run_scheduled_jo..., site='crm.localhost', user='Administrator') (crm.localhost||scheduled_job||pg3g2vc4ac)
2026-02-16 02:16:05,502 Successfully completed frappe.utils.background_jobs.execute_job(event=None, is_async=True, job_name='frappe.core.doctype.scheduled_job_type.scheduled_job_type.run_scheduled_jo..., kwargs={'job_type': 'frappe.email.queue.retry_sending_emails', 'scheduled_job_type..., method='frappe.core.doctype.scheduled_job_type.scheduled_job_type.run_scheduled_jo..., site='crm.localhost', user='Administrator') job in 0:00:00.563715s on worker fed08d5c7c1a4b77b3fa2f835486c3f9
2026-02-16 02:16:05,502 home-emlad-Developer-frappe-crm-f0rk-frappe-bench:default: Job OK (crm.localhost||scheduled_job||pg3g2vc4ac)
2026-02-16 02:16:05,502 Result is kept for 600 seconds
2026-02-16 02:16:05,512 home-emlad-Developer-frappe-crm-f0rk-frappe-bench:default: frappe.utils.background_jobs.execute_job(event=None, is_async=True, job_name='frappe.core.doctype.scheduled_job_type.scheduled_job_type.run_scheduled_jo..., kwargs={'job_type': 'frappe.monitor.flush', 'scheduled_job_type': 'pg3o4gee9k'}, method='frappe.core.doctype.scheduled_job_type.scheduled_job_type.run_scheduled_jo..., site='crm.localhost', user='Administrator') (crm.localhost||scheduled_job||pg3o4gee9k)
2026-02-16 02:16:06,085 Successfully completed frappe.utils.background_jobs.execute_job(event=None, is_async=True, job_name='frappe.core.doctype.scheduled_job_type.scheduled_job_type.run_scheduled_jo..., kwargs={'job_type': 'frappe.monitor.flush', 'scheduled_job_type': 'pg3o4gee9k'}, method='frappe.core.doctype.scheduled_job_type.scheduled_job_type.run_scheduled_jo..., site='crm.localhost', user='Administrator') job in 0:00:00.562977s on worker fed08d5c7c1a4b77b3fa2f835486c3f9
2026-02-16 02:16:06,086 home-emlad-Developer-frappe-crm-f0rk-frappe-bench:default: Job OK (crm.localhost||scheduled_job||pg3o4gee9k)
2026-02-16 02:16:06,086 Result is kept for 600 seconds
2026-02-16 02:16:06,095 home-emlad-Developer-frappe-crm-f0rk-frappe-bench:default: frappe.utils.background_jobs.execute_job(event=None, is_async=True, job_name='frappe.core.doctype.scheduled_job_type.scheduled_job_type.run_scheduled_jo..., kwargs={'job_type': 'frappe.email.doctype.email_account.email_account.notify_unrep..., method='frappe.core.doctype.scheduled_job_type.scheduled_job_type.run_scheduled_jo..., site='crm.localhost', user='Administrator') (crm.localhost||scheduled_job||pg275o944e)
2026-02-16 02:16:06,728 Successfully completed frappe.utils.background_jobs.execute_job(event=None, is_async=True, job_name='frappe.core.doctype.scheduled_job_type.scheduled_job_type.run_scheduled_jo..., kwargs={'job_type': 'frappe.email.doctype.email_account.email_account.notify_unrep..., method='frappe.core.doctype.scheduled_job_type.scheduled_job_type.run_scheduled_jo..., site='crm.localhost', user='Administrator') job in 0:00:00.619790s on worker fed08d5c7c1a4b77b3fa2f835486c3f9
2026-02-16 02:16:06,729 home-emlad-Developer-frappe-crm-f0rk-frappe-bench:default: Job OK (crm.localhost||scheduled_job||pg275o944e)
2026-02-16 02:16:06,729 Result is kept for 600 seconds
2026-02-16 02:16:06,745 home-emlad-Developer-frappe-crm-f0rk-frappe-bench:default: frappe.utils.background_jobs.execute_job(event=None, is_async=True, job_name='frappe.core.doctype.scheduled_job_type.scheduled_job_type.run_scheduled_jo..., kwargs={'job_type': 'frappe.email.queue.flush', 'scheduled_job_type': 'pg361ihd8h'..., method='frappe.core.doctype.scheduled_job_type.scheduled_job_type.run_scheduled_jo..., site='crm.localhost', user='Administrator') (crm.localhost||scheduled_job||pg361ihd8h)
2026-02-16 02:16:07,441 Successfully completed frappe.utils.background_jobs.execute_job(event=None, is_async=True, job_name='frappe.core.doctype.scheduled_job_type.scheduled_job_type.run_scheduled_jo..., kwargs={'job_type': 'frappe.email.queue.flush', 'scheduled_job_type': 'pg361ihd8h'..., method='frappe.core.doctype.scheduled_job_type.scheduled_job_type.run_scheduled_jo..., site='crm.localhost', user='Administrator') job in 0:00:00.685010s on worker fed08d5c7c1a4b77b3fa2f835486c3f9
2026-02-16 02:16:07,442 home-emlad-Developer-frappe-crm-f0rk-frappe-bench:default: Job OK (crm.localhost||scheduled_job||pg361ihd8h)
2026-02-16 02:16:07,442 Result is kept for 600 seconds
2026-02-16 02:16:07,451 home-emlad-Developer-frappe-crm-f0rk-frappe-bench:default: frappe.utils.background_jobs.execute_job(event=None, is_async=True, job_name='frappe.core.doctype.scheduled_job_type.scheduled_job_type.run_scheduled_jo..., kwargs={'job_type': 'crm.lead_syncing.background_sync.sync_leads_from_sources_15_m..., method='frappe.core.doctype.scheduled_job_type.scheduled_job_type.run_scheduled_jo..., site='crm.localhost', user='Administrator') (crm.localhost||scheduled_job||plsnn00b5f)
2026-02-16 02:16:07,999 Successfully completed frappe.utils.background_jobs.execute_job(event=None, is_async=True, job_name='frappe.core.doctype.scheduled_job_type.scheduled_job_type.run_scheduled_jo..., kwargs={'job_type': 'crm.lead_syncing.background_sync.sync_leads_from_sources_15_m..., method='frappe.core.doctype.scheduled_job_type.scheduled_job_type.run_scheduled_jo..., site='crm.localhost', user='Administrator') job in 0:00:00.539300s on worker fed08d5c7c1a4b77b3fa2f835486c3f9
2026-02-16 02:16:07,999 home-emlad-Developer-frappe-crm-f0rk-frappe-bench:default: Job OK (crm.localhost||scheduled_job||plsnn00b5f)
2026-02-16 02:16:07,999 Result is kept for 600 seconds
2026-02-16 02:16:08,008 home-emlad-Developer-frappe-crm-f0rk-frappe-bench:default: frappe.utils.background_jobs.execute_job(event=None, is_async=True, job_name='frappe.core.doctype.scheduled_job_type.scheduled_job_type.run_scheduled_jo..., kwargs={'job_type': 'crm.lead_syncing.background_sync.sync_leads_from_sources_5_mi..., method='frappe.core.doctype.scheduled_job_type.scheduled_job_type.run_scheduled_jo..., site='crm.localhost', user='Administrator') (crm.localhost||scheduled_job||pls5pj208u)
2026-02-16 02:16:08,565 Successfully completed frappe.utils.background_jobs.execute_job(event=None, is_async=True, job_name='frappe.core.doctype.scheduled_job_type.scheduled_job_type.run_scheduled_jo..., kwargs={'job_type': 'crm.lead_syncing.background_sync.sync_leads_from_sources_5_mi..., method='frappe.core.doctype.scheduled_job_type.scheduled_job_type.run_scheduled_jo..., site='crm.localhost', user='Administrator') job in 0:00:00.547947s on worker fed08d5c7c1a4b77b3fa2f835486c3f9
2026-02-16 02:16:08,566 home-emlad-Developer-frappe-crm-f0rk-frappe-bench:default: Job OK (crm.localhost||scheduled_job||pls5pj208u)
2026-02-16 02:16:08,566 Result is kept for 600 seconds
2026-02-16 02:16:08,575 home-emlad-Developer-frappe-crm-f0rk-frappe-bench:default: frappe.utils.background_jobs.execute_job(event=None, is_async=True, job_name='frappe.core.doctype.scheduled_job_type.scheduled_job_type.run_scheduled_jo..., kwargs={'job_type': 'frappe.email.doctype.notification.notification.trigger_offset..., method='frappe.core.doctype.scheduled_job_type.scheduled_job_type.run_scheduled_jo..., site='crm.localhost', user='Administrator') (crm.localhost||scheduled_job||pg2rdn0a7m)
2026-02-16 02:16:09,195 Successfully completed frappe.utils.background_jobs.execute_job(event=None, is_async=True, job_name='frappe.core.doctype.scheduled_job_type.scheduled_job_type.run_scheduled_jo..., kwargs={'job_type': 'frappe.email.doctype.notification.notification.trigger_offset..., method='frappe.core.doctype.scheduled_job_type.scheduled_job_type.run_scheduled_jo..., site='crm.localhost', user='Administrator') job in 0:00:00.608552s on worker fed08d5c7c1a4b77b3fa2f835486c3f9
2026-02-16 02:16:09,195 home-emlad-Developer-frappe-crm-f0rk-frappe-bench:default: Job OK (crm.localhost||scheduled_job||pg2rdn0a7m)
2026-02-16 02:16:09,195 Result is kept for 600 seconds
2026-02-16 02:16:09,205 home-emlad-Developer-frappe-crm-f0rk-frappe-bench:default: frappe.utils.background_jobs.execute_job(event=None, is_async=True, job_name='frappe.core.doctype.scheduled_job_type.scheduled_job_type.run_scheduled_jo..., kwargs={'job_type': 'frappe.model.utils.link_count.update_link_count', 'scheduled_..., method='frappe.core.doctype.scheduled_job_type.scheduled_job_type.run_scheduled_jo..., site='crm.localhost', user='Administrator') (crm.localhost||scheduled_job||pg23am6hc0)
2026-02-16 02:16:09,760 Successfully completed frappe.utils.background_jobs.execute_job(event=None, is_async=True, job_name='frappe.core.doctype.scheduled_job_type.scheduled_job_type.run_scheduled_jo..., kwargs={'job_type': 'frappe.model.utils.link_count.update_link_count', 'scheduled_..., method='frappe.core.doctype.scheduled_job_type.scheduled_job_type.run_scheduled_jo..., site='crm.localhost', user='Administrator') job in 0:00:00.544663s on worker fed08d5c7c1a4b77b3fa2f835486c3f9
2026-02-16 02:16:09,761 home-emlad-Developer-frappe-crm-f0rk-frappe-bench:default: Job OK (crm.localhost||scheduled_job||pg23am6hc0)
2026-02-16 02:16:09,761 Result is kept for 600 seconds
2026-02-16 02:16:09,771 home-emlad-Developer-frappe-crm-f0rk-frappe-bench:default: frappe.utils.background_jobs.execute_job(event=None, is_async=True, job_name='frappe.core.doctype.scheduled_job_type.scheduled_job_type.run_scheduled_jo..., kwargs={'job_type': 'frappe.automation.doctype.reminder.reminder.send_reminders', ..., method='frappe.core.doctype.scheduled_job_type.scheduled_job_type.run_scheduled_jo..., site='crm.localhost', user='Administrator') (crm.localhost||scheduled_job||pg2di96mq0)
2026-02-16 02:16:10,355 Successfully completed frappe.utils.background_jobs.execute_job(event=None, is_async=True, job_name='frappe.core.doctype.scheduled_job_type.scheduled_job_type.run_scheduled_jo..., kwargs={'job_type': 'frappe.automation.doctype.reminder.reminder.send_reminders', ..., method='frappe.core.doctype.scheduled_job_type.scheduled_job_type.run_scheduled_jo..., site='crm.localhost', user='Administrator') job in 0:00:00.573922s on worker fed08d5c7c1a4b77b3fa2f835486c3f9
2026-02-16 02:16:10,355 home-emlad-Developer-frappe-crm-f0rk-frappe-bench:default: Job OK (crm.localhost||scheduled_job||pg2di96mq0)
2026-02-16 02:16:10,355 Result is kept for 600 seconds
2026-02-16 02:16:10,365 home-emlad-Developer-frappe-crm-f0rk-frappe-bench:default: frappe.utils.background_jobs.execute_job(event=None, is_async=True, job_name='frappe.core.doctype.scheduled_job_type.scheduled_job_type.run_scheduled_jo..., kwargs={'job_type': 'frappe.deferred_insert.save_to_db', 'scheduled_job_type': 'pg..., method='frappe.core.doctype.scheduled_job_type.scheduled_job_type.run_scheduled_jo..., site='crm.localhost', user='Administrator') (crm.localhost||scheduled_job||pg2q1qv7pc)
2026-02-16 02:16:11,069 Successfully completed frappe.utils.background_jobs.execute_job(event=None, is_async=True, job_name='frappe.core.doctype.scheduled_job_type.scheduled_job_type.run_scheduled_jo..., kwargs={'job_type': 'frappe.deferred_insert.save_to_db', 'scheduled_job_type': 'pg..., method='frappe.core.doctype.scheduled_job_type.scheduled_job_type.run_scheduled_jo..., site='crm.localhost', user='Administrator') job in 0:00:00.694087s on worker fed08d5c7c1a4b77b3fa2f835486c3f9
2026-02-16 02:16:11,069 home-emlad-Developer-frappe-crm-f0rk-frappe-bench:default: Job OK (crm.localhost||scheduled_job||pg2q1qv7pc)
2026-02-16 02:16:11,070 Result is kept for 600 seconds
2026-02-16 02:16:11,080 home-emlad-Developer-frappe-crm-f0rk-frappe-bench:default: frappe.utils.background_jobs.execute_job(event=None, is_async=True, job_name='frappe.core.doctype.scheduled_job_type.scheduled_job_type.run_scheduled_jo..., kwargs={'job_type': 'frappe.utils.global_search.sync_global_search', 'scheduled_jo..., method='frappe.core.doctype.scheduled_job_type.scheduled_job_type.run_scheduled_jo..., site='crm.localhost', user='Administrator') (crm.localhost||scheduled_job||pg2gfj56rp)
2026-02-16 02:16:11,672 Successfully completed frappe.utils.background_jobs.execute_job(event=None, is_async=True, job_name='frappe.core.doctype.scheduled_job_type.scheduled_job_type.run_scheduled_jo..., kwargs={'job_type': 'frappe.utils.global_search.sync_global_search', 'scheduled_jo..., method='frappe.core.doctype.scheduled_job_type.scheduled_job_type.run_scheduled_jo..., site='crm.localhost', user='Administrator') job in 0:00:00.579176s on worker fed08d5c7c1a4b77b3fa2f835486c3f9
2026-02-16 02:16:11,672 home-emlad-Developer-frappe-crm-f0rk-frappe-bench:default: Job OK (crm.localhost||scheduled_job||pg2gfj56rp)
2026-02-16 02:16:11,673 Result is kept for 600 seconds
2026-02-16 02:16:11,682 home-emlad-Developer-frappe-crm-f0rk-frappe-bench:default: frappe.utils.background_jobs.execute_job(event=None, is_async=True, job_name='frappe.core.doctype.scheduled_job_type.scheduled_job_type.run_scheduled_jo..., kwargs={'job_type': 'frappe.integrations.doctype.google_calendar.google_calendar.s..., method='frappe.core.doctype.scheduled_job_type.scheduled_job_type.run_scheduled_jo..., site='crm.localhost', user='Administrator') (crm.localhost||scheduled_job||pg30un2n20)
2026-02-16 02:16:12,968 Successfully completed frappe.utils.background_jobs.execute_job(event=None, is_async=True, job_name='frappe.core.doctype.scheduled_job_type.scheduled_job_type.run_scheduled_jo..., kwargs={'job_type': 'frappe.integrations.doctype.google_calendar.google_calendar.s..., method='frappe.core.doctype.scheduled_job_type.scheduled_job_type.run_scheduled_jo..., site='crm.localhost', user='Administrator') job in 0:00:01.274874s on worker fed08d5c7c1a4b77b3fa2f835486c3f9
2026-02-16 02:16:12,969 home-emlad-Developer-frappe-crm-f0rk-frappe-bench:default: Job OK (crm.localhost||scheduled_job||pg30un2n20)
2026-02-16 02:16:12,969 Result is kept for 600 seconds
2026-02-16 02:20:04,354 home-emlad-Developer-frappe-crm-f0rk-frappe-bench:default: frappe.utils.background_jobs.execute_job(event=None, is_async=True, job_name='frappe.core.doctype.scheduled_job_type.scheduled_job_type.run_scheduled_jo..., kwargs={'job_type': 'crm.lead_syncing.background_sync.sync_leads_from_sources_10_m..., method='frappe.core.doctype.scheduled_job_type.scheduled_job_type.run_scheduled_jo..., site='crm.localhost', user='Administrator') (crm.localhost||scheduled_job||pls9mga06a)
2026-02-16 02:20:04,975 Successfully completed frappe.utils.background_jobs.execute_job(event=None, is_async=True, job_name='frappe.core.doctype.scheduled_job_type.scheduled_job_type.run_scheduled_jo..., kwargs={'job_type': 'crm.lead_syncing.background_sync.sync_leads_from_sources_10_m..., method='frappe.core.doctype.scheduled_job_type.scheduled_job_type.run_scheduled_jo..., site='crm.localhost', user='Administrator') job in 0:00:00.605595s on worker fed08d5c7c1a4b77b3fa2f835486c3f9
2026-02-16 02:20:04,975 home-emlad-Developer-frappe-crm-f0rk-frappe-bench:default: Job OK (crm.localhost||scheduled_job||pls9mga06a)
2026-02-16 02:20:04,975 Result is kept for 600 seconds
2026-02-16 02:20:04,985 Worker fed08d5c7c1a4b77b3fa2f835486c3f9: cleaning registries for queue: home-emlad-Developer-frappe-crm-f0rk-frappe-bench:short
2026-02-16 02:20:04,987 Worker fed08d5c7c1a4b77b3fa2f835486c3f9: cleaning registries for queue: home-emlad-Developer-frappe-crm-f0rk-frappe-bench:default
2026-02-16 02:20:04,990 Worker fed08d5c7c1a4b77b3fa2f835486c3f9: cleaning registries for queue: home-emlad-Developer-frappe-crm-f0rk-frappe-bench:long
2026-02-16 02:20:04,993 home-emlad-Developer-frappe-crm-f0rk-frappe-bench:default: frappe.utils.background_jobs.execute_job(event=None, is_async=True, job_name='frappe.core.doctype.scheduled_job_type.scheduled_job_type.run_scheduled_jo..., kwargs={'job_type': 'crm.lead_syncing.background_sync.sync_leads_from_sources_5_mi..., method='frappe.core.doctype.scheduled_job_type.scheduled_job_type.run_scheduled_jo..., site='crm.localhost', user='Administrator') (crm.localhost||scheduled_job||pls5pj208u)
2026-02-16 02:20:05,611 Successfully completed frappe.utils.background_jobs.execute_job(event=None, is_async=True, job_name='frappe.core.doctype.scheduled_job_type.scheduled_job_type.run_scheduled_jo..., kwargs={'job_type': 'crm.lead_syncing.background_sync.sync_leads_from_sources_5_mi..., method='frappe.core.doctype.scheduled_job_type.scheduled_job_type.run_scheduled_jo..., site='crm.localhost', user='Administrator') job in 0:00:00.606923s on worker fed08d5c7c1a4b77b3fa2f835486c3f9
2026-02-16 02:20:05,612 home-emlad-Developer-frappe-crm-f0rk-frappe-bench:default: Job OK (crm.localhost||scheduled_job||pls5pj208u)
2026-02-16 02:20:05,612 Result is kept for 600 seconds
2026-02-16 02:20:05,621 home-emlad-Developer-frappe-crm-f0rk-frappe-bench:default: frappe.utils.background_jobs.execute_job(event=None, is_async=True, job_name='frappe.core.doctype.scheduled_job_type.scheduled_job_type.run_scheduled_jo..., kwargs={'job_type': 'frappe.monitor.flush', 'scheduled_job_type': 'pg3o4gee9k'}, method='frappe.core.doctype.scheduled_job_type.scheduled_job_type.run_scheduled_jo..., site='crm.localhost', user='Administrator') (crm.localhost||scheduled_job||pg3o4gee9k)
2026-02-16 02:20:06,208 Successfully completed frappe.utils.background_jobs.execute_job(event=None, is_async=True, job_name='frappe.core.doctype.scheduled_job_type.scheduled_job_type.run_scheduled_jo..., kwargs={'job_type': 'frappe.monitor.flush', 'scheduled_job_type': 'pg3o4gee9k'}, method='frappe.core.doctype.scheduled_job_type.scheduled_job_type.run_scheduled_jo..., site='crm.localhost', user='Administrator') job in 0:00:00.576781s on worker fed08d5c7c1a4b77b3fa2f835486c3f9
2026-02-16 02:20:06,209 home-emlad-Developer-frappe-crm-f0rk-frappe-bench:default: Job OK (crm.localhost||scheduled_job||pg3o4gee9k)
2026-02-16 02:20:06,209 Result is kept for 600 seconds
2026-02-16 02:20:06,219 home-emlad-Developer-frappe-crm-f0rk-frappe-bench:default: frappe.utils.background_jobs.execute_job(event=None, is_async=True, job_name='frappe.core.doctype.scheduled_job_type.scheduled_job_type.run_scheduled_jo..., kwargs={'job_type': 'frappe.email.queue.retry_sending_emails', 'scheduled_job_type..., method='frappe.core.doctype.scheduled_job_type.scheduled_job_type.run_scheduled_jo..., site='crm.localhost', user='Administrator') (crm.localhost||scheduled_job||pg3g2vc4ac)
2026-02-16 02:20:06,797 Successfully completed frappe.utils.background_jobs.execute_job(event=None, is_async=True, job_name='frappe.core.doctype.scheduled_job_type.scheduled_job_type.run_scheduled_jo..., kwargs={'job_type': 'frappe.email.queue.retry_sending_emails', 'scheduled_job_type..., method='frappe.core.doctype.scheduled_job_type.scheduled_job_type.run_scheduled_jo..., site='crm.localhost', user='Administrator') job in 0:00:00.566099s on worker fed08d5c7c1a4b77b3fa2f835486c3f9
2026-02-16 02:20:06,798 home-emlad-Developer-frappe-crm-f0rk-frappe-bench:default: Job OK (crm.localhost||scheduled_job||pg3g2vc4ac)
2026-02-16 02:20:06,798 Result is kept for 600 seconds
2026-02-16 02:20:06,807 home-emlad-Developer-frappe-crm-f0rk-frappe-bench:default: frappe.utils.background_jobs.execute_job(event=None, is_async=True, job_name='frappe.core.doctype.scheduled_job_type.scheduled_job_type.run_scheduled_jo..., kwargs={'job_type': 'frappe.email.doctype.notification.notification.trigger_offset..., method='frappe.core.doctype.scheduled_job_type.scheduled_job_type.run_scheduled_jo..., site='crm.localhost', user='Administrator') (crm.localhost||scheduled_job||pg2rdn0a7m)
2026-02-16 02:20:07,366 Successfully completed frappe.utils.background_jobs.execute_job(event=None, is_async=True, job_name='frappe.core.doctype.scheduled_job_type.scheduled_job_type.run_scheduled_jo..., kwargs={'job_type': 'frappe.email.doctype.notification.notification.trigger_offset..., method='frappe.core.doctype.scheduled_job_type.scheduled_job_type.run_scheduled_jo..., site='crm.localhost', user='Administrator') job in 0:00:00.549083s on worker fed08d5c7c1a4b77b3fa2f835486c3f9
2026-02-16 02:20:07,366 home-emlad-Developer-frappe-crm-f0rk-frappe-bench:default: Job OK (crm.localhost||scheduled_job||pg2rdn0a7m)
2026-02-16 02:20:07,367 Result is kept for 600 seconds
2026-02-16 02:20:07,376 home-emlad-Developer-frappe-crm-f0rk-frappe-bench:default: frappe.utils.background_jobs.execute_job(event=None, is_async=True, job_name='frappe.core.doctype.scheduled_job_type.scheduled_job_type.run_scheduled_jo..., kwargs={'job_type': 'frappe.email.queue.flush', 'scheduled_job_type': 'pg361ihd8h'..., method='frappe.core.doctype.scheduled_job_type.scheduled_job_type.run_scheduled_jo..., site='crm.localhost', user='Administrator') (crm.localhost||scheduled_job||pg361ihd8h)
2026-02-16 02:20:07,963 Successfully completed frappe.utils.background_jobs.execute_job(event=None, is_async=True, job_name='frappe.core.doctype.scheduled_job_type.scheduled_job_type.run_scheduled_jo..., kwargs={'job_type': 'frappe.email.queue.flush', 'scheduled_job_type': 'pg361ihd8h'..., method='frappe.core.doctype.scheduled_job_type.scheduled_job_type.run_scheduled_jo..., site='crm.localhost', user='Administrator') job in 0:00:00.576614s on worker fed08d5c7c1a4b77b3fa2f835486c3f9
2026-02-16 02:20:07,963 home-emlad-Developer-frappe-crm-f0rk-frappe-bench:default: Job OK (crm.localhost||scheduled_job||pg361ihd8h)
2026-02-16 02:20:07,963 Result is kept for 600 seconds
2026-02-16 02:20:07,972 home-emlad-Developer-frappe-crm-f0rk-frappe-bench:default: frappe.utils.background_jobs.execute_job(event=None, is_async=True, job_name='frappe.core.doctype.scheduled_job_type.scheduled_job_type.run_scheduled_jo..., kwargs={'job_type': 'frappe.email.doctype.email_account.email_account.pull', 'sche..., method='frappe.core.doctype.scheduled_job_type.scheduled_job_type.run_scheduled_jo..., site='crm.localhost', user='Administrator') (crm.localhost||scheduled_job||pg29ic6u7t)
2026-02-16 02:20:08,568 Successfully completed frappe.utils.background_jobs.execute_job(event=None, is_async=True, job_name='frappe.core.doctype.scheduled_job_type.scheduled_job_type.run_scheduled_jo..., kwargs={'job_type': 'frappe.email.doctype.email_account.email_account.pull', 'sche..., method='frappe.core.doctype.scheduled_job_type.scheduled_job_type.run_scheduled_jo..., site='crm.localhost', user='Administrator') job in 0:00:00.586111s on worker fed08d5c7c1a4b77b3fa2f835486c3f9
2026-02-16 02:20:08,569 home-emlad-Developer-frappe-crm-f0rk-frappe-bench:default: Job OK (crm.localhost||scheduled_job||pg29ic6u7t)
2026-02-16 02:20:08,569 Result is kept for 600 seconds
2026-02-16 02:20:08,579 home-emlad-Developer-frappe-crm-f0rk-frappe-bench:default: frappe.utils.background_jobs.execute_job(event=None, is_async=True, job_name='frappe.core.doctype.scheduled_job_type.scheduled_job_type.run_scheduled_jo..., kwargs={'job_type': 'frappe.integrations.doctype.google_calendar.google_calendar.s..., method='frappe.core.doctype.scheduled_job_type.scheduled_job_type.run_scheduled_jo..., site='crm.localhost', user='Administrator') (crm.localhost||scheduled_job||pg30un2n20)
2026-02-16 02:20:09,779 Successfully completed frappe.utils.background_jobs.execute_job(event=None, is_async=True, job_name='frappe.core.doctype.scheduled_job_type.scheduled_job_type.run_scheduled_jo..., kwargs={'job_type': 'frappe.integrations.doctype.google_calendar.google_calendar.s..., method='frappe.core.doctype.scheduled_job_type.scheduled_job_type.run_scheduled_jo..., site='crm.localhost', user='Administrator') job in 0:00:01.190108s on worker fed08d5c7c1a4b77b3fa2f835486c3f9
2026-02-16 02:20:09,780 home-emlad-Developer-frappe-crm-f0rk-frappe-bench:default: Job OK (crm.localhost||scheduled_job||pg30un2n20)
2026-02-16 02:20:09,780 Result is kept for 600 seconds
2026-02-16 02:24:05,026 home-emlad-Developer-frappe-crm-f0rk-frappe-bench:default: frappe.utils.background_jobs.execute_job(event=None, is_async=True, job_name='frappe.core.doctype.scheduled_job_type.scheduled_job_type.run_scheduled_jo..., kwargs={'job_type': 'frappe.email.queue.flush', 'scheduled_job_type': 'pg361ihd8h'..., method='frappe.core.doctype.scheduled_job_type.scheduled_job_type.run_scheduled_jo..., site='crm.localhost', user='Administrator') (crm.localhost||scheduled_job||pg361ihd8h)
2026-02-16 02:24:05,632 Successfully completed frappe.utils.background_jobs.execute_job(event=None, is_async=True, job_name='frappe.core.doctype.scheduled_job_type.scheduled_job_type.run_scheduled_jo..., kwargs={'job_type': 'frappe.email.queue.flush', 'scheduled_job_type': 'pg361ihd8h'..., method='frappe.core.doctype.scheduled_job_type.scheduled_job_type.run_scheduled_jo..., site='crm.localhost', user='Administrator') job in 0:00:00.594222s on worker fed08d5c7c1a4b77b3fa2f835486c3f9
2026-02-16 02:24:05,632 home-emlad-Developer-frappe-crm-f0rk-frappe-bench:default: Job OK (crm.localhost||scheduled_job||pg361ihd8h)
2026-02-16 02:24:05,632 Result is kept for 600 seconds
2026-02-16 02:24:05,643 home-emlad-Developer-frappe-crm-f0rk-frappe-bench:default: frappe.utils.background_jobs.execute_job(event=None, is_async=True, job_name='frappe.core.doctype.scheduled_job_type.scheduled_job_type.run_scheduled_jo..., kwargs={'job_type': 'frappe.monitor.flush', 'scheduled_job_type': 'pg3o4gee9k'}, method='frappe.core.doctype.scheduled_job_type.scheduled_job_type.run_scheduled_jo..., site='crm.localhost', user='Administrator') (crm.localhost||scheduled_job||pg3o4gee9k)
2026-02-16 02:24:06,239 Successfully completed frappe.utils.background_jobs.execute_job(event=None, is_async=True, job_name='frappe.core.doctype.scheduled_job_type.scheduled_job_type.run_scheduled_jo..., kwargs={'job_type': 'frappe.monitor.flush', 'scheduled_job_type': 'pg3o4gee9k'}, method='frappe.core.doctype.scheduled_job_type.scheduled_job_type.run_scheduled_jo..., site='crm.localhost', user='Administrator') job in 0:00:00.586053s on worker fed08d5c7c1a4b77b3fa2f835486c3f9
2026-02-16 02:24:06,240 home-emlad-Developer-frappe-crm-f0rk-frappe-bench:default: Job OK (crm.localhost||scheduled_job||pg3o4gee9k)
2026-02-16 02:24:06,240 Result is kept for 600 seconds
2026-02-16 02:24:06,252 home-emlad-Developer-frappe-crm-f0rk-frappe-bench:default: frappe.utils.background_jobs.execute_job(event=None, is_async=True, job_name='frappe.core.doctype.scheduled_job_type.scheduled_job_type.run_scheduled_jo..., kwargs={'job_type': 'frappe.integrations.doctype.google_calendar.google_calendar.s..., method='frappe.core.doctype.scheduled_job_type.scheduled_job_type.run_scheduled_jo..., site='crm.localhost', user='Administrator') (crm.localhost||scheduled_job||pg30un2n20)
2026-02-16 02:24:07,433 Successfully completed frappe.utils.background_jobs.execute_job(event=None, is_async=True, job_name='frappe.core.doctype.scheduled_job_type.scheduled_job_type.run_scheduled_jo..., kwargs={'job_type': 'frappe.integrations.doctype.google_calendar.google_calendar.s..., method='frappe.core.doctype.scheduled_job_type.scheduled_job_type.run_scheduled_jo..., site='crm.localhost', user='Administrator') job in 0:00:01.170055s on worker fed08d5c7c1a4b77b3fa2f835486c3f9
2026-02-16 02:24:07,433 home-emlad-Developer-frappe-crm-f0rk-frappe-bench:default: Job OK (crm.localhost||scheduled_job||pg30un2n20)
2026-02-16 02:24:07,433 Result is kept for 600 seconds
2026-02-16 02:24:07,443 home-emlad-Developer-frappe-crm-f0rk-frappe-bench:default: frappe.utils.background_jobs.execute_job(event=None, is_async=True, job_name='frappe.core.doctype.scheduled_job_type.scheduled_job_type.run_scheduled_jo..., kwargs={'job_type': 'frappe.email.queue.retry_sending_emails', 'scheduled_job_type..., method='frappe.core.doctype.scheduled_job_type.scheduled_job_type.run_scheduled_jo..., site='crm.localhost', user='Administrator') (crm.localhost||scheduled_job||pg3g2vc4ac)
2026-02-16 02:24:08,006 Successfully completed frappe.utils.background_jobs.execute_job(event=None, is_async=True, job_name='frappe.core.doctype.scheduled_job_type.scheduled_job_type.run_scheduled_jo..., kwargs={'job_type': 'frappe.email.queue.retry_sending_emails', 'scheduled_job_type..., method='frappe.core.doctype.scheduled_job_type.scheduled_job_type.run_scheduled_jo..., site='crm.localhost', user='Administrator') job in 0:00:00.553791s on worker fed08d5c7c1a4b77b3fa2f835486c3f9
2026-02-16 02:24:08,006 home-emlad-Developer-frappe-crm-f0rk-frappe-bench:default: Job OK (crm.localhost||scheduled_job||pg3g2vc4ac)
2026-02-16 02:24:08,006 Result is kept for 600 seconds
2026-02-16 02:28:03,699 home-emlad-Developer-frappe-crm-f0rk-frappe-bench:default: frappe.utils.background_jobs.execute_job(event=None, is_async=True, job_name='frappe.core.doctype.scheduled_job_type.scheduled_job_type.run_scheduled_jo..., kwargs={'job_type': 'frappe.integrations.doctype.google_calendar.google_calendar.s..., method='frappe.core.doctype.scheduled_job_type.scheduled_job_type.run_scheduled_jo..., site='crm.localhost', user='Administrator') (crm.localhost||scheduled_job||pg30un2n20)
2026-02-16 02:28:05,115 Successfully completed frappe.utils.background_jobs.execute_job(event=None, is_async=True, job_name='frappe.core.doctype.scheduled_job_type.scheduled_job_type.run_scheduled_jo..., kwargs={'job_type': 'frappe.integrations.doctype.google_calendar.google_calendar.s..., method='frappe.core.doctype.scheduled_job_type.scheduled_job_type.run_scheduled_jo..., site='crm.localhost', user='Administrator') job in 0:00:01.400257s on worker fed08d5c7c1a4b77b3fa2f835486c3f9
2026-02-16 02:28:05,115 home-emlad-Developer-frappe-crm-f0rk-frappe-bench:default: Job OK (crm.localhost||scheduled_job||pg30un2n20)
2026-02-16 02:28:05,116 Result is kept for 600 seconds
2026-02-16 02:28:05,126 home-emlad-Developer-frappe-crm-f0rk-frappe-bench:default: frappe.utils.background_jobs.execute_job(event=None, is_async=True, job_name='frappe.core.doctype.scheduled_job_type.scheduled_job_type.run_scheduled_jo..., kwargs={'job_type': 'frappe.email.queue.retry_sending_emails', 'scheduled_job_type..., method='frappe.core.doctype.scheduled_job_type.scheduled_job_type.run_scheduled_jo..., site='crm.localhost', user='Administrator') (crm.localhost||scheduled_job||pg3g2vc4ac)
2026-02-16 02:28:05,736 Successfully completed frappe.utils.background_jobs.execute_job(event=None, is_async=True, job_name='frappe.core.doctype.scheduled_job_type.scheduled_job_type.run_scheduled_jo..., kwargs={'job_type': 'frappe.email.queue.retry_sending_emails', 'scheduled_job_type..., method='frappe.core.doctype.scheduled_job_type.scheduled_job_type.run_scheduled_jo..., site='crm.localhost', user='Administrator') job in 0:00:00.598287s on worker fed08d5c7c1a4b77b3fa2f835486c3f9
2026-02-16 02:28:05,737 home-emlad-Developer-frappe-crm-f0rk-frappe-bench:default: Job OK (crm.localhost||scheduled_job||pg3g2vc4ac)
2026-02-16 02:28:05,737 Result is kept for 600 seconds
2026-02-16 02:28:05,746 home-emlad-Developer-frappe-crm-f0rk-frappe-bench:default: frappe.utils.background_jobs.execute_job(event=None, is_async=True, job_name='frappe.core.doctype.scheduled_job_type.scheduled_job_type.run_scheduled_jo..., kwargs={'job_type': 'frappe.email.queue.flush', 'scheduled_job_type': 'pg361ihd8h'..., method='frappe.core.doctype.scheduled_job_type.scheduled_job_type.run_scheduled_jo..., site='crm.localhost', user='Administrator') (crm.localhost||scheduled_job||pg361ihd8h)
2026-02-16 02:28:06,397 Successfully completed frappe.utils.background_jobs.execute_job(event=None, is_async=True, job_name='frappe.core.doctype.scheduled_job_type.scheduled_job_type.run_scheduled_jo..., kwargs={'job_type': 'frappe.email.queue.flush', 'scheduled_job_type': 'pg361ihd8h'..., method='frappe.core.doctype.scheduled_job_type.scheduled_job_type.run_scheduled_jo..., site='crm.localhost', user='Administrator') job in 0:00:00.639796s on worker fed08d5c7c1a4b77b3fa2f835486c3f9
2026-02-16 02:28:06,398 home-emlad-Developer-frappe-crm-f0rk-frappe-bench:default: Job OK (crm.localhost||scheduled_job||pg361ihd8h)
2026-02-16 02:28:06,398 Result is kept for 600 seconds
2026-02-16 02:28:06,407 home-emlad-Developer-frappe-crm-f0rk-frappe-bench:default: frappe.utils.background_jobs.execute_job(event=None, is_async=True, job_name='frappe.core.doctype.scheduled_job_type.scheduled_job_type.run_scheduled_jo..., kwargs={'job_type': 'frappe.email.doctype.notification.notification.trigger_offset..., method='frappe.core.doctype.scheduled_job_type.scheduled_job_type.run_scheduled_jo..., site='crm.localhost', user='Administrator') (crm.localhost||scheduled_job||pg2rdn0a7m)
2026-02-16 02:28:06,985 Successfully completed frappe.utils.background_jobs.execute_job(event=None, is_async=True, job_name='frappe.core.doctype.scheduled_job_type.scheduled_job_type.run_scheduled_jo..., kwargs={'job_type': 'frappe.email.doctype.notification.notification.trigger_offset..., method='frappe.core.doctype.scheduled_job_type.scheduled_job_type.run_scheduled_jo..., site='crm.localhost', user='Administrator') job in 0:00:00.567704s on worker fed08d5c7c1a4b77b3fa2f835486c3f9
2026-02-16 02:28:06,986 home-emlad-Developer-frappe-crm-f0rk-frappe-bench:default: Job OK (crm.localhost||scheduled_job||pg2rdn0a7m)
2026-02-16 02:28:06,986 Result is kept for 600 seconds
2026-02-16 02:28:06,995 home-emlad-Developer-frappe-crm-f0rk-frappe-bench:default: frappe.utils.background_jobs.execute_job(event=None, is_async=True, job_name='frappe.core.doctype.scheduled_job_type.scheduled_job_type.run_scheduled_jo..., kwargs={'job_type': 'crm.lead_syncing.background_sync.sync_leads_from_sources_5_mi..., method='frappe.core.doctype.scheduled_job_type.scheduled_job_type.run_scheduled_jo..., site='crm.localhost', user='Administrator') (crm.localhost||scheduled_job||pls5pj208u)
2026-02-16 02:28:07,560 Successfully completed frappe.utils.background_jobs.execute_job(event=None, is_async=True, job_name='frappe.core.doctype.scheduled_job_type.scheduled_job_type.run_scheduled_jo..., kwargs={'job_type': 'crm.lead_syncing.background_sync.sync_leads_from_sources_5_mi..., method='frappe.core.doctype.scheduled_job_type.scheduled_job_type.run_scheduled_jo..., site='crm.localhost', user='Administrator') job in 0:00:00.554741s on worker fed08d5c7c1a4b77b3fa2f835486c3f9
2026-02-16 02:28:07,561 home-emlad-Developer-frappe-crm-f0rk-frappe-bench:default: Job OK (crm.localhost||scheduled_job||pls5pj208u)
2026-02-16 02:28:07,561 Result is kept for 600 seconds
2026-02-16 02:28:07,571 home-emlad-Developer-frappe-crm-f0rk-frappe-bench:default: frappe.utils.background_jobs.execute_job(event=None, is_async=True, job_name='frappe.core.doctype.scheduled_job_type.scheduled_job_type.run_scheduled_jo..., kwargs={'job_type': 'frappe.monitor.flush', 'scheduled_job_type': 'pg3o4gee9k'}, method='frappe.core.doctype.scheduled_job_type.scheduled_job_type.run_scheduled_jo..., site='crm.localhost', user='Administrator') (crm.localhost||scheduled_job||pg3o4gee9k)
2026-02-16 02:28:08,170 Successfully completed frappe.utils.background_jobs.execute_job(event=None, is_async=True, job_name='frappe.core.doctype.scheduled_job_type.scheduled_job_type.run_scheduled_jo..., kwargs={'job_type': 'frappe.monitor.flush', 'scheduled_job_type': 'pg3o4gee9k'}, method='frappe.core.doctype.scheduled_job_type.scheduled_job_type.run_scheduled_jo..., site='crm.localhost', user='Administrator') job in 0:00:00.588999s on worker fed08d5c7c1a4b77b3fa2f835486c3f9
2026-02-16 02:28:08,170 home-emlad-Developer-frappe-crm-f0rk-frappe-bench:default: Job OK (crm.localhost||scheduled_job||pg3o4gee9k)
2026-02-16 02:28:08,171 Result is kept for 600 seconds
2026-02-16 02:32:05,928 home-emlad-Developer-frappe-crm-f0rk-frappe-bench:default: frappe.utils.background_jobs.execute_job(event=None, is_async=True, job_name='frappe.core.doctype.scheduled_job_type.scheduled_job_type.run_scheduled_jo..., kwargs={'job_type': 'frappe.utils.telemetry.pulse.client.send_queued_events', 'sch..., method='frappe.core.doctype.scheduled_job_type.scheduled_job_type.run_scheduled_jo..., site='crm.localhost', user='Administrator') (crm.localhost||scheduled_job||pg24mac57d)
2026-02-16 02:32:06,537 Successfully completed frappe.utils.background_jobs.execute_job(event=None, is_async=True, job_name='frappe.core.doctype.scheduled_job_type.scheduled_job_type.run_scheduled_jo..., kwargs={'job_type': 'frappe.utils.telemetry.pulse.client.send_queued_events', 'sch..., method='frappe.core.doctype.scheduled_job_type.scheduled_job_type.run_scheduled_jo..., site='crm.localhost', user='Administrator') job in 0:00:00.591393s on worker fed08d5c7c1a4b77b3fa2f835486c3f9
2026-02-16 02:32:06,537 home-emlad-Developer-frappe-crm-f0rk-frappe-bench:default: Job OK (crm.localhost||scheduled_job||pg24mac57d)
2026-02-16 02:32:06,538 Result is kept for 600 seconds
2026-02-16 02:32:06,546 Worker fed08d5c7c1a4b77b3fa2f835486c3f9: cleaning registries for queue: home-emlad-Developer-frappe-crm-f0rk-frappe-bench:short
2026-02-16 02:32:06,548 Worker fed08d5c7c1a4b77b3fa2f835486c3f9: cleaning registries for queue: home-emlad-Developer-frappe-crm-f0rk-frappe-bench:default
2026-02-16 02:32:06,550 Worker fed08d5c7c1a4b77b3fa2f835486c3f9: cleaning registries for queue: home-emlad-Developer-frappe-crm-f0rk-frappe-bench:long
2026-02-16 02:32:06,554 home-emlad-Developer-frappe-crm-f0rk-frappe-bench:default: frappe.utils.background_jobs.execute_job(event=None, is_async=True, job_name='frappe.core.doctype.scheduled_job_type.scheduled_job_type.run_scheduled_jo..., kwargs={'job_type': 'frappe.integrations.doctype.google_calendar.google_calendar.s..., method='frappe.core.doctype.scheduled_job_type.scheduled_job_type.run_scheduled_jo..., site='crm.localhost', user='Administrator') (crm.localhost||scheduled_job||pg30un2n20)
2026-02-16 02:32:07,712 Successfully completed frappe.utils.background_jobs.execute_job(event=None, is_async=True, job_name='frappe.core.doctype.scheduled_job_type.scheduled_job_type.run_scheduled_jo..., kwargs={'job_type': 'frappe.integrations.doctype.google_calendar.google_calendar.s..., method='frappe.core.doctype.scheduled_job_type.scheduled_job_type.run_scheduled_jo..., site='crm.localhost', user='Administrator') job in 0:00:01.149110s on worker fed08d5c7c1a4b77b3fa2f835486c3f9
2026-02-16 02:32:07,713 home-emlad-Developer-frappe-crm-f0rk-frappe-bench:default: Job OK (crm.localhost||scheduled_job||pg30un2n20)
2026-02-16 02:32:07,713 Result is kept for 600 seconds
2026-02-16 02:32:07,724 home-emlad-Developer-frappe-crm-f0rk-frappe-bench:default: frappe.utils.background_jobs.execute_job(event=None, is_async=True, job_name='frappe.core.doctype.scheduled_job_type.scheduled_job_type.run_scheduled_jo..., kwargs={'job_type': 'frappe.automation.doctype.reminder.reminder.send_reminders', ..., method='frappe.core.doctype.scheduled_job_type.scheduled_job_type.run_scheduled_jo..., site='crm.localhost', user='Administrator') (crm.localhost||scheduled_job||pg2di96mq0)
2026-02-16 02:32:08,298 Successfully completed frappe.utils.background_jobs.execute_job(event=None, is_async=True, job_name='frappe.core.doctype.scheduled_job_type.scheduled_job_type.run_scheduled_jo..., kwargs={'job_type': 'frappe.automation.doctype.reminder.reminder.send_reminders', ..., method='frappe.core.doctype.scheduled_job_type.scheduled_job_type.run_scheduled_jo..., site='crm.localhost', user='Administrator') job in 0:00:00.563829s on worker fed08d5c7c1a4b77b3fa2f835486c3f9
2026-02-16 02:32:08,298 home-emlad-Developer-frappe-crm-f0rk-frappe-bench:default: Job OK (crm.localhost||scheduled_job||pg2di96mq0)
2026-02-16 02:32:08,298 Result is kept for 600 seconds
2026-02-16 02:32:08,308 home-emlad-Developer-frappe-crm-f0rk-frappe-bench:default: frappe.utils.background_jobs.execute_job(event=None, is_async=True, job_name='frappe.core.doctype.scheduled_job_type.scheduled_job_type.run_scheduled_jo..., kwargs={'job_type': 'crm.lead_syncing.background_sync.sync_leads_from_sources_5_mi..., method='frappe.core.doctype.scheduled_job_type.scheduled_job_type.run_scheduled_jo..., site='crm.localhost', user='Administrator') (crm.localhost||scheduled_job||pls5pj208u)
2026-02-16 02:32:08,933 Successfully completed frappe.utils.background_jobs.execute_job(event=None, is_async=True, job_name='frappe.core.doctype.scheduled_job_type.scheduled_job_type.run_scheduled_jo..., kwargs={'job_type': 'crm.lead_syncing.background_sync.sync_leads_from_sources_5_mi..., method='frappe.core.doctype.scheduled_job_type.scheduled_job_type.run_scheduled_jo..., site='crm.localhost', user='Administrator') job in 0:00:00.613741s on worker fed08d5c7c1a4b77b3fa2f835486c3f9
2026-02-16 02:32:08,933 home-emlad-Developer-frappe-crm-f0rk-frappe-bench:default: Job OK (crm.localhost||scheduled_job||pls5pj208u)
2026-02-16 02:32:08,933 Result is kept for 600 seconds
2026-02-16 02:32:08,944 home-emlad-Developer-frappe-crm-f0rk-frappe-bench:default: frappe.utils.background_jobs.execute_job(event=None, is_async=True, job_name='frappe.core.doctype.scheduled_job_type.scheduled_job_type.run_scheduled_jo..., kwargs={'job_type': 'frappe.email.doctype.email_account.email_account.notify_unrep..., method='frappe.core.doctype.scheduled_job_type.scheduled_job_type.run_scheduled_jo..., site='crm.localhost', user='Administrator') (crm.localhost||scheduled_job||pg275o944e)
2026-02-16 02:32:09,534 Successfully completed frappe.utils.background_jobs.execute_job(event=None, is_async=True, job_name='frappe.core.doctype.scheduled_job_type.scheduled_job_type.run_scheduled_jo..., kwargs={'job_type': 'frappe.email.doctype.email_account.email_account.notify_unrep..., method='frappe.core.doctype.scheduled_job_type.scheduled_job_type.run_scheduled_jo..., site='crm.localhost', user='Administrator') job in 0:00:00.579856s on worker fed08d5c7c1a4b77b3fa2f835486c3f9
2026-02-16 02:32:09,535 home-emlad-Developer-frappe-crm-f0rk-frappe-bench:default: Job OK (crm.localhost||scheduled_job||pg275o944e)
2026-02-16 02:32:09,535 Result is kept for 600 seconds
2026-02-16 02:32:09,544 home-emlad-Developer-frappe-crm-f0rk-frappe-bench:default: frappe.utils.background_jobs.execute_job(event=None, is_async=True, job_name='frappe.core.doctype.scheduled_job_type.scheduled_job_type.run_scheduled_jo..., kwargs={'job_type': 'frappe.email.doctype.notification.notification.trigger_offset..., method='frappe.core.doctype.scheduled_job_type.scheduled_job_type.run_scheduled_jo..., site='crm.localhost', user='Administrator') (crm.localhost||scheduled_job||pg2rdn0a7m)
2026-02-16 02:32:10,115 Successfully completed frappe.utils.background_jobs.execute_job(event=None, is_async=True, job_name='frappe.core.doctype.scheduled_job_type.scheduled_job_type.run_scheduled_jo..., kwargs={'job_type': 'frappe.email.doctype.notification.notification.trigger_offset..., method='frappe.core.doctype.scheduled_job_type.scheduled_job_type.run_scheduled_jo..., site='crm.localhost', user='Administrator') job in 0:00:00.561440s on worker fed08d5c7c1a4b77b3fa2f835486c3f9
2026-02-16 02:32:10,115 home-emlad-Developer-frappe-crm-f0rk-frappe-bench:default: Job OK (crm.localhost||scheduled_job||pg2rdn0a7m)
2026-02-16 02:32:10,115 Result is kept for 600 seconds
2026-02-16 02:32:10,125 home-emlad-Developer-frappe-crm-f0rk-frappe-bench:default: frappe.utils.background_jobs.execute_job(event=None, is_async=True, job_name='frappe.core.doctype.scheduled_job_type.scheduled_job_type.run_scheduled_jo..., kwargs={'job_type': 'frappe.deferred_insert.save_to_db', 'scheduled_job_type': 'pg..., method='frappe.core.doctype.scheduled_job_type.scheduled_job_type.run_scheduled_jo..., site='crm.localhost', user='Administrator') (crm.localhost||scheduled_job||pg2q1qv7pc)
2026-02-16 02:32:10,728 Successfully completed frappe.utils.background_jobs.execute_job(event=None, is_async=True, job_name='frappe.core.doctype.scheduled_job_type.scheduled_job_type.run_scheduled_jo..., kwargs={'job_type': 'frappe.deferred_insert.save_to_db', 'scheduled_job_type': 'pg..., method='frappe.core.doctype.scheduled_job_type.scheduled_job_type.run_scheduled_jo..., site='crm.localhost', user='Administrator') job in 0:00:00.592508s on worker fed08d5c7c1a4b77b3fa2f835486c3f9
2026-02-16 02:32:10,729 home-emlad-Developer-frappe-crm-f0rk-frappe-bench:default: Job OK (crm.localhost||scheduled_job||pg2q1qv7pc)
2026-02-16 02:32:10,729 Result is kept for 600 seconds
2026-02-16 02:32:10,738 home-emlad-Developer-frappe-crm-f0rk-frappe-bench:default: frappe.utils.background_jobs.execute_job(event=None, is_async=True, job_name='frappe.core.doctype.scheduled_job_type.scheduled_job_type.run_scheduled_jo..., kwargs={'job_type': 'frappe.model.utils.link_count.update_link_count', 'scheduled_..., method='frappe.core.doctype.scheduled_job_type.scheduled_job_type.run_scheduled_jo..., site='crm.localhost', user='Administrator') (crm.localhost||scheduled_job||pg23am6hc0)
2026-02-16 02:32:11,286 Successfully completed frappe.utils.background_jobs.execute_job(event=None, is_async=True, job_name='frappe.core.doctype.scheduled_job_type.scheduled_job_type.run_scheduled_jo..., kwargs={'job_type': 'frappe.model.utils.link_count.update_link_count', 'scheduled_..., method='frappe.core.doctype.scheduled_job_type.scheduled_job_type.run_scheduled_jo..., site='crm.localhost', user='Administrator') job in 0:00:00.539402s on worker fed08d5c7c1a4b77b3fa2f835486c3f9
2026-02-16 02:32:11,287 home-emlad-Developer-frappe-crm-f0rk-frappe-bench:default: Job OK (crm.localhost||scheduled_job||pg23am6hc0)
2026-02-16 02:32:11,287 Result is kept for 600 seconds
2026-02-16 02:32:11,295 home-emlad-Developer-frappe-crm-f0rk-frappe-bench:default: frappe.utils.background_jobs.execute_job(event=None, is_async=True, job_name='frappe.core.doctype.scheduled_job_type.scheduled_job_type.run_scheduled_jo..., kwargs={'job_type': 'frappe.monitor.flush', 'scheduled_job_type': 'pg3o4gee9k'}, method='frappe.core.doctype.scheduled_job_type.scheduled_job_type.run_scheduled_jo..., site='crm.localhost', user='Administrator') (crm.localhost||scheduled_job||pg3o4gee9k)
2026-02-16 02:32:11,860 Successfully completed frappe.utils.background_jobs.execute_job(event=None, is_async=True, job_name='frappe.core.doctype.scheduled_job_type.scheduled_job_type.run_scheduled_jo..., kwargs={'job_type': 'frappe.monitor.flush', 'scheduled_job_type': 'pg3o4gee9k'}, method='frappe.core.doctype.scheduled_job_type.scheduled_job_type.run_scheduled_jo..., site='crm.localhost', user='Administrator') job in 0:00:00.555322s on worker fed08d5c7c1a4b77b3fa2f835486c3f9
2026-02-16 02:32:11,860 home-emlad-Developer-frappe-crm-f0rk-frappe-bench:default: Job OK (crm.localhost||scheduled_job||pg3o4gee9k)
2026-02-16 02:32:11,860 Result is kept for 600 seconds
2026-02-16 02:32:11,870 home-emlad-Developer-frappe-crm-f0rk-frappe-bench:default: frappe.utils.background_jobs.execute_job(event=None, is_async=True, job_name='frappe.core.doctype.scheduled_job_type.scheduled_job_type.run_scheduled_jo..., kwargs={'job_type': 'frappe.email.queue.retry_sending_emails', 'scheduled_job_type..., method='frappe.core.doctype.scheduled_job_type.scheduled_job_type.run_scheduled_jo..., site='crm.localhost', user='Administrator') (crm.localhost||scheduled_job||pg3g2vc4ac)
2026-02-16 02:32:12,436 Successfully completed frappe.utils.background_jobs.execute_job(event=None, is_async=True, job_name='frappe.core.doctype.scheduled_job_type.scheduled_job_type.run_scheduled_jo..., kwargs={'job_type': 'frappe.email.queue.retry_sending_emails', 'scheduled_job_type..., method='frappe.core.doctype.scheduled_job_type.scheduled_job_type.run_scheduled_jo..., site='crm.localhost', user='Administrator') job in 0:00:00.556929s on worker fed08d5c7c1a4b77b3fa2f835486c3f9
2026-02-16 02:32:12,436 home-emlad-Developer-frappe-crm-f0rk-frappe-bench:default: Job OK (crm.localhost||scheduled_job||pg3g2vc4ac)
2026-02-16 02:32:12,436 Result is kept for 600 seconds
2026-02-16 02:32:12,445 home-emlad-Developer-frappe-crm-f0rk-frappe-bench:default: frappe.utils.background_jobs.execute_job(event=None, is_async=True, job_name='frappe.core.doctype.scheduled_job_type.scheduled_job_type.run_scheduled_jo..., kwargs={'job_type': 'crm.lead_syncing.background_sync.sync_leads_from_sources_10_m..., method='frappe.core.doctype.scheduled_job_type.scheduled_job_type.run_scheduled_jo..., site='crm.localhost', user='Administrator') (crm.localhost||scheduled_job||pls9mga06a)
2026-02-16 02:32:13,010 Successfully completed frappe.utils.background_jobs.execute_job(event=None, is_async=True, job_name='frappe.core.doctype.scheduled_job_type.scheduled_job_type.run_scheduled_jo..., kwargs={'job_type': 'crm.lead_syncing.background_sync.sync_leads_from_sources_10_m..., method='frappe.core.doctype.scheduled_job_type.scheduled_job_type.run_scheduled_jo..., site='crm.localhost', user='Administrator') job in 0:00:00.554720s on worker fed08d5c7c1a4b77b3fa2f835486c3f9
2026-02-16 02:32:13,010 home-emlad-Developer-frappe-crm-f0rk-frappe-bench:default: Job OK (crm.localhost||scheduled_job||pls9mga06a)
2026-02-16 02:32:13,010 Result is kept for 600 seconds
2026-02-16 02:32:13,020 home-emlad-Developer-frappe-crm-f0rk-frappe-bench:default: frappe.utils.background_jobs.execute_job(event=None, is_async=True, job_name='frappe.core.doctype.scheduled_job_type.scheduled_job_type.run_scheduled_jo..., kwargs={'job_type': 'frappe.email.queue.flush', 'scheduled_job_type': 'pg361ihd8h'..., method='frappe.core.doctype.scheduled_job_type.scheduled_job_type.run_scheduled_jo..., site='crm.localhost', user='Administrator') (crm.localhost||scheduled_job||pg361ihd8h)
2026-02-16 02:32:13,589 Successfully completed frappe.utils.background_jobs.execute_job(event=None, is_async=True, job_name='frappe.core.doctype.scheduled_job_type.scheduled_job_type.run_scheduled_jo..., kwargs={'job_type': 'frappe.email.queue.flush', 'scheduled_job_type': 'pg361ihd8h'..., method='frappe.core.doctype.scheduled_job_type.scheduled_job_type.run_scheduled_jo..., site='crm.localhost', user='Administrator') job in 0:00:00.558911s on worker fed08d5c7c1a4b77b3fa2f835486c3f9
2026-02-16 02:32:13,589 home-emlad-Developer-frappe-crm-f0rk-frappe-bench:default: Job OK (crm.localhost||scheduled_job||pg361ihd8h)
2026-02-16 02:32:13,589 Result is kept for 600 seconds
2026-02-16 02:32:13,599 home-emlad-Developer-frappe-crm-f0rk-frappe-bench:default: frappe.utils.background_jobs.execute_job(event=None, is_async=True, job_name='frappe.core.doctype.scheduled_job_type.scheduled_job_type.run_scheduled_jo..., kwargs={'job_type': 'crm.lead_syncing.background_sync.sync_leads_from_sources_15_m..., method='frappe.core.doctype.scheduled_job_type.scheduled_job_type.run_scheduled_jo..., site='crm.localhost', user='Administrator') (crm.localhost||scheduled_job||plsnn00b5f)
2026-02-16 02:32:14,156 Successfully completed frappe.utils.background_jobs.execute_job(event=None, is_async=True, job_name='frappe.core.doctype.scheduled_job_type.scheduled_job_type.run_scheduled_jo..., kwargs={'job_type': 'crm.lead_syncing.background_sync.sync_leads_from_sources_15_m..., method='frappe.core.doctype.scheduled_job_type.scheduled_job_type.run_scheduled_jo..., site='crm.localhost', user='Administrator') job in 0:00:00.547895s on worker fed08d5c7c1a4b77b3fa2f835486c3f9
2026-02-16 02:32:14,157 home-emlad-Developer-frappe-crm-f0rk-frappe-bench:default: Job OK (crm.localhost||scheduled_job||plsnn00b5f)
2026-02-16 02:32:14,157 Result is kept for 600 seconds
2026-02-16 02:32:14,166 home-emlad-Developer-frappe-crm-f0rk-frappe-bench:default: frappe.utils.background_jobs.execute_job(event=None, is_async=True, job_name='frappe.core.doctype.scheduled_job_type.scheduled_job_type.run_scheduled_jo..., kwargs={'job_type': 'frappe.email.doctype.email_account.email_account.pull', 'sche..., method='frappe.core.doctype.scheduled_job_type.scheduled_job_type.run_scheduled_jo..., site='crm.localhost', user='Administrator') (crm.localhost||scheduled_job||pg29ic6u7t)
2026-02-16 02:32:14,797 Successfully completed frappe.utils.background_jobs.execute_job(event=None, is_async=True, job_name='frappe.core.doctype.scheduled_job_type.scheduled_job_type.run_scheduled_jo..., kwargs={'job_type': 'frappe.email.doctype.email_account.email_account.pull', 'sche..., method='frappe.core.doctype.scheduled_job_type.scheduled_job_type.run_scheduled_jo..., site='crm.localhost', user='Administrator') job in 0:00:00.619949s on worker fed08d5c7c1a4b77b3fa2f835486c3f9
2026-02-16 02:32:14,797 home-emlad-Developer-frappe-crm-f0rk-frappe-bench:default: Job OK (crm.localhost||scheduled_job||pg29ic6u7t)
2026-02-16 02:32:14,797 Result is kept for 600 seconds
2026-02-16 02:32:14,808 home-emlad-Developer-frappe-crm-f0rk-frappe-bench:default: frappe.utils.background_jobs.execute_job(event=None, is_async=True, job_name='frappe.core.doctype.scheduled_job_type.scheduled_job_type.run_scheduled_jo..., kwargs={'job_type': 'frappe.utils.global_search.sync_global_search', 'scheduled_jo..., method='frappe.core.doctype.scheduled_job_type.scheduled_job_type.run_scheduled_jo..., site='crm.localhost', user='Administrator') (crm.localhost||scheduled_job||pg2gfj56rp)
2026-02-16 02:32:15,382 Successfully completed frappe.utils.background_jobs.execute_job(event=None, is_async=True, job_name='frappe.core.doctype.scheduled_job_type.scheduled_job_type.run_scheduled_jo..., kwargs={'job_type': 'frappe.utils.global_search.sync_global_search', 'scheduled_jo..., method='frappe.core.doctype.scheduled_job_type.scheduled_job_type.run_scheduled_jo..., site='crm.localhost', user='Administrator') job in 0:00:00.563363s on worker fed08d5c7c1a4b77b3fa2f835486c3f9
2026-02-16 02:32:15,383 home-emlad-Developer-frappe-crm-f0rk-frappe-bench:default: Job OK (crm.localhost||scheduled_job||pg2gfj56rp)
2026-02-16 02:32:15,383 Result is kept for 600 seconds
2026-02-16 02:36:05,344 home-emlad-Developer-frappe-crm-f0rk-frappe-bench:default: frappe.utils.background_jobs.execute_job(event=None, is_async=True, job_name='frappe.core.doctype.scheduled_job_type.scheduled_job_type.run_scheduled_jo..., kwargs={'job_type': 'frappe.email.queue.flush', 'scheduled_job_type': 'pg361ihd8h'..., method='frappe.core.doctype.scheduled_job_type.scheduled_job_type.run_scheduled_jo..., site='crm.localhost', user='Administrator') (crm.localhost||scheduled_job||pg361ihd8h)
2026-02-16 02:36:06,009 Successfully completed frappe.utils.background_jobs.execute_job(event=None, is_async=True, job_name='frappe.core.doctype.scheduled_job_type.scheduled_job_type.run_scheduled_jo..., kwargs={'job_type': 'frappe.email.queue.flush', 'scheduled_job_type': 'pg361ihd8h'..., method='frappe.core.doctype.scheduled_job_type.scheduled_job_type.run_scheduled_jo..., site='crm.localhost', user='Administrator') job in 0:00:00.650180s on worker fed08d5c7c1a4b77b3fa2f835486c3f9
2026-02-16 02:36:06,009 home-emlad-Developer-frappe-crm-f0rk-frappe-bench:default: Job OK (crm.localhost||scheduled_job||pg361ihd8h)
2026-02-16 02:36:06,010 Result is kept for 600 seconds
2026-02-16 02:36:06,019 home-emlad-Developer-frappe-crm-f0rk-frappe-bench:default: frappe.utils.background_jobs.execute_job(event=None, is_async=True, job_name='frappe.core.doctype.scheduled_job_type.scheduled_job_type.run_scheduled_jo..., kwargs={'job_type': 'frappe.email.queue.retry_sending_emails', 'scheduled_job_type..., method='frappe.core.doctype.scheduled_job_type.scheduled_job_type.run_scheduled_jo..., site='crm.localhost', user='Administrator') (crm.localhost||scheduled_job||pg3g2vc4ac)
2026-02-16 02:36:06,733 Successfully completed frappe.utils.background_jobs.execute_job(event=None, is_async=True, job_name='frappe.core.doctype.scheduled_job_type.scheduled_job_type.run_scheduled_jo..., kwargs={'job_type': 'frappe.email.queue.retry_sending_emails', 'scheduled_job_type..., method='frappe.core.doctype.scheduled_job_type.scheduled_job_type.run_scheduled_jo..., site='crm.localhost', user='Administrator') job in 0:00:00.703939s on worker fed08d5c7c1a4b77b3fa2f835486c3f9
2026-02-16 02:36:06,734 home-emlad-Developer-frappe-crm-f0rk-frappe-bench:default: Job OK (crm.localhost||scheduled_job||pg3g2vc4ac)
2026-02-16 02:36:06,735 Result is kept for 600 seconds
2026-02-16 02:36:06,744 home-emlad-Developer-frappe-crm-f0rk-frappe-bench:default: frappe.utils.background_jobs.execute_job(event=None, is_async=True, job_name='frappe.core.doctype.scheduled_job_type.scheduled_job_type.run_scheduled_jo..., kwargs={'job_type': 'frappe.integrations.doctype.google_calendar.google_calendar.s..., method='frappe.core.doctype.scheduled_job_type.scheduled_job_type.run_scheduled_jo..., site='crm.localhost', user='Administrator') (crm.localhost||scheduled_job||pg30un2n20)
2026-02-16 02:36:08,084 Successfully completed frappe.utils.background_jobs.execute_job(event=None, is_async=True, job_name='frappe.core.doctype.scheduled_job_type.scheduled_job_type.run_scheduled_jo..., kwargs={'job_type': 'frappe.integrations.doctype.google_calendar.google_calendar.s..., method='frappe.core.doctype.scheduled_job_type.scheduled_job_type.run_scheduled_jo..., site='crm.localhost', user='Administrator') job in 0:00:01.326538s on worker fed08d5c7c1a4b77b3fa2f835486c3f9
2026-02-16 02:36:08,084 home-emlad-Developer-frappe-crm-f0rk-frappe-bench:default: Job OK (crm.localhost||scheduled_job||pg30un2n20)
2026-02-16 02:36:08,084 Result is kept for 600 seconds
2026-02-16 02:36:08,095 home-emlad-Developer-frappe-crm-f0rk-frappe-bench:default: frappe.utils.background_jobs.execute_job(event=None, is_async=True, job_name='frappe.core.doctype.scheduled_job_type.scheduled_job_type.run_scheduled_jo..., kwargs={'job_type': 'frappe.email.doctype.notification.notification.trigger_offset..., method='frappe.core.doctype.scheduled_job_type.scheduled_job_type.run_scheduled_jo..., site='crm.localhost', user='Administrator') (crm.localhost||scheduled_job||pg2rdn0a7m)
2026-02-16 02:36:08,639 Successfully completed frappe.utils.background_jobs.execute_job(event=None, is_async=True, job_name='frappe.core.doctype.scheduled_job_type.scheduled_job_type.run_scheduled_jo..., kwargs={'job_type': 'frappe.email.doctype.notification.notification.trigger_offset..., method='frappe.core.doctype.scheduled_job_type.scheduled_job_type.run_scheduled_jo..., site='crm.localhost', user='Administrator') job in 0:00:00.534438s on worker fed08d5c7c1a4b77b3fa2f835486c3f9
2026-02-16 02:36:08,639 home-emlad-Developer-frappe-crm-f0rk-frappe-bench:default: Job OK (crm.localhost||scheduled_job||pg2rdn0a7m)
2026-02-16 02:36:08,639 Result is kept for 600 seconds
2026-02-16 02:36:08,648 home-emlad-Developer-frappe-crm-f0rk-frappe-bench:default: frappe.utils.background_jobs.execute_job(event=None, is_async=True, job_name='frappe.core.doctype.scheduled_job_type.scheduled_job_type.run_scheduled_jo..., kwargs={'job_type': 'crm.lead_syncing.background_sync.sync_leads_from_sources_5_mi..., method='frappe.core.doctype.scheduled_job_type.scheduled_job_type.run_scheduled_jo..., site='crm.localhost', user='Administrator') (crm.localhost||scheduled_job||pls5pj208u)
2026-02-16 02:36:09,225 Successfully completed frappe.utils.background_jobs.execute_job(event=None, is_async=True, job_name='frappe.core.doctype.scheduled_job_type.scheduled_job_type.run_scheduled_jo..., kwargs={'job_type': 'crm.lead_syncing.background_sync.sync_leads_from_sources_5_mi..., method='frappe.core.doctype.scheduled_job_type.scheduled_job_type.run_scheduled_jo..., site='crm.localhost', user='Administrator') job in 0:00:00.565466s on worker fed08d5c7c1a4b77b3fa2f835486c3f9
2026-02-16 02:36:09,226 home-emlad-Developer-frappe-crm-f0rk-frappe-bench:default: Job OK (crm.localhost||scheduled_job||pls5pj208u)
2026-02-16 02:36:09,226 Result is kept for 600 seconds
2026-02-16 02:36:09,234 home-emlad-Developer-frappe-crm-f0rk-frappe-bench:default: frappe.utils.background_jobs.execute_job(event=None, is_async=True, job_name='frappe.core.doctype.scheduled_job_type.scheduled_job_type.run_scheduled_jo..., kwargs={'job_type': 'frappe.monitor.flush', 'scheduled_job_type': 'pg3o4gee9k'}, method='frappe.core.doctype.scheduled_job_type.scheduled_job_type.run_scheduled_jo..., site='crm.localhost', user='Administrator') (crm.localhost||scheduled_job||pg3o4gee9k)
2026-02-16 02:36:09,787 Successfully completed frappe.utils.background_jobs.execute_job(event=None, is_async=True, job_name='frappe.core.doctype.scheduled_job_type.scheduled_job_type.run_scheduled_jo..., kwargs={'job_type': 'frappe.monitor.flush', 'scheduled_job_type': 'pg3o4gee9k'}, method='frappe.core.doctype.scheduled_job_type.scheduled_job_type.run_scheduled_jo..., site='crm.localhost', user='Administrator') job in 0:00:00.542224s on worker fed08d5c7c1a4b77b3fa2f835486c3f9
2026-02-16 02:36:09,787 home-emlad-Developer-frappe-crm-f0rk-frappe-bench:default: Job OK (crm.localhost||scheduled_job||pg3o4gee9k)
2026-02-16 02:36:09,787 Result is kept for 600 seconds
2026-02-16 02:40:03,887 home-emlad-Developer-frappe-crm-f0rk-frappe-bench:default: frappe.utils.background_jobs.execute_job(event=None, is_async=True, job_name='frappe.core.doctype.scheduled_job_type.scheduled_job_type.run_scheduled_jo..., kwargs={'job_type': 'crm.lead_syncing.background_sync.sync_leads_from_sources_10_m..., method='frappe.core.doctype.scheduled_job_type.scheduled_job_type.run_scheduled_jo..., site='crm.localhost', user='Administrator') (crm.localhost||scheduled_job||pls9mga06a)
2026-02-16 02:40:04,583 Successfully completed frappe.utils.background_jobs.execute_job(event=None, is_async=True, job_name='frappe.core.doctype.scheduled_job_type.scheduled_job_type.run_scheduled_jo..., kwargs={'job_type': 'crm.lead_syncing.background_sync.sync_leads_from_sources_10_m..., method='frappe.core.doctype.scheduled_job_type.scheduled_job_type.run_scheduled_jo..., site='crm.localhost', user='Administrator') job in 0:00:00.678737s on worker fed08d5c7c1a4b77b3fa2f835486c3f9
2026-02-16 02:40:04,584 home-emlad-Developer-frappe-crm-f0rk-frappe-bench:default: Job OK (crm.localhost||scheduled_job||pls9mga06a)
2026-02-16 02:40:04,584 Result is kept for 600 seconds
2026-02-16 02:40:04,596 home-emlad-Developer-frappe-crm-f0rk-frappe-bench:default: frappe.utils.background_jobs.execute_job(event=None, is_async=True, job_name='frappe.core.doctype.scheduled_job_type.scheduled_job_type.run_scheduled_jo..., kwargs={'job_type': 'frappe.email.queue.retry_sending_emails', 'scheduled_job_type..., method='frappe.core.doctype.scheduled_job_type.scheduled_job_type.run_scheduled_jo..., site='crm.localhost', user='Administrator') (crm.localhost||scheduled_job||pg3g2vc4ac)
2026-02-16 02:40:05,265 Successfully completed frappe.utils.background_jobs.execute_job(event=None, is_async=True, job_name='frappe.core.doctype.scheduled_job_type.scheduled_job_type.run_scheduled_jo..., kwargs={'job_type': 'frappe.email.queue.retry_sending_emails', 'scheduled_job_type..., method='frappe.core.doctype.scheduled_job_type.scheduled_job_type.run_scheduled_jo..., site='crm.localhost', user='Administrator') job in 0:00:00.656579s on worker fed08d5c7c1a4b77b3fa2f835486c3f9
2026-02-16 02:40:05,265 home-emlad-Developer-frappe-crm-f0rk-frappe-bench:default: Job OK (crm.localhost||scheduled_job||pg3g2vc4ac)
2026-02-16 02:40:05,266 Result is kept for 600 seconds
2026-02-16 02:40:05,275 home-emlad-Developer-frappe-crm-f0rk-frappe-bench:default: frappe.utils.background_jobs.execute_job(event=None, is_async=True, job_name='frappe.core.doctype.scheduled_job_type.scheduled_job_type.run_scheduled_jo..., kwargs={'job_type': 'frappe.email.doctype.email_account.email_account.pull', 'sche..., method='frappe.core.doctype.scheduled_job_type.scheduled_job_type.run_scheduled_jo..., site='crm.localhost', user='Administrator') (crm.localhost||scheduled_job||pg29ic6u7t)
2026-02-16 02:40:05,998 Successfully completed frappe.utils.background_jobs.execute_job(event=None, is_async=True, job_name='frappe.core.doctype.scheduled_job_type.scheduled_job_type.run_scheduled_jo..., kwargs={'job_type': 'frappe.email.doctype.email_account.email_account.pull', 'sche..., method='frappe.core.doctype.scheduled_job_type.scheduled_job_type.run_scheduled_jo..., site='crm.localhost', user='Administrator') job in 0:00:00.714041s on worker fed08d5c7c1a4b77b3fa2f835486c3f9
2026-02-16 02:40:05,999 home-emlad-Developer-frappe-crm-f0rk-frappe-bench:default: Job OK (crm.localhost||scheduled_job||pg29ic6u7t)
2026-02-16 02:40:05,999 Result is kept for 600 seconds
2026-02-16 02:40:06,011 home-emlad-Developer-frappe-crm-f0rk-frappe-bench:default: frappe.utils.background_jobs.execute_job(event=None, is_async=True, job_name='frappe.core.doctype.scheduled_job_type.scheduled_job_type.run_scheduled_jo..., kwargs={'job_type': 'frappe.monitor.flush', 'scheduled_job_type': 'pg3o4gee9k'}, method='frappe.core.doctype.scheduled_job_type.scheduled_job_type.run_scheduled_jo..., site='crm.localhost', user='Administrator') (crm.localhost||scheduled_job||pg3o4gee9k)
2026-02-16 02:40:06,733 Successfully completed frappe.utils.background_jobs.execute_job(event=None, is_async=True, job_name='frappe.core.doctype.scheduled_job_type.scheduled_job_type.run_scheduled_jo..., kwargs={'job_type': 'frappe.monitor.flush', 'scheduled_job_type': 'pg3o4gee9k'}, method='frappe.core.doctype.scheduled_job_type.scheduled_job_type.run_scheduled_jo..., site='crm.localhost', user='Administrator') job in 0:00:00.704905s on worker fed08d5c7c1a4b77b3fa2f835486c3f9
2026-02-16 02:40:06,734 home-emlad-Developer-frappe-crm-f0rk-frappe-bench:default: Job OK (crm.localhost||scheduled_job||pg3o4gee9k)
2026-02-16 02:40:06,734 Result is kept for 600 seconds
2026-02-16 02:40:06,747 home-emlad-Developer-frappe-crm-f0rk-frappe-bench:default: frappe.utils.background_jobs.execute_job(event=None, is_async=True, job_name='frappe.core.doctype.scheduled_job_type.scheduled_job_type.run_scheduled_jo..., kwargs={'job_type': 'frappe.email.queue.flush', 'scheduled_job_type': 'pg361ihd8h'..., method='frappe.core.doctype.scheduled_job_type.scheduled_job_type.run_scheduled_jo..., site='crm.localhost', user='Administrator') (crm.localhost||scheduled_job||pg361ihd8h)
2026-02-16 02:40:07,515 Successfully completed frappe.utils.background_jobs.execute_job(event=None, is_async=True, job_name='frappe.core.doctype.scheduled_job_type.scheduled_job_type.run_scheduled_jo..., kwargs={'job_type': 'frappe.email.queue.flush', 'scheduled_job_type': 'pg361ihd8h'..., method='frappe.core.doctype.scheduled_job_type.scheduled_job_type.run_scheduled_jo..., site='crm.localhost', user='Administrator') job in 0:00:00.752193s on worker fed08d5c7c1a4b77b3fa2f835486c3f9
2026-02-16 02:40:07,516 home-emlad-Developer-frappe-crm-f0rk-frappe-bench:default: Job OK (crm.localhost||scheduled_job||pg361ihd8h)
2026-02-16 02:40:07,516 Result is kept for 600 seconds
2026-02-16 02:40:07,537 home-emlad-Developer-frappe-crm-f0rk-frappe-bench:default: frappe.utils.background_jobs.execute_job(event=None, is_async=True, job_name='frappe.core.doctype.scheduled_job_type.scheduled_job_type.run_scheduled_jo..., kwargs={'job_type': 'frappe.email.doctype.notification.notification.trigger_offset..., method='frappe.core.doctype.scheduled_job_type.scheduled_job_type.run_scheduled_jo..., site='crm.localhost', user='Administrator') (crm.localhost||scheduled_job||pg2rdn0a7m)
2026-02-16 02:40:08,201 Successfully completed frappe.utils.background_jobs.execute_job(event=None, is_async=True, job_name='frappe.core.doctype.scheduled_job_type.scheduled_job_type.run_scheduled_jo..., kwargs={'job_type': 'frappe.email.doctype.notification.notification.trigger_offset..., method='frappe.core.doctype.scheduled_job_type.scheduled_job_type.run_scheduled_jo..., site='crm.localhost', user='Administrator') job in 0:00:00.649446s on worker fed08d5c7c1a4b77b3fa2f835486c3f9
2026-02-16 02:40:08,201 home-emlad-Developer-frappe-crm-f0rk-frappe-bench:default: Job OK (crm.localhost||scheduled_job||pg2rdn0a7m)
2026-02-16 02:40:08,201 Result is kept for 600 seconds
2026-02-16 02:40:08,212 home-emlad-Developer-frappe-crm-f0rk-frappe-bench:default: frappe.utils.background_jobs.execute_job(event=None, is_async=True, job_name='frappe.core.doctype.scheduled_job_type.scheduled_job_type.run_scheduled_jo..., kwargs={'job_type': 'frappe.integrations.doctype.google_calendar.google_calendar.s..., method='frappe.core.doctype.scheduled_job_type.scheduled_job_type.run_scheduled_jo..., site='crm.localhost', user='Administrator') (crm.localhost||scheduled_job||pg30un2n20)
2026-02-16 02:40:09,448 Successfully completed frappe.utils.background_jobs.execute_job(event=None, is_async=True, job_name='frappe.core.doctype.scheduled_job_type.scheduled_job_type.run_scheduled_jo..., kwargs={'job_type': 'frappe.integrations.doctype.google_calendar.google_calendar.s..., method='frappe.core.doctype.scheduled_job_type.scheduled_job_type.run_scheduled_jo..., site='crm.localhost', user='Administrator') job in 0:00:01.227015s on worker fed08d5c7c1a4b77b3fa2f835486c3f9
2026-02-16 02:40:09,449 home-emlad-Developer-frappe-crm-f0rk-frappe-bench:default: Job OK (crm.localhost||scheduled_job||pg30un2n20)
2026-02-16 02:40:09,449 Result is kept for 600 seconds
2026-02-16 02:40:09,461 home-emlad-Developer-frappe-crm-f0rk-frappe-bench:default: frappe.utils.background_jobs.execute_job(event=None, is_async=True, job_name='frappe.core.doctype.scheduled_job_type.scheduled_job_type.run_scheduled_jo..., kwargs={'job_type': 'crm.lead_syncing.background_sync.sync_leads_from_sources_5_mi..., method='frappe.core.doctype.scheduled_job_type.scheduled_job_type.run_scheduled_jo..., site='crm.localhost', user='Administrator') (crm.localhost||scheduled_job||pls5pj208u)
2026-02-16 02:40:10,055 Successfully completed frappe.utils.background_jobs.execute_job(event=None, is_async=True, job_name='frappe.core.doctype.scheduled_job_type.scheduled_job_type.run_scheduled_jo..., kwargs={'job_type': 'crm.lead_syncing.background_sync.sync_leads_from_sources_5_mi..., method='frappe.core.doctype.scheduled_job_type.scheduled_job_type.run_scheduled_jo..., site='crm.localhost', user='Administrator') job in 0:00:00.581919s on worker fed08d5c7c1a4b77b3fa2f835486c3f9
2026-02-16 02:40:10,056 home-emlad-Developer-frappe-crm-f0rk-frappe-bench:default: Job OK (crm.localhost||scheduled_job||pls5pj208u)
2026-02-16 02:40:10,056 Result is kept for 600 seconds
2026-02-16 02:44:05,281 home-emlad-Developer-frappe-crm-f0rk-frappe-bench:default: frappe.utils.background_jobs.execute_job(event=None, is_async=True, job_name='frappe.core.doctype.scheduled_job_type.scheduled_job_type.run_scheduled_jo..., kwargs={'job_type': 'frappe.email.queue.retry_sending_emails', 'scheduled_job_type..., method='frappe.core.doctype.scheduled_job_type.scheduled_job_type.run_scheduled_jo..., site='crm.localhost', user='Administrator') (crm.localhost||scheduled_job||pg3g2vc4ac)
2026-02-16 02:44:05,950 Successfully completed frappe.utils.background_jobs.execute_job(event=None, is_async=True, job_name='frappe.core.doctype.scheduled_job_type.scheduled_job_type.run_scheduled_jo..., kwargs={'job_type': 'frappe.email.queue.retry_sending_emails', 'scheduled_job_type..., method='frappe.core.doctype.scheduled_job_type.scheduled_job_type.run_scheduled_jo..., site='crm.localhost', user='Administrator') job in 0:00:00.655920s on worker fed08d5c7c1a4b77b3fa2f835486c3f9
2026-02-16 02:44:05,950 home-emlad-Developer-frappe-crm-f0rk-frappe-bench:default: Job OK (crm.localhost||scheduled_job||pg3g2vc4ac)
2026-02-16 02:44:05,950 Result is kept for 600 seconds
2026-02-16 02:44:05,959 Worker fed08d5c7c1a4b77b3fa2f835486c3f9: cleaning registries for queue: home-emlad-Developer-frappe-crm-f0rk-frappe-bench:short
2026-02-16 02:44:05,961 Worker fed08d5c7c1a4b77b3fa2f835486c3f9: cleaning registries for queue: home-emlad-Developer-frappe-crm-f0rk-frappe-bench:default
2026-02-16 02:44:05,963 Worker fed08d5c7c1a4b77b3fa2f835486c3f9: cleaning registries for queue: home-emlad-Developer-frappe-crm-f0rk-frappe-bench:long
2026-02-16 02:44:05,966 home-emlad-Developer-frappe-crm-f0rk-frappe-bench:default: frappe.utils.background_jobs.execute_job(event=None, is_async=True, job_name='frappe.core.doctype.scheduled_job_type.scheduled_job_type.run_scheduled_jo..., kwargs={'job_type': 'frappe.integrations.doctype.google_calendar.google_calendar.s..., method='frappe.core.doctype.scheduled_job_type.scheduled_job_type.run_scheduled_jo..., site='crm.localhost', user='Administrator') (crm.localhost||scheduled_job||pg30un2n20)
2026-02-16 02:44:07,164 Successfully completed frappe.utils.background_jobs.execute_job(event=None, is_async=True, job_name='frappe.core.doctype.scheduled_job_type.scheduled_job_type.run_scheduled_jo..., kwargs={'job_type': 'frappe.integrations.doctype.google_calendar.google_calendar.s..., method='frappe.core.doctype.scheduled_job_type.scheduled_job_type.run_scheduled_jo..., site='crm.localhost', user='Administrator') job in 0:00:01.188347s on worker fed08d5c7c1a4b77b3fa2f835486c3f9
2026-02-16 02:44:07,165 home-emlad-Developer-frappe-crm-f0rk-frappe-bench:default: Job OK (crm.localhost||scheduled_job||pg30un2n20)
2026-02-16 02:44:07,165 Result is kept for 600 seconds
2026-02-16 02:44:07,176 home-emlad-Developer-frappe-crm-f0rk-frappe-bench:default: frappe.utils.background_jobs.execute_job(event=None, is_async=True, job_name='frappe.core.doctype.scheduled_job_type.scheduled_job_type.run_scheduled_jo..., kwargs={'job_type': 'frappe.email.queue.flush', 'scheduled_job_type': 'pg361ihd8h'..., method='frappe.core.doctype.scheduled_job_type.scheduled_job_type.run_scheduled_jo..., site='crm.localhost', user='Administrator') (crm.localhost||scheduled_job||pg361ihd8h)
2026-02-16 02:44:07,807 Successfully completed frappe.utils.background_jobs.execute_job(event=None, is_async=True, job_name='frappe.core.doctype.scheduled_job_type.scheduled_job_type.run_scheduled_jo..., kwargs={'job_type': 'frappe.email.queue.flush', 'scheduled_job_type': 'pg361ihd8h'..., method='frappe.core.doctype.scheduled_job_type.scheduled_job_type.run_scheduled_jo..., site='crm.localhost', user='Administrator') job in 0:00:00.616692s on worker fed08d5c7c1a4b77b3fa2f835486c3f9
2026-02-16 02:44:07,807 home-emlad-Developer-frappe-crm-f0rk-frappe-bench:default: Job OK (crm.localhost||scheduled_job||pg361ihd8h)
2026-02-16 02:44:07,807 Result is kept for 600 seconds
2026-02-16 02:44:07,818 home-emlad-Developer-frappe-crm-f0rk-frappe-bench:default: frappe.utils.background_jobs.execute_job(event=None, is_async=True, job_name='frappe.core.doctype.scheduled_job_type.scheduled_job_type.run_scheduled_jo..., kwargs={'job_type': 'frappe.monitor.flush', 'scheduled_job_type': 'pg3o4gee9k'}, method='frappe.core.doctype.scheduled_job_type.scheduled_job_type.run_scheduled_jo..., site='crm.localhost', user='Administrator') (crm.localhost||scheduled_job||pg3o4gee9k)
2026-02-16 02:44:08,374 Successfully completed frappe.utils.background_jobs.execute_job(event=None, is_async=True, job_name='frappe.core.doctype.scheduled_job_type.scheduled_job_type.run_scheduled_jo..., kwargs={'job_type': 'frappe.monitor.flush', 'scheduled_job_type': 'pg3o4gee9k'}, method='frappe.core.doctype.scheduled_job_type.scheduled_job_type.run_scheduled_jo..., site='crm.localhost', user='Administrator') job in 0:00:00.546630s on worker fed08d5c7c1a4b77b3fa2f835486c3f9
2026-02-16 02:44:08,375 home-emlad-Developer-frappe-crm-f0rk-frappe-bench:default: Job OK (crm.localhost||scheduled_job||pg3o4gee9k)
2026-02-16 02:44:08,375 Result is kept for 600 seconds
2026-02-16 02:48:05,479 home-emlad-Developer-frappe-crm-f0rk-frappe-bench:default: frappe.utils.background_jobs.execute_job(event=None, is_async=True, job_name='frappe.core.doctype.scheduled_job_type.scheduled_job_type.run_scheduled_jo..., kwargs={'job_type': 'frappe.monitor.flush', 'scheduled_job_type': 'pg3o4gee9k'}, method='frappe.core.doctype.scheduled_job_type.scheduled_job_type.run_scheduled_jo..., site='crm.localhost', user='Administrator') (crm.localhost||scheduled_job||pg3o4gee9k)
2026-02-16 02:48:06,135 Successfully completed frappe.utils.background_jobs.execute_job(event=None, is_async=True, job_name='frappe.core.doctype.scheduled_job_type.scheduled_job_type.run_scheduled_jo..., kwargs={'job_type': 'frappe.monitor.flush', 'scheduled_job_type': 'pg3o4gee9k'}, method='frappe.core.doctype.scheduled_job_type.scheduled_job_type.run_scheduled_jo..., site='crm.localhost', user='Administrator') job in 0:00:00.640506s on worker fed08d5c7c1a4b77b3fa2f835486c3f9
2026-02-16 02:48:06,135 home-emlad-Developer-frappe-crm-f0rk-frappe-bench:default: Job OK (crm.localhost||scheduled_job||pg3o4gee9k)
2026-02-16 02:48:06,136 Result is kept for 600 seconds
2026-02-16 02:48:06,145 home-emlad-Developer-frappe-crm-f0rk-frappe-bench:default: frappe.utils.background_jobs.execute_job(event=None, is_async=True, job_name='frappe.core.doctype.scheduled_job_type.scheduled_job_type.run_scheduled_jo..., kwargs={'job_type': 'crm.lead_syncing.background_sync.sync_leads_from_sources_5_mi..., method='frappe.core.doctype.scheduled_job_type.scheduled_job_type.run_scheduled_jo..., site='crm.localhost', user='Administrator') (crm.localhost||scheduled_job||pls5pj208u)
2026-02-16 02:48:06,745 Successfully completed frappe.utils.background_jobs.execute_job(event=None, is_async=True, job_name='frappe.core.doctype.scheduled_job_type.scheduled_job_type.run_scheduled_jo..., kwargs={'job_type': 'crm.lead_syncing.background_sync.sync_leads_from_sources_5_mi..., method='frappe.core.doctype.scheduled_job_type.scheduled_job_type.run_scheduled_jo..., site='crm.localhost', user='Administrator') job in 0:00:00.586677s on worker fed08d5c7c1a4b77b3fa2f835486c3f9
2026-02-16 02:48:06,745 home-emlad-Developer-frappe-crm-f0rk-frappe-bench:default: Job OK (crm.localhost||scheduled_job||pls5pj208u)
2026-02-16 02:48:06,745 Result is kept for 600 seconds
2026-02-16 02:48:06,756 home-emlad-Developer-frappe-crm-f0rk-frappe-bench:default: frappe.utils.background_jobs.execute_job(event=None, is_async=True, job_name='frappe.core.doctype.scheduled_job_type.scheduled_job_type.run_scheduled_jo..., kwargs={'job_type': 'frappe.model.utils.link_count.update_link_count', 'scheduled_..., method='frappe.core.doctype.scheduled_job_type.scheduled_job_type.run_scheduled_jo..., site='crm.localhost', user='Administrator') (crm.localhost||scheduled_job||pg23am6hc0)
2026-02-16 02:48:07,386 Successfully completed frappe.utils.background_jobs.execute_job(event=None, is_async=True, job_name='frappe.core.doctype.scheduled_job_type.scheduled_job_type.run_scheduled_jo..., kwargs={'job_type': 'frappe.model.utils.link_count.update_link_count', 'scheduled_..., method='frappe.core.doctype.scheduled_job_type.scheduled_job_type.run_scheduled_jo..., site='crm.localhost', user='Administrator') job in 0:00:00.619113s on worker fed08d5c7c1a4b77b3fa2f835486c3f9
2026-02-16 02:48:07,386 home-emlad-Developer-frappe-crm-f0rk-frappe-bench:default: Job OK (crm.localhost||scheduled_job||pg23am6hc0)
2026-02-16 02:48:07,386 Result is kept for 600 seconds
2026-02-16 02:48:07,396 home-emlad-Developer-frappe-crm-f0rk-frappe-bench:default: frappe.utils.background_jobs.execute_job(event=None, is_async=True, job_name='frappe.core.doctype.scheduled_job_type.scheduled_job_type.run_scheduled_jo..., kwargs={'job_type': 'frappe.deferred_insert.save_to_db', 'scheduled_job_type': 'pg..., method='frappe.core.doctype.scheduled_job_type.scheduled_job_type.run_scheduled_jo..., site='crm.localhost', user='Administrator') (crm.localhost||scheduled_job||pg2q1qv7pc)
2026-02-16 02:48:08,025 Successfully completed frappe.utils.background_jobs.execute_job(event=None, is_async=True, job_name='frappe.core.doctype.scheduled_job_type.scheduled_job_type.run_scheduled_jo..., kwargs={'job_type': 'frappe.deferred_insert.save_to_db', 'scheduled_job_type': 'pg..., method='frappe.core.doctype.scheduled_job_type.scheduled_job_type.run_scheduled_jo..., site='crm.localhost', user='Administrator') job in 0:00:00.618332s on worker fed08d5c7c1a4b77b3fa2f835486c3f9
2026-02-16 02:48:08,026 home-emlad-Developer-frappe-crm-f0rk-frappe-bench:default: Job OK (crm.localhost||scheduled_job||pg2q1qv7pc)
2026-02-16 02:48:08,026 Result is kept for 600 seconds
2026-02-16 02:48:08,036 home-emlad-Developer-frappe-crm-f0rk-frappe-bench:default: frappe.utils.background_jobs.execute_job(event=None, is_async=True, job_name='frappe.core.doctype.scheduled_job_type.scheduled_job_type.run_scheduled_jo..., kwargs={'job_type': 'frappe.automation.doctype.reminder.reminder.send_reminders', ..., method='frappe.core.doctype.scheduled_job_type.scheduled_job_type.run_scheduled_jo..., site='crm.localhost', user='Administrator') (crm.localhost||scheduled_job||pg2di96mq0)
2026-02-16 02:48:08,610 Successfully completed frappe.utils.background_jobs.execute_job(event=None, is_async=True, job_name='frappe.core.doctype.scheduled_job_type.scheduled_job_type.run_scheduled_jo..., kwargs={'job_type': 'frappe.automation.doctype.reminder.reminder.send_reminders', ..., method='frappe.core.doctype.scheduled_job_type.scheduled_job_type.run_scheduled_jo..., site='crm.localhost', user='Administrator') job in 0:00:00.563711s on worker fed08d5c7c1a4b77b3fa2f835486c3f9
2026-02-16 02:48:08,611 home-emlad-Developer-frappe-crm-f0rk-frappe-bench:default: Job OK (crm.localhost||scheduled_job||pg2di96mq0)
2026-02-16 02:48:08,611 Result is kept for 600 seconds
2026-02-16 02:48:08,620 home-emlad-Developer-frappe-crm-f0rk-frappe-bench:default: frappe.utils.background_jobs.execute_job(event=None, is_async=True, job_name='frappe.core.doctype.scheduled_job_type.scheduled_job_type.run_scheduled_jo..., kwargs={'job_type': 'frappe.utils.global_search.sync_global_search', 'scheduled_jo..., method='frappe.core.doctype.scheduled_job_type.scheduled_job_type.run_scheduled_jo..., site='crm.localhost', user='Administrator') (crm.localhost||scheduled_job||pg2gfj56rp)
2026-02-16 02:48:09,190 Successfully completed frappe.utils.background_jobs.execute_job(event=None, is_async=True, job_name='frappe.core.doctype.scheduled_job_type.scheduled_job_type.run_scheduled_jo..., kwargs={'job_type': 'frappe.utils.global_search.sync_global_search', 'scheduled_jo..., method='frappe.core.doctype.scheduled_job_type.scheduled_job_type.run_scheduled_jo..., site='crm.localhost', user='Administrator') job in 0:00:00.559610s on worker fed08d5c7c1a4b77b3fa2f835486c3f9
2026-02-16 02:48:09,190 home-emlad-Developer-frappe-crm-f0rk-frappe-bench:default: Job OK (crm.localhost||scheduled_job||pg2gfj56rp)
2026-02-16 02:48:09,191 Result is kept for 600 seconds
2026-02-16 02:48:09,201 home-emlad-Developer-frappe-crm-f0rk-frappe-bench:default: frappe.utils.background_jobs.execute_job(event=None, is_async=True, job_name='frappe.core.doctype.scheduled_job_type.scheduled_job_type.run_scheduled_jo..., kwargs={'job_type': 'crm.lead_syncing.background_sync.sync_leads_from_sources_15_m..., method='frappe.core.doctype.scheduled_job_type.scheduled_job_type.run_scheduled_jo..., site='crm.localhost', user='Administrator') (crm.localhost||scheduled_job||plsnn00b5f)
2026-02-16 02:48:09,790 Successfully completed frappe.utils.background_jobs.execute_job(event=None, is_async=True, job_name='frappe.core.doctype.scheduled_job_type.scheduled_job_type.run_scheduled_jo..., kwargs={'job_type': 'crm.lead_syncing.background_sync.sync_leads_from_sources_15_m..., method='frappe.core.doctype.scheduled_job_type.scheduled_job_type.run_scheduled_jo..., site='crm.localhost', user='Administrator') job in 0:00:00.578438s on worker fed08d5c7c1a4b77b3fa2f835486c3f9
2026-02-16 02:48:09,790 home-emlad-Developer-frappe-crm-f0rk-frappe-bench:default: Job OK (crm.localhost||scheduled_job||plsnn00b5f)
2026-02-16 02:48:09,790 Result is kept for 600 seconds
2026-02-16 02:48:09,799 home-emlad-Developer-frappe-crm-f0rk-frappe-bench:default: frappe.utils.background_jobs.execute_job(event=None, is_async=True, job_name='frappe.core.doctype.scheduled_job_type.scheduled_job_type.run_scheduled_jo..., kwargs={'job_type': 'frappe.email.doctype.email_account.email_account.notify_unrep..., method='frappe.core.doctype.scheduled_job_type.scheduled_job_type.run_scheduled_jo..., site='crm.localhost', user='Administrator') (crm.localhost||scheduled_job||pg275o944e)
2026-02-16 02:48:10,386 Successfully completed frappe.utils.background_jobs.execute_job(event=None, is_async=True, job_name='frappe.core.doctype.scheduled_job_type.scheduled_job_type.run_scheduled_jo..., kwargs={'job_type': 'frappe.email.doctype.email_account.email_account.notify_unrep..., method='frappe.core.doctype.scheduled_job_type.scheduled_job_type.run_scheduled_jo..., site='crm.localhost', user='Administrator') job in 0:00:00.576809s on worker fed08d5c7c1a4b77b3fa2f835486c3f9
2026-02-16 02:48:10,386 home-emlad-Developer-frappe-crm-f0rk-frappe-bench:default: Job OK (crm.localhost||scheduled_job||pg275o944e)
2026-02-16 02:48:10,386 Result is kept for 600 seconds
2026-02-16 02:48:10,395 home-emlad-Developer-frappe-crm-f0rk-frappe-bench:default: frappe.utils.background_jobs.execute_job(event=None, is_async=True, job_name='frappe.core.doctype.scheduled_job_type.scheduled_job_type.run_scheduled_jo..., kwargs={'job_type': 'frappe.email.queue.flush', 'scheduled_job_type': 'pg361ihd8h'..., method='frappe.core.doctype.scheduled_job_type.scheduled_job_type.run_scheduled_jo..., site='crm.localhost', user='Administrator') (crm.localhost||scheduled_job||pg361ihd8h)
2026-02-16 02:48:10,980 Successfully completed frappe.utils.background_jobs.execute_job(event=None, is_async=True, job_name='frappe.core.doctype.scheduled_job_type.scheduled_job_type.run_scheduled_jo..., kwargs={'job_type': 'frappe.email.queue.flush', 'scheduled_job_type': 'pg361ihd8h'..., method='frappe.core.doctype.scheduled_job_type.scheduled_job_type.run_scheduled_jo..., site='crm.localhost', user='Administrator') job in 0:00:00.574198s on worker fed08d5c7c1a4b77b3fa2f835486c3f9
2026-02-16 02:48:10,980 home-emlad-Developer-frappe-crm-f0rk-frappe-bench:default: Job OK (crm.localhost||scheduled_job||pg361ihd8h)
2026-02-16 02:48:10,980 Result is kept for 600 seconds
2026-02-16 02:48:10,990 home-emlad-Developer-frappe-crm-f0rk-frappe-bench:default: frappe.utils.background_jobs.execute_job(event=None, is_async=True, job_name='frappe.core.doctype.scheduled_job_type.scheduled_job_type.run_scheduled_jo..., kwargs={'job_type': 'frappe.email.queue.retry_sending_emails', 'scheduled_job_type..., method='frappe.core.doctype.scheduled_job_type.scheduled_job_type.run_scheduled_jo..., site='crm.localhost', user='Administrator') (crm.localhost||scheduled_job||pg3g2vc4ac)
2026-02-16 02:48:11,595 Successfully completed frappe.utils.background_jobs.execute_job(event=None, is_async=True, job_name='frappe.core.doctype.scheduled_job_type.scheduled_job_type.run_scheduled_jo..., kwargs={'job_type': 'frappe.email.queue.retry_sending_emails', 'scheduled_job_type..., method='frappe.core.doctype.scheduled_job_type.scheduled_job_type.run_scheduled_jo..., site='crm.localhost', user='Administrator') job in 0:00:00.594822s on worker fed08d5c7c1a4b77b3fa2f835486c3f9
2026-02-16 02:48:11,596 home-emlad-Developer-frappe-crm-f0rk-frappe-bench:default: Job OK (crm.localhost||scheduled_job||pg3g2vc4ac)
2026-02-16 02:48:11,596 Result is kept for 600 seconds
2026-02-16 02:48:11,607 home-emlad-Developer-frappe-crm-f0rk-frappe-bench:default: frappe.utils.background_jobs.execute_job(event=None, is_async=True, job_name='frappe.core.doctype.scheduled_job_type.scheduled_job_type.run_scheduled_jo..., kwargs={'job_type': 'frappe.email.doctype.notification.notification.trigger_offset..., method='frappe.core.doctype.scheduled_job_type.scheduled_job_type.run_scheduled_jo..., site='crm.localhost', user='Administrator') (crm.localhost||scheduled_job||pg2rdn0a7m)
2026-02-16 02:48:12,270 Successfully completed frappe.utils.background_jobs.execute_job(event=None, is_async=True, job_name='frappe.core.doctype.scheduled_job_type.scheduled_job_type.run_scheduled_jo..., kwargs={'job_type': 'frappe.email.doctype.notification.notification.trigger_offset..., method='frappe.core.doctype.scheduled_job_type.scheduled_job_type.run_scheduled_jo..., site='crm.localhost', user='Administrator') job in 0:00:00.652837s on worker fed08d5c7c1a4b77b3fa2f835486c3f9
2026-02-16 02:48:12,271 home-emlad-Developer-frappe-crm-f0rk-frappe-bench:default: Job OK (crm.localhost||scheduled_job||pg2rdn0a7m)
2026-02-16 02:48:12,271 Result is kept for 600 seconds
2026-02-16 02:48:12,283 home-emlad-Developer-frappe-crm-f0rk-frappe-bench:default: frappe.utils.background_jobs.execute_job(event=None, is_async=True, job_name='frappe.core.doctype.scheduled_job_type.scheduled_job_type.run_scheduled_jo..., kwargs={'job_type': 'frappe.utils.telemetry.pulse.client.send_queued_events', 'sch..., method='frappe.core.doctype.scheduled_job_type.scheduled_job_type.run_scheduled_jo..., site='crm.localhost', user='Administrator') (crm.localhost||scheduled_job||pg24mac57d)
2026-02-16 02:48:12,906 Successfully completed frappe.utils.background_jobs.execute_job(event=None, is_async=True, job_name='frappe.core.doctype.scheduled_job_type.scheduled_job_type.run_scheduled_jo..., kwargs={'job_type': 'frappe.utils.telemetry.pulse.client.send_queued_events', 'sch..., method='frappe.core.doctype.scheduled_job_type.scheduled_job_type.run_scheduled_jo..., site='crm.localhost', user='Administrator') job in 0:00:00.611684s on worker fed08d5c7c1a4b77b3fa2f835486c3f9
2026-02-16 02:48:12,906 home-emlad-Developer-frappe-crm-f0rk-frappe-bench:default: Job OK (crm.localhost||scheduled_job||pg24mac57d)
2026-02-16 02:48:12,906 Result is kept for 600 seconds
2026-02-16 02:48:12,916 home-emlad-Developer-frappe-crm-f0rk-frappe-bench:default: frappe.utils.background_jobs.execute_job(event=None, is_async=True, job_name='frappe.core.doctype.scheduled_job_type.scheduled_job_type.run_scheduled_jo..., kwargs={'job_type': 'frappe.integrations.doctype.google_calendar.google_calendar.s..., method='frappe.core.doctype.scheduled_job_type.scheduled_job_type.run_scheduled_jo..., site='crm.localhost', user='Administrator') (crm.localhost||scheduled_job||pg30un2n20)
2026-02-16 02:48:14,082 Successfully completed frappe.utils.background_jobs.execute_job(event=None, is_async=True, job_name='frappe.core.doctype.scheduled_job_type.scheduled_job_type.run_scheduled_jo..., kwargs={'job_type': 'frappe.integrations.doctype.google_calendar.google_calendar.s..., method='frappe.core.doctype.scheduled_job_type.scheduled_job_type.run_scheduled_jo..., site='crm.localhost', user='Administrator') job in 0:00:01.156195s on worker fed08d5c7c1a4b77b3fa2f835486c3f9
2026-02-16 02:48:14,083 home-emlad-Developer-frappe-crm-f0rk-frappe-bench:default: Job OK (crm.localhost||scheduled_job||pg30un2n20)
2026-02-16 02:48:14,083 Result is kept for 600 seconds
2026-02-16 02:52:04,323 home-emlad-Developer-frappe-crm-f0rk-frappe-bench:default: frappe.utils.background_jobs.execute_job(event=None, is_async=True, job_name='frappe.core.doctype.scheduled_job_type.scheduled_job_type.run_scheduled_jo..., kwargs={'job_type': 'frappe.integrations.doctype.google_calendar.google_calendar.s..., method='frappe.core.doctype.scheduled_job_type.scheduled_job_type.run_scheduled_jo..., site='crm.localhost', user='Administrator') (crm.localhost||scheduled_job||pg30un2n20)
2026-02-16 02:52:05,627 Successfully completed frappe.utils.background_jobs.execute_job(event=None, is_async=True, job_name='frappe.core.doctype.scheduled_job_type.scheduled_job_type.run_scheduled_jo..., kwargs={'job_type': 'frappe.integrations.doctype.google_calendar.google_calendar.s..., method='frappe.core.doctype.scheduled_job_type.scheduled_job_type.run_scheduled_jo..., site='crm.localhost', user='Administrator') job in 0:00:01.290965s on worker fed08d5c7c1a4b77b3fa2f835486c3f9
2026-02-16 02:52:05,627 home-emlad-Developer-frappe-crm-f0rk-frappe-bench:default: Job OK (crm.localhost||scheduled_job||pg30un2n20)
2026-02-16 02:52:05,627 Result is kept for 600 seconds
2026-02-16 02:52:05,639 home-emlad-Developer-frappe-crm-f0rk-frappe-bench:default: frappe.utils.background_jobs.execute_job(event=None, is_async=True, job_name='frappe.core.doctype.scheduled_job_type.scheduled_job_type.run_scheduled_jo..., kwargs={'job_type': 'frappe.email.queue.retry_sending_emails', 'scheduled_job_type..., method='frappe.core.doctype.scheduled_job_type.scheduled_job_type.run_scheduled_jo..., site='crm.localhost', user='Administrator') (crm.localhost||scheduled_job||pg3g2vc4ac)
2026-02-16 02:52:06,234 Successfully completed frappe.utils.background_jobs.execute_job(event=None, is_async=True, job_name='frappe.core.doctype.scheduled_job_type.scheduled_job_type.run_scheduled_jo..., kwargs={'job_type': 'frappe.email.queue.retry_sending_emails', 'scheduled_job_type..., method='frappe.core.doctype.scheduled_job_type.scheduled_job_type.run_scheduled_jo..., site='crm.localhost', user='Administrator') job in 0:00:00.585793s on worker fed08d5c7c1a4b77b3fa2f835486c3f9
2026-02-16 02:52:06,234 home-emlad-Developer-frappe-crm-f0rk-frappe-bench:default: Job OK (crm.localhost||scheduled_job||pg3g2vc4ac)
2026-02-16 02:52:06,234 Result is kept for 600 seconds
2026-02-16 02:52:06,248 home-emlad-Developer-frappe-crm-f0rk-frappe-bench:default: frappe.utils.background_jobs.execute_job(event=None, is_async=True, job_name='frappe.core.doctype.scheduled_job_type.scheduled_job_type.run_scheduled_jo..., kwargs={'job_type': 'frappe.email.doctype.notification.notification.trigger_offset..., method='frappe.core.doctype.scheduled_job_type.scheduled_job_type.run_scheduled_jo..., site='crm.localhost', user='Administrator') (crm.localhost||scheduled_job||pg2rdn0a7m)
2026-02-16 02:52:06,818 Successfully completed frappe.utils.background_jobs.execute_job(event=None, is_async=True, job_name='frappe.core.doctype.scheduled_job_type.scheduled_job_type.run_scheduled_jo..., kwargs={'job_type': 'frappe.email.doctype.notification.notification.trigger_offset..., method='frappe.core.doctype.scheduled_job_type.scheduled_job_type.run_scheduled_jo..., site='crm.localhost', user='Administrator') job in 0:00:00.557914s on worker fed08d5c7c1a4b77b3fa2f835486c3f9
2026-02-16 02:52:06,818 home-emlad-Developer-frappe-crm-f0rk-frappe-bench:default: Job OK (crm.localhost||scheduled_job||pg2rdn0a7m)
2026-02-16 02:52:06,819 Result is kept for 600 seconds
2026-02-16 02:52:06,828 home-emlad-Developer-frappe-crm-f0rk-frappe-bench:default: frappe.utils.background_jobs.execute_job(event=None, is_async=True, job_name='frappe.core.doctype.scheduled_job_type.scheduled_job_type.run_scheduled_jo..., kwargs={'job_type': 'crm.lead_syncing.background_sync.sync_leads_from_sources_10_m..., method='frappe.core.doctype.scheduled_job_type.scheduled_job_type.run_scheduled_jo..., site='crm.localhost', user='Administrator') (crm.localhost||scheduled_job||pls9mga06a)
2026-02-16 02:52:07,395 Successfully completed frappe.utils.background_jobs.execute_job(event=None, is_async=True, job_name='frappe.core.doctype.scheduled_job_type.scheduled_job_type.run_scheduled_jo..., kwargs={'job_type': 'crm.lead_syncing.background_sync.sync_leads_from_sources_10_m..., method='frappe.core.doctype.scheduled_job_type.scheduled_job_type.run_scheduled_jo..., site='crm.localhost', user='Administrator') job in 0:00:00.556655s on worker fed08d5c7c1a4b77b3fa2f835486c3f9
2026-02-16 02:52:07,395 home-emlad-Developer-frappe-crm-f0rk-frappe-bench:default: Job OK (crm.localhost||scheduled_job||pls9mga06a)
2026-02-16 02:52:07,395 Result is kept for 600 seconds
2026-02-16 02:52:07,405 home-emlad-Developer-frappe-crm-f0rk-frappe-bench:default: frappe.utils.background_jobs.execute_job(event=None, is_async=True, job_name='frappe.core.doctype.scheduled_job_type.scheduled_job_type.run_scheduled_jo..., kwargs={'job_type': 'frappe.monitor.flush', 'scheduled_job_type': 'pg3o4gee9k'}, method='frappe.core.doctype.scheduled_job_type.scheduled_job_type.run_scheduled_jo..., site='crm.localhost', user='Administrator') (crm.localhost||scheduled_job||pg3o4gee9k)
2026-02-16 02:52:07,990 Successfully completed frappe.utils.background_jobs.execute_job(event=None, is_async=True, job_name='frappe.core.doctype.scheduled_job_type.scheduled_job_type.run_scheduled_jo..., kwargs={'job_type': 'frappe.monitor.flush', 'scheduled_job_type': 'pg3o4gee9k'}, method='frappe.core.doctype.scheduled_job_type.scheduled_job_type.run_scheduled_jo..., site='crm.localhost', user='Administrator') job in 0:00:00.573869s on worker fed08d5c7c1a4b77b3fa2f835486c3f9
2026-02-16 02:52:07,990 home-emlad-Developer-frappe-crm-f0rk-frappe-bench:default: Job OK (crm.localhost||scheduled_job||pg3o4gee9k)
2026-02-16 02:52:07,990 Result is kept for 600 seconds
2026-02-16 02:52:07,999 home-emlad-Developer-frappe-crm-f0rk-frappe-bench:default: frappe.utils.background_jobs.execute_job(event=None, is_async=True, job_name='frappe.core.doctype.scheduled_job_type.scheduled_job_type.run_scheduled_jo..., kwargs={'job_type': 'crm.lead_syncing.background_sync.sync_leads_from_sources_5_mi..., method='frappe.core.doctype.scheduled_job_type.scheduled_job_type.run_scheduled_jo..., site='crm.localhost', user='Administrator') (crm.localhost||scheduled_job||pls5pj208u)
2026-02-16 02:52:08,545 Successfully completed frappe.utils.background_jobs.execute_job(event=None, is_async=True, job_name='frappe.core.doctype.scheduled_job_type.scheduled_job_type.run_scheduled_jo..., kwargs={'job_type': 'crm.lead_syncing.background_sync.sync_leads_from_sources_5_mi..., method='frappe.core.doctype.scheduled_job_type.scheduled_job_type.run_scheduled_jo..., site='crm.localhost', user='Administrator') job in 0:00:00.536087s on worker fed08d5c7c1a4b77b3fa2f835486c3f9
2026-02-16 02:52:08,545 home-emlad-Developer-frappe-crm-f0rk-frappe-bench:default: Job OK (crm.localhost||scheduled_job||pls5pj208u)
2026-02-16 02:52:08,545 Result is kept for 600 seconds
2026-02-16 02:52:08,556 home-emlad-Developer-frappe-crm-f0rk-frappe-bench:default: frappe.utils.background_jobs.execute_job(event=None, is_async=True, job_name='frappe.core.doctype.scheduled_job_type.scheduled_job_type.run_scheduled_jo..., kwargs={'job_type': 'frappe.email.queue.flush', 'scheduled_job_type': 'pg361ihd8h'..., method='frappe.core.doctype.scheduled_job_type.scheduled_job_type.run_scheduled_jo..., site='crm.localhost', user='Administrator') (crm.localhost||scheduled_job||pg361ihd8h)
2026-02-16 02:52:09,144 Successfully completed frappe.utils.background_jobs.execute_job(event=None, is_async=True, job_name='frappe.core.doctype.scheduled_job_type.scheduled_job_type.run_scheduled_jo..., kwargs={'job_type': 'frappe.email.queue.flush', 'scheduled_job_type': 'pg361ihd8h'..., method='frappe.core.doctype.scheduled_job_type.scheduled_job_type.run_scheduled_jo..., site='crm.localhost', user='Administrator') job in 0:00:00.578681s on worker fed08d5c7c1a4b77b3fa2f835486c3f9
2026-02-16 02:52:09,145 home-emlad-Developer-frappe-crm-f0rk-frappe-bench:default: Job OK (crm.localhost||scheduled_job||pg361ihd8h)
2026-02-16 02:52:09,145 Result is kept for 600 seconds
2026-02-16 02:52:09,154 home-emlad-Developer-frappe-crm-f0rk-frappe-bench:default: frappe.utils.background_jobs.execute_job(event=None, is_async=True, job_name='frappe.core.doctype.scheduled_job_type.scheduled_job_type.run_scheduled_jo..., kwargs={'job_type': 'frappe.email.doctype.email_account.email_account.pull', 'sche..., method='frappe.core.doctype.scheduled_job_type.scheduled_job_type.run_scheduled_jo..., site='crm.localhost', user='Administrator') (crm.localhost||scheduled_job||pg29ic6u7t)
2026-02-16 02:52:09,764 Successfully completed frappe.utils.background_jobs.execute_job(event=None, is_async=True, job_name='frappe.core.doctype.scheduled_job_type.scheduled_job_type.run_scheduled_jo..., kwargs={'job_type': 'frappe.email.doctype.email_account.email_account.pull', 'sche..., method='frappe.core.doctype.scheduled_job_type.scheduled_job_type.run_scheduled_jo..., site='crm.localhost', user='Administrator') job in 0:00:00.599716s on worker fed08d5c7c1a4b77b3fa2f835486c3f9
2026-02-16 02:52:09,764 home-emlad-Developer-frappe-crm-f0rk-frappe-bench:default: Job OK (crm.localhost||scheduled_job||pg29ic6u7t)
2026-02-16 02:52:09,764 Result is kept for 600 seconds
2026-02-16 02:56:05,633 home-emlad-Developer-frappe-crm-f0rk-frappe-bench:default: frappe.utils.background_jobs.execute_job(event=None, is_async=True, job_name='frappe.core.doctype.scheduled_job_type.scheduled_job_type.run_scheduled_jo..., kwargs={'job_type': 'frappe.email.queue.flush', 'scheduled_job_type': 'pg361ihd8h'..., method='frappe.core.doctype.scheduled_job_type.scheduled_job_type.run_scheduled_jo..., site='crm.localhost', user='Administrator') (crm.localhost||scheduled_job||pg361ihd8h)
2026-02-16 02:56:06,245 Successfully completed frappe.utils.background_jobs.execute_job(event=None, is_async=True, job_name='frappe.core.doctype.scheduled_job_type.scheduled_job_type.run_scheduled_jo..., kwargs={'job_type': 'frappe.email.queue.flush', 'scheduled_job_type': 'pg361ihd8h'..., method='frappe.core.doctype.scheduled_job_type.scheduled_job_type.run_scheduled_jo..., site='crm.localhost', user='Administrator') job in 0:00:00.595868s on worker fed08d5c7c1a4b77b3fa2f835486c3f9
2026-02-16 02:56:06,246 home-emlad-Developer-frappe-crm-f0rk-frappe-bench:default: Job OK (crm.localhost||scheduled_job||pg361ihd8h)
2026-02-16 02:56:06,246 Result is kept for 600 seconds
2026-02-16 02:56:06,254 Worker fed08d5c7c1a4b77b3fa2f835486c3f9: cleaning registries for queue: home-emlad-Developer-frappe-crm-f0rk-frappe-bench:short
2026-02-16 02:56:06,257 Worker fed08d5c7c1a4b77b3fa2f835486c3f9: cleaning registries for queue: home-emlad-Developer-frappe-crm-f0rk-frappe-bench:default
2026-02-16 02:56:06,260 Worker fed08d5c7c1a4b77b3fa2f835486c3f9: cleaning registries for queue: home-emlad-Developer-frappe-crm-f0rk-frappe-bench:long
2026-02-16 02:56:06,264 home-emlad-Developer-frappe-crm-f0rk-frappe-bench:default: frappe.utils.background_jobs.execute_job(event=None, is_async=True, job_name='frappe.core.doctype.scheduled_job_type.scheduled_job_type.run_scheduled_jo..., kwargs={'job_type': 'frappe.email.doctype.notification.notification.trigger_offset..., method='frappe.core.doctype.scheduled_job_type.scheduled_job_type.run_scheduled_jo..., site='crm.localhost', user='Administrator') (crm.localhost||scheduled_job||pg2rdn0a7m)
2026-02-16 02:56:06,882 Successfully completed frappe.utils.background_jobs.execute_job(event=None, is_async=True, job_name='frappe.core.doctype.scheduled_job_type.scheduled_job_type.run_scheduled_jo..., kwargs={'job_type': 'frappe.email.doctype.notification.notification.trigger_offset..., method='frappe.core.doctype.scheduled_job_type.scheduled_job_type.run_scheduled_jo..., site='crm.localhost', user='Administrator') job in 0:00:00.608283s on worker fed08d5c7c1a4b77b3fa2f835486c3f9
2026-02-16 02:56:06,883 home-emlad-Developer-frappe-crm-f0rk-frappe-bench:default: Job OK (crm.localhost||scheduled_job||pg2rdn0a7m)
2026-02-16 02:56:06,883 Result is kept for 600 seconds
2026-02-16 02:56:06,893 home-emlad-Developer-frappe-crm-f0rk-frappe-bench:default: frappe.utils.background_jobs.execute_job(event=None, is_async=True, job_name='frappe.core.doctype.scheduled_job_type.scheduled_job_type.run_scheduled_jo..., kwargs={'job_type': 'crm.lead_syncing.background_sync.sync_leads_from_sources_5_mi..., method='frappe.core.doctype.scheduled_job_type.scheduled_job_type.run_scheduled_jo..., site='crm.localhost', user='Administrator') (crm.localhost||scheduled_job||pls5pj208u)
2026-02-16 02:56:07,525 Successfully completed frappe.utils.background_jobs.execute_job(event=None, is_async=True, job_name='frappe.core.doctype.scheduled_job_type.scheduled_job_type.run_scheduled_jo..., kwargs={'job_type': 'crm.lead_syncing.background_sync.sync_leads_from_sources_5_mi..., method='frappe.core.doctype.scheduled_job_type.scheduled_job_type.run_scheduled_jo..., site='crm.localhost', user='Administrator') job in 0:00:00.621363s on worker fed08d5c7c1a4b77b3fa2f835486c3f9
2026-02-16 02:56:07,525 home-emlad-Developer-frappe-crm-f0rk-frappe-bench:default: Job OK (crm.localhost||scheduled_job||pls5pj208u)
2026-02-16 02:56:07,525 Result is kept for 600 seconds
2026-02-16 02:56:07,539 home-emlad-Developer-frappe-crm-f0rk-frappe-bench:default: frappe.utils.background_jobs.execute_job(event=None, is_async=True, job_name='frappe.core.doctype.scheduled_job_type.scheduled_job_type.run_scheduled_jo..., kwargs={'job_type': 'frappe.email.queue.retry_sending_emails', 'scheduled_job_type..., method='frappe.core.doctype.scheduled_job_type.scheduled_job_type.run_scheduled_jo..., site='crm.localhost', user='Administrator') (crm.localhost||scheduled_job||pg3g2vc4ac)
2026-02-16 02:56:08,299 Successfully completed frappe.utils.background_jobs.execute_job(event=None, is_async=True, job_name='frappe.core.doctype.scheduled_job_type.scheduled_job_type.run_scheduled_jo..., kwargs={'job_type': 'frappe.email.queue.retry_sending_emails', 'scheduled_job_type..., method='frappe.core.doctype.scheduled_job_type.scheduled_job_type.run_scheduled_jo..., site='crm.localhost', user='Administrator') job in 0:00:00.743337s on worker fed08d5c7c1a4b77b3fa2f835486c3f9
2026-02-16 02:56:08,300 home-emlad-Developer-frappe-crm-f0rk-frappe-bench:default: Job OK (crm.localhost||scheduled_job||pg3g2vc4ac)
2026-02-16 02:56:08,300 Result is kept for 600 seconds
2026-02-16 02:56:08,312 home-emlad-Developer-frappe-crm-f0rk-frappe-bench:default: frappe.utils.background_jobs.execute_job(event=None, is_async=True, job_name='frappe.core.doctype.scheduled_job_type.scheduled_job_type.run_scheduled_jo..., kwargs={'job_type': 'frappe.monitor.flush', 'scheduled_job_type': 'pg3o4gee9k'}, method='frappe.core.doctype.scheduled_job_type.scheduled_job_type.run_scheduled_jo..., site='crm.localhost', user='Administrator') (crm.localhost||scheduled_job||pg3o4gee9k)
2026-02-16 02:56:08,935 Successfully completed frappe.utils.background_jobs.execute_job(event=None, is_async=True, job_name='frappe.core.doctype.scheduled_job_type.scheduled_job_type.run_scheduled_jo..., kwargs={'job_type': 'frappe.monitor.flush', 'scheduled_job_type': 'pg3o4gee9k'}, method='frappe.core.doctype.scheduled_job_type.scheduled_job_type.run_scheduled_jo..., site='crm.localhost', user='Administrator') job in 0:00:00.611473s on worker fed08d5c7c1a4b77b3fa2f835486c3f9
2026-02-16 02:56:08,935 home-emlad-Developer-frappe-crm-f0rk-frappe-bench:default: Job OK (crm.localhost||scheduled_job||pg3o4gee9k)
2026-02-16 02:56:08,935 Result is kept for 600 seconds
2026-02-16 02:56:08,945 home-emlad-Developer-frappe-crm-f0rk-frappe-bench:default: frappe.utils.background_jobs.execute_job(event=None, is_async=True, job_name='frappe.core.doctype.scheduled_job_type.scheduled_job_type.run_scheduled_jo..., kwargs={'job_type': 'frappe.integrations.doctype.google_calendar.google_calendar.s..., method='frappe.core.doctype.scheduled_job_type.scheduled_job_type.run_scheduled_jo..., site='crm.localhost', user='Administrator') (crm.localhost||scheduled_job||pg30un2n20)
2026-02-16 02:56:10,130 Successfully completed frappe.utils.background_jobs.execute_job(event=None, is_async=True, job_name='frappe.core.doctype.scheduled_job_type.scheduled_job_type.run_scheduled_jo..., kwargs={'job_type': 'frappe.integrations.doctype.google_calendar.google_calendar.s..., method='frappe.core.doctype.scheduled_job_type.scheduled_job_type.run_scheduled_jo..., site='crm.localhost', user='Administrator') job in 0:00:01.175112s on worker fed08d5c7c1a4b77b3fa2f835486c3f9
2026-02-16 02:56:10,131 home-emlad-Developer-frappe-crm-f0rk-frappe-bench:default: Job OK (crm.localhost||scheduled_job||pg30un2n20)
2026-02-16 02:56:10,131 Result is kept for 600 seconds
2026-02-16 03:00:05,500 home-emlad-Developer-frappe-crm-f0rk-frappe-bench:default: frappe.utils.background_jobs.execute_job(event=None, is_async=True, job_name='frappe.core.doctype.scheduled_job_type.scheduled_job_type.run_scheduled_jo..., kwargs={'job_type': 'frappe.utils.telemetry.pulse.client.send_queued_events', 'sch..., method='frappe.core.doctype.scheduled_job_type.scheduled_job_type.run_scheduled_jo..., site='crm.localhost', user='Administrator') (crm.localhost||scheduled_job||pg24mac57d)
2026-02-16 03:00:06,107 Successfully completed frappe.utils.background_jobs.execute_job(event=None, is_async=True, job_name='frappe.core.doctype.scheduled_job_type.scheduled_job_type.run_scheduled_jo..., kwargs={'job_type': 'frappe.utils.telemetry.pulse.client.send_queued_events', 'sch..., method='frappe.core.doctype.scheduled_job_type.scheduled_job_type.run_scheduled_jo..., site='crm.localhost', user='Administrator') job in 0:00:00.595614s on worker fed08d5c7c1a4b77b3fa2f835486c3f9
2026-02-16 03:00:06,107 home-emlad-Developer-frappe-crm-f0rk-frappe-bench:default: Job OK (crm.localhost||scheduled_job||pg24mac57d)
2026-02-16 03:00:06,107 Result is kept for 600 seconds
2026-02-16 03:00:06,116 home-emlad-Developer-frappe-crm-f0rk-frappe-bench:default: frappe.utils.background_jobs.execute_job(event=None, is_async=True, job_name='frappe.core.doctype.scheduled_job_type.scheduled_job_type.run_scheduled_jo..., kwargs={'job_type': 'frappe.integrations.doctype.google_calendar.google_calendar.s..., method='frappe.core.doctype.scheduled_job_type.scheduled_job_type.run_scheduled_jo..., site='crm.localhost', user='Administrator') (crm.localhost||scheduled_job||pg30un2n20)
2026-02-16 03:00:07,346 Successfully completed frappe.utils.background_jobs.execute_job(event=None, is_async=True, job_name='frappe.core.doctype.scheduled_job_type.scheduled_job_type.run_scheduled_jo..., kwargs={'job_type': 'frappe.integrations.doctype.google_calendar.google_calendar.s..., method='frappe.core.doctype.scheduled_job_type.scheduled_job_type.run_scheduled_jo..., site='crm.localhost', user='Administrator') job in 0:00:01.220259s on worker fed08d5c7c1a4b77b3fa2f835486c3f9
2026-02-16 03:00:07,347 home-emlad-Developer-frappe-crm-f0rk-frappe-bench:default: Job OK (crm.localhost||scheduled_job||pg30un2n20)
2026-02-16 03:00:07,347 Result is kept for 600 seconds
2026-02-16 03:00:07,358 home-emlad-Developer-frappe-crm-f0rk-frappe-bench:default: frappe.utils.background_jobs.execute_job(event=None, is_async=True, job_name='frappe.core.doctype.scheduled_job_type.scheduled_job_type.run_scheduled_jo..., kwargs={'job_type': 'frappe.email.doctype.notification.notification.trigger_offset..., method='frappe.core.doctype.scheduled_job_type.scheduled_job_type.run_scheduled_jo..., site='crm.localhost', user='Administrator') (crm.localhost||scheduled_job||pg2rdn0a7m)
2026-02-16 03:00:07,972 Successfully completed frappe.utils.background_jobs.execute_job(event=None, is_async=True, job_name='frappe.core.doctype.scheduled_job_type.scheduled_job_type.run_scheduled_jo..., kwargs={'job_type': 'frappe.email.doctype.notification.notification.trigger_offset..., method='frappe.core.doctype.scheduled_job_type.scheduled_job_type.run_scheduled_jo..., site='crm.localhost', user='Administrator') job in 0:00:00.603903s on worker fed08d5c7c1a4b77b3fa2f835486c3f9
2026-02-16 03:00:07,973 home-emlad-Developer-frappe-crm-f0rk-frappe-bench:default: Job OK (crm.localhost||scheduled_job||pg2rdn0a7m)
2026-02-16 03:00:07,973 Result is kept for 600 seconds
2026-02-16 03:00:07,987 home-emlad-Developer-frappe-crm-f0rk-frappe-bench:default: frappe.utils.background_jobs.execute_job(event=None, is_async=True, job_name='frappe.core.doctype.scheduled_job_type.scheduled_job_type.run_scheduled_jo..., kwargs={'job_type': 'frappe.search.sqlite_search.build_index_if_not_exists', 'sche..., method='frappe.core.doctype.scheduled_job_type.scheduled_job_type.run_scheduled_jo..., site='crm.localhost', user='Administrator') (crm.localhost||scheduled_job||pg24umjf6d)
2026-02-16 03:00:08,600 Successfully completed frappe.utils.background_jobs.execute_job(event=None, is_async=True, job_name='frappe.core.doctype.scheduled_job_type.scheduled_job_type.run_scheduled_jo..., kwargs={'job_type': 'frappe.search.sqlite_search.build_index_if_not_exists', 'sche..., method='frappe.core.doctype.scheduled_job_type.scheduled_job_type.run_scheduled_jo..., site='crm.localhost', user='Administrator') job in 0:00:00.600575s on worker fed08d5c7c1a4b77b3fa2f835486c3f9
2026-02-16 03:00:08,600 home-emlad-Developer-frappe-crm-f0rk-frappe-bench:default: Job OK (crm.localhost||scheduled_job||pg24umjf6d)
2026-02-16 03:00:08,600 Result is kept for 600 seconds
2026-02-16 03:00:08,610 home-emlad-Developer-frappe-crm-f0rk-frappe-bench:default: frappe.utils.background_jobs.execute_job(event=None, is_async=True, job_name='frappe.core.doctype.scheduled_job_type.scheduled_job_type.run_scheduled_jo..., kwargs={'job_type': 'crm.lead_syncing.background_sync.sync_leads_from_sources_10_m..., method='frappe.core.doctype.scheduled_job_type.scheduled_job_type.run_scheduled_jo..., site='crm.localhost', user='Administrator') (crm.localhost||scheduled_job||pls9mga06a)
2026-02-16 03:00:09,257 Successfully completed frappe.utils.background_jobs.execute_job(event=None, is_async=True, job_name='frappe.core.doctype.scheduled_job_type.scheduled_job_type.run_scheduled_jo..., kwargs={'job_type': 'crm.lead_syncing.background_sync.sync_leads_from_sources_10_m..., method='frappe.core.doctype.scheduled_job_type.scheduled_job_type.run_scheduled_jo..., site='crm.localhost', user='Administrator') job in 0:00:00.635233s on worker fed08d5c7c1a4b77b3fa2f835486c3f9
2026-02-16 03:00:09,257 home-emlad-Developer-frappe-crm-f0rk-frappe-bench:default: Job OK (crm.localhost||scheduled_job||pls9mga06a)
2026-02-16 03:00:09,257 Result is kept for 600 seconds
2026-02-16 03:00:09,268 home-emlad-Developer-frappe-crm-f0rk-frappe-bench:default: frappe.utils.background_jobs.execute_job(event=None, is_async=True, job_name='frappe.core.doctype.scheduled_job_type.scheduled_job_type.run_scheduled_jo..., kwargs={'job_type': 'frappe.email.queue.flush', 'scheduled_job_type': 'pg361ihd8h'..., method='frappe.core.doctype.scheduled_job_type.scheduled_job_type.run_scheduled_jo..., site='crm.localhost', user='Administrator') (crm.localhost||scheduled_job||pg361ihd8h)
2026-02-16 03:00:09,927 Successfully completed frappe.utils.background_jobs.execute_job(event=None, is_async=True, job_name='frappe.core.doctype.scheduled_job_type.scheduled_job_type.run_scheduled_jo..., kwargs={'job_type': 'frappe.email.queue.flush', 'scheduled_job_type': 'pg361ihd8h'..., method='frappe.core.doctype.scheduled_job_type.scheduled_job_type.run_scheduled_jo..., site='crm.localhost', user='Administrator') job in 0:00:00.647950s on worker fed08d5c7c1a4b77b3fa2f835486c3f9
2026-02-16 03:00:09,927 home-emlad-Developer-frappe-crm-f0rk-frappe-bench:default: Job OK (crm.localhost||scheduled_job||pg361ihd8h)
2026-02-16 03:00:09,928 Result is kept for 600 seconds
2026-02-16 03:00:09,944 home-emlad-Developer-frappe-crm-f0rk-frappe-bench:default: frappe.utils.background_jobs.execute_job(event=None, is_async=True, job_name='frappe.core.doctype.scheduled_job_type.scheduled_job_type.run_scheduled_jo..., kwargs={'job_type': 'frappe.utils.global_search.sync_global_search', 'scheduled_jo..., method='frappe.core.doctype.scheduled_job_type.scheduled_job_type.run_scheduled_jo..., site='crm.localhost', user='Administrator') (crm.localhost||scheduled_job||pg2gfj56rp)
2026-02-16 03:00:10,536 Successfully completed frappe.utils.background_jobs.execute_job(event=None, is_async=True, job_name='frappe.core.doctype.scheduled_job_type.scheduled_job_type.run_scheduled_jo..., kwargs={'job_type': 'frappe.utils.global_search.sync_global_search', 'scheduled_jo..., method='frappe.core.doctype.scheduled_job_type.scheduled_job_type.run_scheduled_jo..., site='crm.localhost', user='Administrator') job in 0:00:00.578793s on worker fed08d5c7c1a4b77b3fa2f835486c3f9
2026-02-16 03:00:10,537 home-emlad-Developer-frappe-crm-f0rk-frappe-bench:default: Job OK (crm.localhost||scheduled_job||pg2gfj56rp)
2026-02-16 03:00:10,537 Result is kept for 600 seconds
2026-02-16 03:00:10,546 home-emlad-Developer-frappe-crm-f0rk-frappe-bench:default: frappe.utils.background_jobs.execute_job(event=None, is_async=True, job_name='frappe.core.doctype.scheduled_job_type.scheduled_job_type.run_scheduled_jo..., kwargs={'job_type': 'frappe.email.doctype.email_account.email_account.pull', 'sche..., method='frappe.core.doctype.scheduled_job_type.scheduled_job_type.run_scheduled_jo..., site='crm.localhost', user='Administrator') (crm.localhost||scheduled_job||pg29ic6u7t)
2026-02-16 03:00:11,175 Successfully completed frappe.utils.background_jobs.execute_job(event=None, is_async=True, job_name='frappe.core.doctype.scheduled_job_type.scheduled_job_type.run_scheduled_jo..., kwargs={'job_type': 'frappe.email.doctype.email_account.email_account.pull', 'sche..., method='frappe.core.doctype.scheduled_job_type.scheduled_job_type.run_scheduled_jo..., site='crm.localhost', user='Administrator') job in 0:00:00.618100s on worker fed08d5c7c1a4b77b3fa2f835486c3f9
2026-02-16 03:00:11,175 home-emlad-Developer-frappe-crm-f0rk-frappe-bench:default: Job OK (crm.localhost||scheduled_job||pg29ic6u7t)
2026-02-16 03:00:11,175 Result is kept for 600 seconds
2026-02-16 03:00:11,184 home-emlad-Developer-frappe-crm-f0rk-frappe-bench:default: frappe.utils.background_jobs.execute_job(event=None, is_async=True, job_name='frappe.core.doctype.scheduled_job_type.scheduled_job_type.run_scheduled_jo..., kwargs={'job_type': 'frappe.deferred_insert.save_to_db', 'scheduled_job_type': 'pg..., method='frappe.core.doctype.scheduled_job_type.scheduled_job_type.run_scheduled_jo..., site='crm.localhost', user='Administrator') (crm.localhost||scheduled_job||pg2q1qv7pc)
2026-02-16 03:00:11,742 Successfully completed frappe.utils.background_jobs.execute_job(event=None, is_async=True, job_name='frappe.core.doctype.scheduled_job_type.scheduled_job_type.run_scheduled_jo..., kwargs={'job_type': 'frappe.deferred_insert.save_to_db', 'scheduled_job_type': 'pg..., method='frappe.core.doctype.scheduled_job_type.scheduled_job_type.run_scheduled_jo..., site='crm.localhost', user='Administrator') job in 0:00:00.548763s on worker fed08d5c7c1a4b77b3fa2f835486c3f9
2026-02-16 03:00:11,743 home-emlad-Developer-frappe-crm-f0rk-frappe-bench:default: Job OK (crm.localhost||scheduled_job||pg2q1qv7pc)
2026-02-16 03:00:11,743 Result is kept for 600 seconds
2026-02-16 03:00:11,752 home-emlad-Developer-frappe-crm-f0rk-frappe-bench:default: frappe.utils.background_jobs.execute_job(event=None, is_async=True, job_name='frappe.core.doctype.scheduled_job_type.scheduled_job_type.run_scheduled_jo..., kwargs={'job_type': 'crm.lead_syncing.background_sync.sync_leads_from_sources_15_m..., method='frappe.core.doctype.scheduled_job_type.scheduled_job_type.run_scheduled_jo..., site='crm.localhost', user='Administrator') (crm.localhost||scheduled_job||plsnn00b5f)
2026-02-16 03:00:12,322 Successfully completed frappe.utils.background_jobs.execute_job(event=None, is_async=True, job_name='frappe.core.doctype.scheduled_job_type.scheduled_job_type.run_scheduled_jo..., kwargs={'job_type': 'crm.lead_syncing.background_sync.sync_leads_from_sources_15_m..., method='frappe.core.doctype.scheduled_job_type.scheduled_job_type.run_scheduled_jo..., site='crm.localhost', user='Administrator') job in 0:00:00.560158s on worker fed08d5c7c1a4b77b3fa2f835486c3f9
2026-02-16 03:00:12,323 home-emlad-Developer-frappe-crm-f0rk-frappe-bench:default: Job OK (crm.localhost||scheduled_job||plsnn00b5f)
2026-02-16 03:00:12,323 Result is kept for 600 seconds
2026-02-16 03:00:12,332 home-emlad-Developer-frappe-crm-f0rk-frappe-bench:default: frappe.utils.background_jobs.execute_job(event=None, is_async=True, job_name='frappe.core.doctype.scheduled_job_type.scheduled_job_type.run_scheduled_jo..., kwargs={'job_type': 'frappe.model.utils.link_count.update_link_count', 'scheduled_..., method='frappe.core.doctype.scheduled_job_type.scheduled_job_type.run_scheduled_jo..., site='crm.localhost', user='Administrator') (crm.localhost||scheduled_job||pg23am6hc0)
2026-02-16 03:00:12,906 Successfully completed frappe.utils.background_jobs.execute_job(event=None, is_async=True, job_name='frappe.core.doctype.scheduled_job_type.scheduled_job_type.run_scheduled_jo..., kwargs={'job_type': 'frappe.model.utils.link_count.update_link_count', 'scheduled_..., method='frappe.core.doctype.scheduled_job_type.scheduled_job_type.run_scheduled_jo..., site='crm.localhost', user='Administrator') job in 0:00:00.563275s on worker fed08d5c7c1a4b77b3fa2f835486c3f9
2026-02-16 03:00:12,906 home-emlad-Developer-frappe-crm-f0rk-frappe-bench:default: Job OK (crm.localhost||scheduled_job||pg23am6hc0)
2026-02-16 03:00:12,906 Result is kept for 600 seconds
2026-02-16 03:00:12,915 home-emlad-Developer-frappe-crm-f0rk-frappe-bench:default: frappe.utils.background_jobs.execute_job(event=None, is_async=True, job_name='frappe.core.doctype.scheduled_job_type.scheduled_job_type.run_scheduled_jo..., kwargs={'job_type': 'frappe.automation.doctype.reminder.reminder.send_reminders', ..., method='frappe.core.doctype.scheduled_job_type.scheduled_job_type.run_scheduled_jo..., site='crm.localhost', user='Administrator') (crm.localhost||scheduled_job||pg2di96mq0)
2026-02-16 03:00:13,490 Successfully completed frappe.utils.background_jobs.execute_job(event=None, is_async=True, job_name='frappe.core.doctype.scheduled_job_type.scheduled_job_type.run_scheduled_jo..., kwargs={'job_type': 'frappe.automation.doctype.reminder.reminder.send_reminders', ..., method='frappe.core.doctype.scheduled_job_type.scheduled_job_type.run_scheduled_jo..., site='crm.localhost', user='Administrator') job in 0:00:00.564423s on worker fed08d5c7c1a4b77b3fa2f835486c3f9
2026-02-16 03:00:13,490 home-emlad-Developer-frappe-crm-f0rk-frappe-bench:default: Job OK (crm.localhost||scheduled_job||pg2di96mq0)
2026-02-16 03:00:13,490 Result is kept for 600 seconds
2026-02-16 03:00:13,499 home-emlad-Developer-frappe-crm-f0rk-frappe-bench:default: frappe.utils.background_jobs.execute_job(event=None, is_async=True, job_name='frappe.core.doctype.scheduled_job_type.scheduled_job_type.run_scheduled_jo..., kwargs={'job_type': 'frappe.email.doctype.email_account.email_account.notify_unrep..., method='frappe.core.doctype.scheduled_job_type.scheduled_job_type.run_scheduled_jo..., site='crm.localhost', user='Administrator') (crm.localhost||scheduled_job||pg275o944e)
2026-02-16 03:00:14,055 Successfully completed frappe.utils.background_jobs.execute_job(event=None, is_async=True, job_name='frappe.core.doctype.scheduled_job_type.scheduled_job_type.run_scheduled_jo..., kwargs={'job_type': 'frappe.email.doctype.email_account.email_account.notify_unrep..., method='frappe.core.doctype.scheduled_job_type.scheduled_job_type.run_scheduled_jo..., site='crm.localhost', user='Administrator') job in 0:00:00.546954s on worker fed08d5c7c1a4b77b3fa2f835486c3f9
2026-02-16 03:00:14,056 home-emlad-Developer-frappe-crm-f0rk-frappe-bench:default: Job OK (crm.localhost||scheduled_job||pg275o944e)
2026-02-16 03:00:14,056 Result is kept for 600 seconds
2026-02-16 03:00:14,065 home-emlad-Developer-frappe-crm-f0rk-frappe-bench:default: frappe.utils.background_jobs.execute_job(event=None, is_async=True, job_name='frappe.core.doctype.scheduled_job_type.scheduled_job_type.run_scheduled_jo..., kwargs={'job_type': 'frappe.email.queue.retry_sending_emails', 'scheduled_job_type..., method='frappe.core.doctype.scheduled_job_type.scheduled_job_type.run_scheduled_jo..., site='crm.localhost', user='Administrator') (crm.localhost||scheduled_job||pg3g2vc4ac)
2026-02-16 03:00:14,615 Successfully completed frappe.utils.background_jobs.execute_job(event=None, is_async=True, job_name='frappe.core.doctype.scheduled_job_type.scheduled_job_type.run_scheduled_jo..., kwargs={'job_type': 'frappe.email.queue.retry_sending_emails', 'scheduled_job_type..., method='frappe.core.doctype.scheduled_job_type.scheduled_job_type.run_scheduled_jo..., site='crm.localhost', user='Administrator') job in 0:00:00.540930s on worker fed08d5c7c1a4b77b3fa2f835486c3f9
2026-02-16 03:00:14,616 home-emlad-Developer-frappe-crm-f0rk-frappe-bench:default: Job OK (crm.localhost||scheduled_job||pg3g2vc4ac)
2026-02-16 03:00:14,616 Result is kept for 600 seconds
2026-02-16 03:00:14,625 home-emlad-Developer-frappe-crm-f0rk-frappe-bench:default: frappe.utils.background_jobs.execute_job(event=None, is_async=True, job_name='frappe.core.doctype.scheduled_job_type.scheduled_job_type.run_scheduled_jo..., kwargs={'job_type': 'crm.lead_syncing.background_sync.sync_leads_from_sources_5_mi..., method='frappe.core.doctype.scheduled_job_type.scheduled_job_type.run_scheduled_jo..., site='crm.localhost', user='Administrator') (crm.localhost||scheduled_job||pls5pj208u)
2026-02-16 03:00:15,200 Successfully completed frappe.utils.background_jobs.execute_job(event=None, is_async=True, job_name='frappe.core.doctype.scheduled_job_type.scheduled_job_type.run_scheduled_jo..., kwargs={'job_type': 'crm.lead_syncing.background_sync.sync_leads_from_sources_5_mi..., method='frappe.core.doctype.scheduled_job_type.scheduled_job_type.run_scheduled_jo..., site='crm.localhost', user='Administrator') job in 0:00:00.563698s on worker fed08d5c7c1a4b77b3fa2f835486c3f9
2026-02-16 03:00:15,201 home-emlad-Developer-frappe-crm-f0rk-frappe-bench:default: Job OK (crm.localhost||scheduled_job||pls5pj208u)
2026-02-16 03:00:15,201 Result is kept for 600 seconds
2026-02-16 03:00:15,211 home-emlad-Developer-frappe-crm-f0rk-frappe-bench:default: frappe.utils.background_jobs.execute_job(event=None, is_async=True, job_name='frappe.core.doctype.scheduled_job_type.scheduled_job_type.run_scheduled_jo..., kwargs={'job_type': 'frappe.monitor.flush', 'scheduled_job_type': 'pg3o4gee9k'}, method='frappe.core.doctype.scheduled_job_type.scheduled_job_type.run_scheduled_jo..., site='crm.localhost', user='Administrator') (crm.localhost||scheduled_job||pg3o4gee9k)
2026-02-16 03:00:15,828 Successfully completed frappe.utils.background_jobs.execute_job(event=None, is_async=True, job_name='frappe.core.doctype.scheduled_job_type.scheduled_job_type.run_scheduled_jo..., kwargs={'job_type': 'frappe.monitor.flush', 'scheduled_job_type': 'pg3o4gee9k'}, method='frappe.core.doctype.scheduled_job_type.scheduled_job_type.run_scheduled_jo..., site='crm.localhost', user='Administrator') job in 0:00:00.603871s on worker fed08d5c7c1a4b77b3fa2f835486c3f9
2026-02-16 03:00:15,828 home-emlad-Developer-frappe-crm-f0rk-frappe-bench:default: Job OK (crm.localhost||scheduled_job||pg3o4gee9k)
2026-02-16 03:00:15,828 Result is kept for 600 seconds
2026-02-16 03:00:15,839 home-emlad-Developer-frappe-crm-f0rk-frappe-bench:long: frappe.utils.background_jobs.execute_job(event=None, is_async=True, job_name='frappe.core.doctype.scheduled_job_type.scheduled_job_type.run_scheduled_jo..., kwargs={'job_type': 'frappe.desk.form.document_follow.send_hourly_updates', 'sched..., method='frappe.core.doctype.scheduled_job_type.scheduled_job_type.run_scheduled_jo..., site='crm.localhost', user='Administrator') (crm.localhost||scheduled_job||pg3j64i364)
2026-02-16 03:00:16,539 Successfully completed frappe.utils.background_jobs.execute_job(event=None, is_async=True, job_name='frappe.core.doctype.scheduled_job_type.scheduled_job_type.run_scheduled_jo..., kwargs={'job_type': 'frappe.desk.form.document_follow.send_hourly_updates', 'sched..., method='frappe.core.doctype.scheduled_job_type.scheduled_job_type.run_scheduled_jo..., site='crm.localhost', user='Administrator') job in 0:00:00.690486s on worker fed08d5c7c1a4b77b3fa2f835486c3f9
2026-02-16 03:00:16,540 home-emlad-Developer-frappe-crm-f0rk-frappe-bench:long: Job OK (crm.localhost||scheduled_job||pg3j64i364)
2026-02-16 03:00:16,540 Result is kept for 600 seconds
2026-02-16 03:00:16,550 home-emlad-Developer-frappe-crm-f0rk-frappe-bench:long: frappe.utils.background_jobs.execute_job(event=None, is_async=True, job_name='frappe.core.doctype.scheduled_job_type.scheduled_job_type.run_scheduled_jo..., kwargs={'job_type': 'frappe.core.doctype.prepared_report.prepared_report.expire_st..., method='frappe.core.doctype.scheduled_job_type.scheduled_job_type.run_scheduled_jo..., site='crm.localhost', user='Administrator') (crm.localhost||scheduled_job||pg38n3u04d)
2026-02-16 03:00:17,192 Successfully completed frappe.utils.background_jobs.execute_job(event=None, is_async=True, job_name='frappe.core.doctype.scheduled_job_type.scheduled_job_type.run_scheduled_jo..., kwargs={'job_type': 'frappe.core.doctype.prepared_report.prepared_report.expire_st..., method='frappe.core.doctype.scheduled_job_type.scheduled_job_type.run_scheduled_jo..., site='crm.localhost', user='Administrator') job in 0:00:00.628333s on worker fed08d5c7c1a4b77b3fa2f835486c3f9
2026-02-16 03:00:17,192 home-emlad-Developer-frappe-crm-f0rk-frappe-bench:long: Job OK (crm.localhost||scheduled_job||pg38n3u04d)
2026-02-16 03:00:17,192 Result is kept for 600 seconds
2026-02-16 03:00:17,203 home-emlad-Developer-frappe-crm-f0rk-frappe-bench:long: frappe.utils.background_jobs.execute_job(event=None, is_async=True, job_name='frappe.core.doctype.scheduled_job_type.scheduled_job_type.run_scheduled_jo..., kwargs={'job_type': 'frappe.twofactor.delete_all_barcodes_for_users', 'scheduled_j..., method='frappe.core.doctype.scheduled_job_type.scheduled_job_type.run_scheduled_jo..., site='crm.localhost', user='Administrator') (crm.localhost||scheduled_job||pg3i6b605b)
2026-02-16 03:00:17,855 Successfully completed frappe.utils.background_jobs.execute_job(event=None, is_async=True, job_name='frappe.core.doctype.scheduled_job_type.scheduled_job_type.run_scheduled_jo..., kwargs={'job_type': 'frappe.twofactor.delete_all_barcodes_for_users', 'scheduled_j..., method='frappe.core.doctype.scheduled_job_type.scheduled_job_type.run_scheduled_jo..., site='crm.localhost', user='Administrator') job in 0:00:00.638116s on worker fed08d5c7c1a4b77b3fa2f835486c3f9
2026-02-16 03:00:17,857 home-emlad-Developer-frappe-crm-f0rk-frappe-bench:long: Job OK (crm.localhost||scheduled_job||pg3i6b605b)
2026-02-16 03:00:17,858 Result is kept for 600 seconds
2026-02-16 03:00:17,880 home-emlad-Developer-frappe-crm-f0rk-frappe-bench:long: frappe.utils.background_jobs.execute_job(event=None, is_async=True, job_name='frappe.core.doctype.scheduled_job_type.scheduled_job_type.run_scheduled_jo..., kwargs={'job_type': 'crm.lead_syncing.background_sync.sync_leads_from_sources_hour..., method='frappe.core.doctype.scheduled_job_type.scheduled_job_type.run_scheduled_jo..., site='crm.localhost', user='Administrator') (crm.localhost||scheduled_job||pm3kgbni92)
2026-02-16 03:00:18,667 Successfully completed frappe.utils.background_jobs.execute_job(event=None, is_async=True, job_name='frappe.core.doctype.scheduled_job_type.scheduled_job_type.run_scheduled_jo..., kwargs={'job_type': 'crm.lead_syncing.background_sync.sync_leads_from_sources_hour..., method='frappe.core.doctype.scheduled_job_type.scheduled_job_type.run_scheduled_jo..., site='crm.localhost', user='Administrator') job in 0:00:00.766699s on worker fed08d5c7c1a4b77b3fa2f835486c3f9
2026-02-16 03:00:18,667 home-emlad-Developer-frappe-crm-f0rk-frappe-bench:long: Job OK (crm.localhost||scheduled_job||pm3kgbni92)
2026-02-16 03:00:18,667 Result is kept for 600 seconds
2026-02-16 03:00:18,679 home-emlad-Developer-frappe-crm-f0rk-frappe-bench:long: frappe.utils.background_jobs.execute_job(event=None, is_async=True, job_name='frappe.core.doctype.scheduled_job_type.scheduled_job_type.run_scheduled_jo..., kwargs={'job_type': 'frappe.oauth.delete_oauth2_data', 'scheduled_job_type': 'pg37..., method='frappe.core.doctype.scheduled_job_type.scheduled_job_type.run_scheduled_jo..., site='crm.localhost', user='Administrator') (crm.localhost||scheduled_job||pg37g1kgki)
2026-02-16 03:00:19,432 Successfully completed frappe.utils.background_jobs.execute_job(event=None, is_async=True, job_name='frappe.core.doctype.scheduled_job_type.scheduled_job_type.run_scheduled_jo..., kwargs={'job_type': 'frappe.oauth.delete_oauth2_data', 'scheduled_job_type': 'pg37..., method='frappe.core.doctype.scheduled_job_type.scheduled_job_type.run_scheduled_jo..., site='crm.localhost', user='Administrator') job in 0:00:00.742180s on worker fed08d5c7c1a4b77b3fa2f835486c3f9
2026-02-16 03:00:19,433 home-emlad-Developer-frappe-crm-f0rk-frappe-bench:long: Job OK (crm.localhost||scheduled_job||pg37g1kgki)
2026-02-16 03:00:19,433 Result is kept for 600 seconds
2026-02-16 03:00:19,444 home-emlad-Developer-frappe-crm-f0rk-frappe-bench:long: frappe.utils.background_jobs.execute_job(event=None, is_async=True, job_name='frappe.core.doctype.scheduled_job_type.scheduled_job_type.run_scheduled_jo..., kwargs={'job_type': 'frappe.desk.utils.delete_old_exported_report_files', 'schedul..., method='frappe.core.doctype.scheduled_job_type.scheduled_job_type.run_scheduled_jo..., site='crm.localhost', user='Administrator') (crm.localhost||scheduled_job||pg377nau64)
2026-02-16 03:00:20,280 Successfully completed frappe.utils.background_jobs.execute_job(event=None, is_async=True, job_name='frappe.core.doctype.scheduled_job_type.scheduled_job_type.run_scheduled_jo..., kwargs={'job_type': 'frappe.desk.utils.delete_old_exported_report_files', 'schedul..., method='frappe.core.doctype.scheduled_job_type.scheduled_job_type.run_scheduled_jo..., site='crm.localhost', user='Administrator') job in 0:00:00.825757s on worker fed08d5c7c1a4b77b3fa2f835486c3f9
2026-02-16 03:00:20,281 home-emlad-Developer-frappe-crm-f0rk-frappe-bench:long: Job OK (crm.localhost||scheduled_job||pg377nau64)
2026-02-16 03:00:20,281 Result is kept for 600 seconds
2026-02-16 03:00:20,292 home-emlad-Developer-frappe-crm-f0rk-frappe-bench:long: frappe.utils.background_jobs.execute_job(event=None, is_async=True, job_name='frappe.core.doctype.scheduled_job_type.scheduled_job_type.run_scheduled_jo..., kwargs={'job_type': 'frappe.model.utils.user_settings.sync_user_settings', 'schedu..., method='frappe.core.doctype.scheduled_job_type.scheduled_job_type.run_scheduled_jo..., site='crm.localhost', user='Administrator') (crm.localhost||scheduled_job||pg36taaskr)
2026-02-16 03:00:21,034 Successfully completed frappe.utils.background_jobs.execute_job(event=None, is_async=True, job_name='frappe.core.doctype.scheduled_job_type.scheduled_job_type.run_scheduled_jo..., kwargs={'job_type': 'frappe.model.utils.user_settings.sync_user_settings', 'schedu..., method='frappe.core.doctype.scheduled_job_type.scheduled_job_type.run_scheduled_jo..., site='crm.localhost', user='Administrator') job in 0:00:00.731742s on worker fed08d5c7c1a4b77b3fa2f835486c3f9
2026-02-16 03:00:21,034 home-emlad-Developer-frappe-crm-f0rk-frappe-bench:long: Job OK (crm.localhost||scheduled_job||pg36taaskr)
2026-02-16 03:00:21,034 Result is kept for 600 seconds
2026-02-16 03:00:21,044 home-emlad-Developer-frappe-crm-f0rk-frappe-bench:long: frappe.utils.background_jobs.execute_job(event=None, is_async=True, job_name='frappe.core.doctype.scheduled_job_type.scheduled_job_type.run_scheduled_jo..., kwargs={'job_type': 'frappe.desk.page.backups.backups.delete_downloadable_backups'..., method='frappe.core.doctype.scheduled_job_type.scheduled_job_type.run_scheduled_jo..., site='crm.localhost', user='Administrator') (crm.localhost||scheduled_job||pg32okhn0c)
2026-02-16 03:00:21,658 Successfully completed frappe.utils.background_jobs.execute_job(event=None, is_async=True, job_name='frappe.core.doctype.scheduled_job_type.scheduled_job_type.run_scheduled_jo..., kwargs={'job_type': 'frappe.desk.page.backups.backups.delete_downloadable_backups'..., method='frappe.core.doctype.scheduled_job_type.scheduled_job_type.run_scheduled_jo..., site='crm.localhost', user='Administrator') job in 0:00:00.603381s on worker fed08d5c7c1a4b77b3fa2f835486c3f9
2026-02-16 03:00:21,659 home-emlad-Developer-frappe-crm-f0rk-frappe-bench:long: Job OK (crm.localhost||scheduled_job||pg32okhn0c)
2026-02-16 03:00:21,659 Result is kept for 600 seconds
2026-02-16 03:00:21,671 home-emlad-Developer-frappe-crm-f0rk-frappe-bench:long: frappe.utils.background_jobs.execute_job(event=None, is_async=True, job_name='frappe.core.doctype.scheduled_job_type.scheduled_job_type.run_scheduled_jo..., kwargs={'job_type': 'frappe.website.doctype.personal_data_deletion_request.persona..., method='frappe.core.doctype.scheduled_job_type.scheduled_job_type.run_scheduled_jo..., site='crm.localhost', user='Administrator') (crm.localhost||scheduled_job||pg3ost9bea)
2026-02-16 03:00:22,315 Successfully completed frappe.utils.background_jobs.execute_job(event=None, is_async=True, job_name='frappe.core.doctype.scheduled_job_type.scheduled_job_type.run_scheduled_jo..., kwargs={'job_type': 'frappe.website.doctype.personal_data_deletion_request.persona..., method='frappe.core.doctype.scheduled_job_type.scheduled_job_type.run_scheduled_jo..., site='crm.localhost', user='Administrator') job in 0:00:00.631276s on worker fed08d5c7c1a4b77b3fa2f835486c3f9
2026-02-16 03:00:22,316 home-emlad-Developer-frappe-crm-f0rk-frappe-bench:long: Job OK (crm.localhost||scheduled_job||pg3ost9bea)
2026-02-16 03:00:22,316 Result is kept for 600 seconds
2026-02-16 03:00:22,327 home-emlad-Developer-frappe-crm-f0rk-frappe-bench:long: frappe.utils.background_jobs.execute_job(event=None, is_async=True, job_name='frappe.core.doctype.scheduled_job_type.scheduled_job_type.run_scheduled_jo..., kwargs={'job_type': 'frappe.website.doctype.web_page.web_page.check_publish_status..., method='frappe.core.doctype.scheduled_job_type.scheduled_job_type.run_scheduled_jo..., site='crm.localhost', user='Administrator') (crm.localhost||scheduled_job||pg3q036f7k)
2026-02-16 03:00:23,082 Successfully completed frappe.utils.background_jobs.execute_job(event=None, is_async=True, job_name='frappe.core.doctype.scheduled_job_type.scheduled_job_type.run_scheduled_jo..., kwargs={'job_type': 'frappe.website.doctype.web_page.web_page.check_publish_status..., method='frappe.core.doctype.scheduled_job_type.scheduled_job_type.run_scheduled_jo..., site='crm.localhost', user='Administrator') job in 0:00:00.744635s on worker fed08d5c7c1a4b77b3fa2f835486c3f9
2026-02-16 03:00:23,082 home-emlad-Developer-frappe-crm-f0rk-frappe-bench:long: Job OK (crm.localhost||scheduled_job||pg3q036f7k)
2026-02-16 03:00:23,082 Result is kept for 600 seconds
2026-02-16 03:00:54,596 Worker fed08d5c7c1a4b77b3fa2f835486c3f9 [PID 245283]: warm shut down requested
2026-04-13 12:16:58,632 Worker 32907d4c3a574329a1a5d8bdc4102ce5: started with PID 115775, version 2.6.1
2026-04-13 12:16:58,633 Worker 32907d4c3a574329a1a5d8bdc4102ce5: subscribing to channel rq:pubsub:32907d4c3a574329a1a5d8bdc4102ce5
2026-04-13 12:16:58,635 *** Listening on home-emlad-Developer-frappe-crm-f0rk-frappe-bench:short, home-emlad-Developer-frappe-crm-f0rk-frappe-bench:default, home-emlad-Developer-frappe-crm-f0rk-frappe-bench:long...
2026-04-13 12:16:58,636 Worker 32907d4c3a574329a1a5d8bdc4102ce5: cleaning registries for queue: home-emlad-Developer-frappe-crm-f0rk-frappe-bench:short
2026-04-13 12:16:58,661 Worker 32907d4c3a574329a1a5d8bdc4102ce5: cleaning registries for queue: home-emlad-Developer-frappe-crm-f0rk-frappe-bench:default
2026-04-13 12:16:58,666 Worker 32907d4c3a574329a1a5d8bdc4102ce5: cleaning registries for queue: home-emlad-Developer-frappe-crm-f0rk-frappe-bench:long
2026-04-13 12:17:04,375 Worker 32907d4c3a574329a1a5d8bdc4102ce5 [PID 115775]: warm shut down requested
2026-04-13 12:17:04,377 Worker 32907d4c3a574329a1a5d8bdc4102ce5: unsubscribing from channel rq:pubsub:32907d4c3a574329a1a5d8bdc4102ce5
2026-04-13 12:18:31,172 Worker 038764bea75640eea2d2c6b1fa83734a: started with PID 117402, version 2.6.1
2026-04-13 12:18:31,172 Worker 038764bea75640eea2d2c6b1fa83734a: subscribing to channel rq:pubsub:038764bea75640eea2d2c6b1fa83734a
2026-04-13 12:18:31,175 *** Listening on home-emlad-Developer-frappe-crm-f0rk-frappe-bench:short, home-emlad-Developer-frappe-crm-f0rk-frappe-bench:default, home-emlad-Developer-frappe-crm-f0rk-frappe-bench:long...
2026-04-13 12:18:31,176 Worker 038764bea75640eea2d2c6b1fa83734a: cleaning registries for queue: home-emlad-Developer-frappe-crm-f0rk-frappe-bench:short
2026-04-13 12:18:31,178 Worker 038764bea75640eea2d2c6b1fa83734a: cleaning registries for queue: home-emlad-Developer-frappe-crm-f0rk-frappe-bench:default
2026-04-13 12:18:31,179 Worker 038764bea75640eea2d2c6b1fa83734a: cleaning registries for queue: home-emlad-Developer-frappe-crm-f0rk-frappe-bench:long
2026-04-13 12:18:31,587 Worker 038764bea75640eea2d2c6b1fa83734a [PID 117402]: warm shut down requested
2026-04-13 12:18:31,589 Worker 038764bea75640eea2d2c6b1fa83734a: unsubscribing from channel rq:pubsub:038764bea75640eea2d2c6b1fa83734a
2026-04-13 12:23:21,160 Worker 6aa74ae75a2942d2b8288ac46410b038: started with PID 119698, version 2.6.1
2026-04-13 12:23:21,161 Worker 6aa74ae75a2942d2b8288ac46410b038: subscribing to channel rq:pubsub:6aa74ae75a2942d2b8288ac46410b038
2026-04-13 12:23:21,163 *** Listening on home-emlad-Developer-frappe-crm-f0rk-frappe-bench:short, home-emlad-Developer-frappe-crm-f0rk-frappe-bench:default, home-emlad-Developer-frappe-crm-f0rk-frappe-bench:long...
2026-04-13 12:23:21,163 Worker 6aa74ae75a2942d2b8288ac46410b038: cleaning registries for queue: home-emlad-Developer-frappe-crm-f0rk-frappe-bench:short
2026-04-13 12:23:21,166 Worker 6aa74ae75a2942d2b8288ac46410b038: cleaning registries for queue: home-emlad-Developer-frappe-crm-f0rk-frappe-bench:default
2026-04-13 12:23:21,168 Worker 6aa74ae75a2942d2b8288ac46410b038: cleaning registries for queue: home-emlad-Developer-frappe-crm-f0rk-frappe-bench:long
2026-04-13 12:24:32,616 Worker 6aa74ae75a2942d2b8288ac46410b038 [PID 119698]: warm shut down requested
2026-04-13 12:24:32,618 Worker 6aa74ae75a2942d2b8288ac46410b038: unsubscribing from channel rq:pubsub:6aa74ae75a2942d2b8288ac46410b038
