/home/emlad/Developer/frappe-crm-f0rk/frappe-bench/env/lib/python3.14/site-packages/rq/worker.py:1602: DeprecationWarning: This process (pid=225642) is multi-threaded, use of fork() may lead to deadlocks in the child.
  child_pid = os.fork()
/home/emlad/Developer/frappe-crm-f0rk/frappe-bench/env/lib/python3.14/site-packages/rq/worker.py:1602: DeprecationWarning: This process (pid=225642) is multi-threaded, use of fork() may lead to deadlocks in the child.
  child_pid = os.fork()
/home/emlad/Developer/frappe-crm-f0rk/frappe-bench/env/lib/python3.14/site-packages/rq/worker.py:1602: DeprecationWarning: This process (pid=225642) is multi-threaded, use of fork() may lead to deadlocks in the child.
  child_pid = os.fork()
/home/emlad/Developer/frappe-crm-f0rk/frappe-bench/env/lib/python3.14/site-packages/rq/worker.py:1602: DeprecationWarning: This process (pid=225642) is multi-threaded, use of fork() may lead to deadlocks in the child.
  child_pid = os.fork()
/home/emlad/Developer/frappe-crm-f0rk/frappe-bench/env/lib/python3.14/site-packages/rq/worker.py:1602: DeprecationWarning: This process (pid=225642) is multi-threaded, use of fork() may lead to deadlocks in the child.
  child_pid = os.fork()
/home/emlad/Developer/frappe-crm-f0rk/frappe-bench/env/lib/python3.14/site-packages/rq/worker.py:1602: DeprecationWarning: This process (pid=225642) is multi-threaded, use of fork() may lead to deadlocks in the child.
  child_pid = os.fork()
/home/emlad/Developer/frappe-crm-f0rk/frappe-bench/env/lib/python3.14/site-packages/rq/worker.py:1602: DeprecationWarning: This process (pid=225642) is multi-threaded, use of fork() may lead to deadlocks in the child.
  child_pid = os.fork()
/home/emlad/Developer/frappe-crm-f0rk/frappe-bench/env/lib/python3.14/site-packages/rq/worker.py:1602: DeprecationWarning: This process (pid=225642) is multi-threaded, use of fork() may lead to deadlocks in the child.
  child_pid = os.fork()
/home/emlad/Developer/frappe-crm-f0rk/frappe-bench/env/lib/python3.14/site-packages/rq/worker.py:1602: DeprecationWarning: This process (pid=225642) is multi-threaded, use of fork() may lead to deadlocks in the child.
  child_pid = os.fork()
/home/emlad/Developer/frappe-crm-f0rk/frappe-bench/env/lib/python3.14/site-packages/rq/worker.py:1602: DeprecationWarning: This process (pid=225642) is multi-threaded, use of fork() may lead to deadlocks in the child.
  child_pid = os.fork()
/home/emlad/Developer/frappe-crm-f0rk/frappe-bench/env/lib/python3.14/site-packages/rq/worker.py:1602: DeprecationWarning: This process (pid=225642) is multi-threaded, use of fork() may lead to deadlocks in the child.
  child_pid = os.fork()
/home/emlad/Developer/frappe-crm-f0rk/frappe-bench/env/lib/python3.14/site-packages/rq/worker.py:1602: DeprecationWarning: This process (pid=225642) is multi-threaded, use of fork() may lead to deadlocks in the child.
  child_pid = os.fork()
/home/emlad/Developer/frappe-crm-f0rk/frappe-bench/env/lib/python3.14/site-packages/rq/worker.py:1602: DeprecationWarning: This process (pid=225642) is multi-threaded, use of fork() may lead to deadlocks in the child.
  child_pid = os.fork()
/home/emlad/Developer/frappe-crm-f0rk/frappe-bench/env/lib/python3.14/site-packages/rq/worker.py:1602: DeprecationWarning: This process (pid=225642) is multi-threaded, use of fork() may lead to deadlocks in the child.
  child_pid = os.fork()
/home/emlad/Developer/frappe-crm-f0rk/frappe-bench/env/lib/python3.14/site-packages/rq/worker.py:1602: DeprecationWarning: This process (pid=225642) is multi-threaded, use of fork() may lead to deadlocks in the child.
  child_pid = os.fork()
/home/emlad/Developer/frappe-crm-f0rk/frappe-bench/env/lib/python3.14/site-packages/rq/worker.py:1602: DeprecationWarning: This process (pid=225642) is multi-threaded, use of fork() may lead to deadlocks in the child.
  child_pid = os.fork()
/home/emlad/Developer/frappe-crm-f0rk/frappe-bench/env/lib/python3.14/site-packages/rq/worker.py:1602: DeprecationWarning: This process (pid=225642) is multi-threaded, use of fork() may lead to deadlocks in the child.
  child_pid = os.fork()
/home/emlad/Developer/frappe-crm-f0rk/frappe-bench/env/lib/python3.14/site-packages/rq/worker.py:1602: DeprecationWarning: This process (pid=225642) is multi-threaded, use of fork() may lead to deadlocks in the child.
  child_pid = os.fork()
/home/emlad/Developer/frappe-crm-f0rk/frappe-bench/env/lib/python3.14/site-packages/rq/worker.py:1602: DeprecationWarning: This process (pid=225642) is multi-threaded, use of fork() may lead to deadlocks in the child.
  child_pid = os.fork()
/home/emlad/Developer/frappe-crm-f0rk/frappe-bench/env/lib/python3.14/site-packages/rq/worker.py:1602: DeprecationWarning: This process (pid=225642) is multi-threaded, use of fork() may lead to deadlocks in the child.
  child_pid = os.fork()
/home/emlad/Developer/frappe-crm-f0rk/frappe-bench/env/lib/python3.14/site-packages/rq/worker.py:1602: DeprecationWarning: This process (pid=225642) is multi-threaded, use of fork() may lead to deadlocks in the child.
  child_pid = os.fork()
/home/emlad/Developer/frappe-crm-f0rk/frappe-bench/env/lib/python3.14/site-packages/rq/worker.py:1602: DeprecationWarning: This process (pid=225642) is multi-threaded, use of fork() may lead to deadlocks in the child.
  child_pid = os.fork()
/home/emlad/Developer/frappe-crm-f0rk/frappe-bench/env/lib/python3.14/site-packages/rq/worker.py:1602: DeprecationWarning: This process (pid=225642) is multi-threaded, use of fork() may lead to deadlocks in the child.
  child_pid = os.fork()
/home/emlad/Developer/frappe-crm-f0rk/frappe-bench/env/lib/python3.14/site-packages/rq/worker.py:1602: DeprecationWarning: This process (pid=225642) is multi-threaded, use of fork() may lead to deadlocks in the child.
  child_pid = os.fork()
/home/emlad/Developer/frappe-crm-f0rk/frappe-bench/env/lib/python3.14/site-packages/rq/worker.py:1602: DeprecationWarning: This process (pid=225642) is multi-threaded, use of fork() may lead to deadlocks in the child.
  child_pid = os.fork()
/home/emlad/Developer/frappe-crm-f0rk/frappe-bench/env/lib/python3.14/site-packages/rq/worker.py:1602: DeprecationWarning: This process (pid=225642) is multi-threaded, use of fork() may lead to deadlocks in the child.
  child_pid = os.fork()
/home/emlad/Developer/frappe-crm-f0rk/frappe-bench/env/lib/python3.14/site-packages/rq/worker.py:1602: DeprecationWarning: This process (pid=225642) is multi-threaded, use of fork() may lead to deadlocks in the child.
  child_pid = os.fork()
/home/emlad/Developer/frappe-crm-f0rk/frappe-bench/env/lib/python3.14/site-packages/rq/worker.py:1602: DeprecationWarning: This process (pid=225642) is multi-threaded, use of fork() may lead to deadlocks in the child.
  child_pid = os.fork()
/home/emlad/Developer/frappe-crm-f0rk/frappe-bench/env/lib/python3.14/site-packages/rq/worker.py:1602: DeprecationWarning: This process (pid=225642) is multi-threaded, use of fork() may lead to deadlocks in the child.
  child_pid = os.fork()
/home/emlad/Developer/frappe-crm-f0rk/frappe-bench/env/lib/python3.14/site-packages/rq/worker.py:1602: DeprecationWarning: This process (pid=225642) is multi-threaded, use of fork() may lead to deadlocks in the child.
  child_pid = os.fork()
/home/emlad/Developer/frappe-crm-f0rk/frappe-bench/env/lib/python3.14/site-packages/rq/worker.py:1602: DeprecationWarning: This process (pid=225642) is multi-threaded, use of fork() may lead to deadlocks in the child.
  child_pid = os.fork()
/home/emlad/Developer/frappe-crm-f0rk/frappe-bench/env/lib/python3.14/site-packages/rq/worker.py:1602: DeprecationWarning: This process (pid=225642) is multi-threaded, use of fork() may lead to deadlocks in the child.
  child_pid = os.fork()
/home/emlad/Developer/frappe-crm-f0rk/frappe-bench/env/lib/python3.14/site-packages/rq/worker.py:1602: DeprecationWarning: This process (pid=225642) is multi-threaded, use of fork() may lead to deadlocks in the child.
  child_pid = os.fork()
/home/emlad/Developer/frappe-crm-f0rk/frappe-bench/env/lib/python3.14/site-packages/rq/worker.py:1602: DeprecationWarning: This process (pid=225642) is multi-threaded, use of fork() may lead to deadlocks in the child.
  child_pid = os.fork()
/home/emlad/Developer/frappe-crm-f0rk/frappe-bench/env/lib/python3.14/site-packages/rq/worker.py:1602: DeprecationWarning: This process (pid=225642) is multi-threaded, use of fork() may lead to deadlocks in the child.
  child_pid = os.fork()
/home/emlad/Developer/frappe-crm-f0rk/frappe-bench/env/lib/python3.14/site-packages/rq/worker.py:1602: DeprecationWarning: This process (pid=225642) is multi-threaded, use of fork() may lead to deadlocks in the child.
  child_pid = os.fork()
/home/emlad/Developer/frappe-crm-f0rk/frappe-bench/env/lib/python3.14/site-packages/rq/worker.py:1602: DeprecationWarning: This process (pid=225642) is multi-threaded, use of fork() may lead to deadlocks in the child.
  child_pid = os.fork()
/home/emlad/Developer/frappe-crm-f0rk/frappe-bench/env/lib/python3.14/site-packages/rq/worker.py:1602: DeprecationWarning: This process (pid=225642) is multi-threaded, use of fork() may lead to deadlocks in the child.
  child_pid = os.fork()
/home/emlad/Developer/frappe-crm-f0rk/frappe-bench/env/lib/python3.14/site-packages/rq/worker.py:1602: DeprecationWarning: This process (pid=225642) is multi-threaded, use of fork() may lead to deadlocks in the child.
  child_pid = os.fork()
/home/emlad/Developer/frappe-crm-f0rk/frappe-bench/env/lib/python3.14/site-packages/rq/worker.py:1602: DeprecationWarning: This process (pid=225642) is multi-threaded, use of fork() may lead to deadlocks in the child.
  child_pid = os.fork()
/home/emlad/Developer/frappe-crm-f0rk/frappe-bench/env/lib/python3.14/site-packages/rq/worker.py:1602: DeprecationWarning: This process (pid=225642) is multi-threaded, use of fork() may lead to deadlocks in the child.
  child_pid = os.fork()
/home/emlad/Developer/frappe-crm-f0rk/frappe-bench/env/lib/python3.14/site-packages/rq/worker.py:1602: DeprecationWarning: This process (pid=225642) is multi-threaded, use of fork() may lead to deadlocks in the child.
  child_pid = os.fork()
/home/emlad/Developer/frappe-crm-f0rk/frappe-bench/env/lib/python3.14/site-packages/rq/worker.py:1602: DeprecationWarning: This process (pid=225642) is multi-threaded, use of fork() may lead to deadlocks in the child.
  child_pid = os.fork()
/home/emlad/Developer/frappe-crm-f0rk/frappe-bench/env/lib/python3.14/site-packages/rq/worker.py:1602: DeprecationWarning: This process (pid=225642) is multi-threaded, use of fork() may lead to deadlocks in the child.
  child_pid = os.fork()
/home/emlad/Developer/frappe-crm-f0rk/frappe-bench/env/lib/python3.14/site-packages/rq/worker.py:1602: DeprecationWarning: This process (pid=225642) is multi-threaded, use of fork() may lead to deadlocks in the child.
  child_pid = os.fork()
/home/emlad/Developer/frappe-crm-f0rk/frappe-bench/env/lib/python3.14/site-packages/rq/worker.py:1602: DeprecationWarning: This process (pid=225642) is multi-threaded, use of fork() may lead to deadlocks in the child.
  child_pid = os.fork()
/home/emlad/Developer/frappe-crm-f0rk/frappe-bench/env/lib/python3.14/site-packages/rq/worker.py:1602: DeprecationWarning: This process (pid=225642) is multi-threaded, use of fork() may lead to deadlocks in the child.
  child_pid = os.fork()
/home/emlad/Developer/frappe-crm-f0rk/frappe-bench/env/lib/python3.14/site-packages/rq/worker.py:1602: DeprecationWarning: This process (pid=225642) is multi-threaded, use of fork() may lead to deadlocks in the child.
  child_pid = os.fork()
/home/emlad/Developer/frappe-crm-f0rk/frappe-bench/env/lib/python3.14/site-packages/rq/worker.py:1602: DeprecationWarning: This process (pid=225642) is multi-threaded, use of fork() may lead to deadlocks in the child.
  child_pid = os.fork()
/home/emlad/Developer/frappe-crm-f0rk/frappe-bench/env/lib/python3.14/site-packages/rq/worker.py:1602: DeprecationWarning: This process (pid=225642) is multi-threaded, use of fork() may lead to deadlocks in the child.
  child_pid = os.fork()
/home/emlad/Developer/frappe-crm-f0rk/frappe-bench/env/lib/python3.14/site-packages/rq/worker.py:1602: DeprecationWarning: This process (pid=225642) is multi-threaded, use of fork() may lead to deadlocks in the child.
  child_pid = os.fork()
/home/emlad/Developer/frappe-crm-f0rk/frappe-bench/env/lib/python3.14/site-packages/rq/worker.py:1602: DeprecationWarning: This process (pid=225642) is multi-threaded, use of fork() may lead to deadlocks in the child.
  child_pid = os.fork()
/home/emlad/Developer/frappe-crm-f0rk/frappe-bench/env/lib/python3.14/site-packages/rq/worker.py:1602: DeprecationWarning: This process (pid=225642) is multi-threaded, use of fork() may lead to deadlocks in the child.
  child_pid = os.fork()
/home/emlad/Developer/frappe-crm-f0rk/frappe-bench/env/lib/python3.14/site-packages/rq/worker.py:1602: DeprecationWarning: This process (pid=225642) is multi-threaded, use of fork() may lead to deadlocks in the child.
  child_pid = os.fork()
/home/emlad/Developer/frappe-crm-f0rk/frappe-bench/env/lib/python3.14/site-packages/rq/worker.py:1602: DeprecationWarning: This process (pid=225642) is multi-threaded, use of fork() may lead to deadlocks in the child.
  child_pid = os.fork()
/home/emlad/Developer/frappe-crm-f0rk/frappe-bench/env/lib/python3.14/site-packages/rq/worker.py:1602: DeprecationWarning: This process (pid=225642) is multi-threaded, use of fork() may lead to deadlocks in the child.
  child_pid = os.fork()
/home/emlad/Developer/frappe-crm-f0rk/frappe-bench/env/lib/python3.14/site-packages/rq/worker.py:1602: DeprecationWarning: This process (pid=225642) is multi-threaded, use of fork() may lead to deadlocks in the child.
  child_pid = os.fork()
/home/emlad/Developer/frappe-crm-f0rk/frappe-bench/env/lib/python3.14/site-packages/rq/worker.py:1602: DeprecationWarning: This process (pid=225642) is multi-threaded, use of fork() may lead to deadlocks in the child.
  child_pid = os.fork()
/home/emlad/Developer/frappe-crm-f0rk/frappe-bench/env/lib/python3.14/site-packages/rq/worker.py:1602: DeprecationWarning: This process (pid=225642) is multi-threaded, use of fork() may lead to deadlocks in the child.
  child_pid = os.fork()
/home/emlad/Developer/frappe-crm-f0rk/frappe-bench/env/lib/python3.14/site-packages/rq/worker.py:1602: DeprecationWarning: This process (pid=225642) is multi-threaded, use of fork() may lead to deadlocks in the child.
  child_pid = os.fork()
/home/emlad/Developer/frappe-crm-f0rk/frappe-bench/env/lib/python3.14/site-packages/rq/worker.py:1602: DeprecationWarning: This process (pid=225642) is multi-threaded, use of fork() may lead to deadlocks in the child.
  child_pid = os.fork()
/home/emlad/Developer/frappe-crm-f0rk/frappe-bench/env/lib/python3.14/site-packages/rq/worker.py:1602: DeprecationWarning: This process (pid=225642) is multi-threaded, use of fork() may lead to deadlocks in the child.
  child_pid = os.fork()
/home/emlad/Developer/frappe-crm-f0rk/frappe-bench/env/lib/python3.14/site-packages/rq/worker.py:1602: DeprecationWarning: This process (pid=225642) is multi-threaded, use of fork() may lead to deadlocks in the child.
  child_pid = os.fork()
/home/emlad/Developer/frappe-crm-f0rk/frappe-bench/env/lib/python3.14/site-packages/rq/worker.py:1602: DeprecationWarning: This process (pid=225642) is multi-threaded, use of fork() may lead to deadlocks in the child.
  child_pid = os.fork()
/home/emlad/Developer/frappe-crm-f0rk/frappe-bench/env/lib/python3.14/site-packages/rq/worker.py:1602: DeprecationWarning: This process (pid=225642) is multi-threaded, use of fork() may lead to deadlocks in the child.
  child_pid = os.fork()
/home/emlad/Developer/frappe-crm-f0rk/frappe-bench/env/lib/python3.14/site-packages/rq/worker.py:1602: DeprecationWarning: This process (pid=225642) is multi-threaded, use of fork() may lead to deadlocks in the child.
  child_pid = os.fork()
/home/emlad/Developer/frappe-crm-f0rk/frappe-bench/env/lib/python3.14/site-packages/rq/worker.py:1602: DeprecationWarning: This process (pid=225642) is multi-threaded, use of fork() may lead to deadlocks in the child.
  child_pid = os.fork()
/home/emlad/Developer/frappe-crm-f0rk/frappe-bench/env/lib/python3.14/site-packages/rq/worker.py:1602: DeprecationWarning: This process (pid=225642) is multi-threaded, use of fork() may lead to deadlocks in the child.
  child_pid = os.fork()
2026-02-16 01:25:54,772 Worker 3e88fe614a074a17b629cb6f42be8bd8: could not connect to Redis instance: Error 111 connecting to 127.0.0.1:11000. Connection refused. retrying in 2 seconds...
/home/emlad/Developer/frappe-crm-f0rk/frappe-bench/env/lib/python3.14/site-packages/rq/worker.py:1602: DeprecationWarning: This process (pid=245283) is multi-threaded, use of fork() may lead to deadlocks in the child.
  child_pid = os.fork()
/home/emlad/Developer/frappe-crm-f0rk/frappe-bench/env/lib/python3.14/site-packages/rq/worker.py:1602: DeprecationWarning: This process (pid=245283) is multi-threaded, use of fork() may lead to deadlocks in the child.
  child_pid = os.fork()
/home/emlad/Developer/frappe-crm-f0rk/frappe-bench/env/lib/python3.14/site-packages/rq/worker.py:1602: DeprecationWarning: This process (pid=245283) is multi-threaded, use of fork() may lead to deadlocks in the child.
  child_pid = os.fork()
/home/emlad/Developer/frappe-crm-f0rk/frappe-bench/env/lib/python3.14/site-packages/rq/worker.py:1602: DeprecationWarning: This process (pid=245283) is multi-threaded, use of fork() may lead to deadlocks in the child.
  child_pid = os.fork()
/home/emlad/Developer/frappe-crm-f0rk/frappe-bench/env/lib/python3.14/site-packages/rq/worker.py:1602: DeprecationWarning: This process (pid=245283) is multi-threaded, use of fork() may lead to deadlocks in the child.
  child_pid = os.fork()
/home/emlad/Developer/frappe-crm-f0rk/frappe-bench/env/lib/python3.14/site-packages/rq/worker.py:1602: DeprecationWarning: This process (pid=245283) is multi-threaded, use of fork() may lead to deadlocks in the child.
  child_pid = os.fork()
/home/emlad/Developer/frappe-crm-f0rk/frappe-bench/env/lib/python3.14/site-packages/rq/worker.py:1602: DeprecationWarning: This process (pid=245283) is multi-threaded, use of fork() may lead to deadlocks in the child.
  child_pid = os.fork()
/home/emlad/Developer/frappe-crm-f0rk/frappe-bench/env/lib/python3.14/site-packages/rq/worker.py:1602: DeprecationWarning: This process (pid=245283) is multi-threaded, use of fork() may lead to deadlocks in the child.
  child_pid = os.fork()
/home/emlad/Developer/frappe-crm-f0rk/frappe-bench/env/lib/python3.14/site-packages/rq/worker.py:1602: DeprecationWarning: This process (pid=245283) is multi-threaded, use of fork() may lead to deadlocks in the child.
  child_pid = os.fork()
/home/emlad/Developer/frappe-crm-f0rk/frappe-bench/env/lib/python3.14/site-packages/rq/worker.py:1602: DeprecationWarning: This process (pid=245283) is multi-threaded, use of fork() may lead to deadlocks in the child.
  child_pid = os.fork()
/home/emlad/Developer/frappe-crm-f0rk/frappe-bench/env/lib/python3.14/site-packages/rq/worker.py:1602: DeprecationWarning: This process (pid=245283) is multi-threaded, use of fork() may lead to deadlocks in the child.
  child_pid = os.fork()
/home/emlad/Developer/frappe-crm-f0rk/frappe-bench/env/lib/python3.14/site-packages/rq/worker.py:1602: DeprecationWarning: This process (pid=245283) is multi-threaded, use of fork() may lead to deadlocks in the child.
  child_pid = os.fork()
/home/emlad/Developer/frappe-crm-f0rk/frappe-bench/env/lib/python3.14/site-packages/rq/worker.py:1602: DeprecationWarning: This process (pid=245283) is multi-threaded, use of fork() may lead to deadlocks in the child.
  child_pid = os.fork()
/home/emlad/Developer/frappe-crm-f0rk/frappe-bench/env/lib/python3.14/site-packages/rq/worker.py:1602: DeprecationWarning: This process (pid=245283) is multi-threaded, use of fork() may lead to deadlocks in the child.
  child_pid = os.fork()
/home/emlad/Developer/frappe-crm-f0rk/frappe-bench/env/lib/python3.14/site-packages/rq/worker.py:1602: DeprecationWarning: This process (pid=245283) is multi-threaded, use of fork() may lead to deadlocks in the child.
  child_pid = os.fork()
/home/emlad/Developer/frappe-crm-f0rk/frappe-bench/env/lib/python3.14/site-packages/rq/worker.py:1602: DeprecationWarning: This process (pid=245283) is multi-threaded, use of fork() may lead to deadlocks in the child.
  child_pid = os.fork()
/home/emlad/Developer/frappe-crm-f0rk/frappe-bench/env/lib/python3.14/site-packages/rq/worker.py:1602: DeprecationWarning: This process (pid=245283) is multi-threaded, use of fork() may lead to deadlocks in the child.
  child_pid = os.fork()
/home/emlad/Developer/frappe-crm-f0rk/frappe-bench/env/lib/python3.14/site-packages/rq/worker.py:1602: DeprecationWarning: This process (pid=245283) is multi-threaded, use of fork() may lead to deadlocks in the child.
  child_pid = os.fork()
/home/emlad/Developer/frappe-crm-f0rk/frappe-bench/env/lib/python3.14/site-packages/rq/worker.py:1602: DeprecationWarning: This process (pid=245283) is multi-threaded, use of fork() may lead to deadlocks in the child.
  child_pid = os.fork()
/home/emlad/Developer/frappe-crm-f0rk/frappe-bench/env/lib/python3.14/site-packages/rq/worker.py:1602: DeprecationWarning: This process (pid=245283) is multi-threaded, use of fork() may lead to deadlocks in the child.
  child_pid = os.fork()
/home/emlad/Developer/frappe-crm-f0rk/frappe-bench/env/lib/python3.14/site-packages/rq/worker.py:1602: DeprecationWarning: This process (pid=245283) is multi-threaded, use of fork() may lead to deadlocks in the child.
  child_pid = os.fork()
/home/emlad/Developer/frappe-crm-f0rk/frappe-bench/env/lib/python3.14/site-packages/rq/worker.py:1602: DeprecationWarning: This process (pid=245283) is multi-threaded, use of fork() may lead to deadlocks in the child.
  child_pid = os.fork()
/home/emlad/Developer/frappe-crm-f0rk/frappe-bench/env/lib/python3.14/site-packages/rq/worker.py:1602: DeprecationWarning: This process (pid=245283) is multi-threaded, use of fork() may lead to deadlocks in the child.
  child_pid = os.fork()
/home/emlad/Developer/frappe-crm-f0rk/frappe-bench/env/lib/python3.14/site-packages/rq/worker.py:1602: DeprecationWarning: This process (pid=245283) is multi-threaded, use of fork() may lead to deadlocks in the child.
  child_pid = os.fork()
/home/emlad/Developer/frappe-crm-f0rk/frappe-bench/env/lib/python3.14/site-packages/rq/worker.py:1602: DeprecationWarning: This process (pid=245283) is multi-threaded, use of fork() may lead to deadlocks in the child.
  child_pid = os.fork()
/home/emlad/Developer/frappe-crm-f0rk/frappe-bench/env/lib/python3.14/site-packages/rq/worker.py:1602: DeprecationWarning: This process (pid=245283) is multi-threaded, use of fork() may lead to deadlocks in the child.
  child_pid = os.fork()
/home/emlad/Developer/frappe-crm-f0rk/frappe-bench/env/lib/python3.14/site-packages/rq/worker.py:1602: DeprecationWarning: This process (pid=245283) is multi-threaded, use of fork() may lead to deadlocks in the child.
  child_pid = os.fork()
/home/emlad/Developer/frappe-crm-f0rk/frappe-bench/env/lib/python3.14/site-packages/rq/worker.py:1602: DeprecationWarning: This process (pid=245283) is multi-threaded, use of fork() may lead to deadlocks in the child.
  child_pid = os.fork()
/home/emlad/Developer/frappe-crm-f0rk/frappe-bench/env/lib/python3.14/site-packages/rq/worker.py:1602: DeprecationWarning: This process (pid=245283) is multi-threaded, use of fork() may lead to deadlocks in the child.
  child_pid = os.fork()
/home/emlad/Developer/frappe-crm-f0rk/frappe-bench/env/lib/python3.14/site-packages/rq/worker.py:1602: DeprecationWarning: This process (pid=245283) is multi-threaded, use of fork() may lead to deadlocks in the child.
  child_pid = os.fork()
/home/emlad/Developer/frappe-crm-f0rk/frappe-bench/env/lib/python3.14/site-packages/rq/worker.py:1602: DeprecationWarning: This process (pid=245283) is multi-threaded, use of fork() may lead to deadlocks in the child.
  child_pid = os.fork()
/home/emlad/Developer/frappe-crm-f0rk/frappe-bench/env/lib/python3.14/site-packages/rq/worker.py:1602: DeprecationWarning: This process (pid=245283) is multi-threaded, use of fork() may lead to deadlocks in the child.
  child_pid = os.fork()
/home/emlad/Developer/frappe-crm-f0rk/frappe-bench/env/lib/python3.14/site-packages/rq/worker.py:1602: DeprecationWarning: This process (pid=245283) is multi-threaded, use of fork() may lead to deadlocks in the child.
  child_pid = os.fork()
/home/emlad/Developer/frappe-crm-f0rk/frappe-bench/env/lib/python3.14/site-packages/rq/worker.py:1602: DeprecationWarning: This process (pid=245283) is multi-threaded, use of fork() may lead to deadlocks in the child.
  child_pid = os.fork()
/home/emlad/Developer/frappe-crm-f0rk/frappe-bench/env/lib/python3.14/site-packages/rq/worker.py:1602: DeprecationWarning: This process (pid=245283) is multi-threaded, use of fork() may lead to deadlocks in the child.
  child_pid = os.fork()
/home/emlad/Developer/frappe-crm-f0rk/frappe-bench/env/lib/python3.14/site-packages/rq/worker.py:1602: DeprecationWarning: This process (pid=245283) is multi-threaded, use of fork() may lead to deadlocks in the child.
  child_pid = os.fork()
/home/emlad/Developer/frappe-crm-f0rk/frappe-bench/env/lib/python3.14/site-packages/whoosh/codec/whoosh3.py:1116: SyntaxWarning: "is" with 'int' literal. Did you mean "=="?
  elif fixedsize is 0:
/home/emlad/Developer/frappe-crm-f0rk/frappe-bench/env/lib/python3.14/site-packages/rq/worker.py:1602: DeprecationWarning: This process (pid=245283) is multi-threaded, use of fork() may lead to deadlocks in the child.
  child_pid = os.fork()
/home/emlad/Developer/frappe-crm-f0rk/frappe-bench/env/lib/python3.14/site-packages/rq/worker.py:1602: DeprecationWarning: This process (pid=245283) is multi-threaded, use of fork() may lead to deadlocks in the child.
  child_pid = os.fork()
/home/emlad/Developer/frappe-crm-f0rk/frappe-bench/env/lib/python3.14/site-packages/rq/worker.py:1602: DeprecationWarning: This process (pid=245283) is multi-threaded, use of fork() may lead to deadlocks in the child.
  child_pid = os.fork()
/home/emlad/Developer/frappe-crm-f0rk/frappe-bench/env/lib/python3.14/site-packages/rq/worker.py:1602: DeprecationWarning: This process (pid=245283) is multi-threaded, use of fork() may lead to deadlocks in the child.
  child_pid = os.fork()
/home/emlad/Developer/frappe-crm-f0rk/frappe-bench/env/lib/python3.14/site-packages/rq/worker.py:1602: DeprecationWarning: This process (pid=245283) is multi-threaded, use of fork() may lead to deadlocks in the child.
  child_pid = os.fork()
2026-02-16 01:44:40,297 Worker fed08d5c7c1a4b77b3fa2f835486c3f9: could not connect to Redis instance: Connection closed by server. retrying in 1 seconds...
2026-02-16 01:44:40,298 Worker fed08d5c7c1a4b77b3fa2f835486c3f9: could not connect to Redis instance: Error 111 connecting to 127.0.0.1:11000. Connection refused. retrying in 2 seconds...
2026-02-16 01:44:41,298 Worker fed08d5c7c1a4b77b3fa2f835486c3f9: could not connect to Redis instance: Error 111 connecting to 127.0.0.1:11000. Connection refused. retrying in 2 seconds...
2026-02-16 01:44:42,299 Worker fed08d5c7c1a4b77b3fa2f835486c3f9: could not connect to Redis instance: Error 111 connecting to 127.0.0.1:11000. Connection refused. retrying in 2 seconds...
2026-02-16 01:44:43,300 Worker fed08d5c7c1a4b77b3fa2f835486c3f9: could not connect to Redis instance: Error 111 connecting to 127.0.0.1:11000. Connection refused. retrying in 4 seconds...
2026-02-16 01:44:44,300 Worker fed08d5c7c1a4b77b3fa2f835486c3f9: could not connect to Redis instance: Error 111 connecting to 127.0.0.1:11000. Connection refused. retrying in 2 seconds...
2026-02-16 01:44:46,300 Worker fed08d5c7c1a4b77b3fa2f835486c3f9: could not connect to Redis instance: Error 111 connecting to 127.0.0.1:11000. Connection refused. retrying in 2 seconds...
2026-02-16 01:44:47,300 Worker fed08d5c7c1a4b77b3fa2f835486c3f9: could not connect to Redis instance: Error 111 connecting to 127.0.0.1:11000. Connection refused. retrying in 8 seconds...
2026-02-16 01:44:48,301 Worker fed08d5c7c1a4b77b3fa2f835486c3f9: could not connect to Redis instance: Error 111 connecting to 127.0.0.1:11000. Connection refused. retrying in 2 seconds...
Exception in thread Thread-1:
Traceback (most recent call last):
  File "/home/emlad/Developer/frappe-crm-f0rk/frappe-bench/env/lib/python3.14/site-packages/redis/connection.py", line 389, in connect_check_health
    sock = self.retry.call_with_retry(
        lambda: self._connect(), lambda error: self.disconnect(error)
    )
  File "/home/emlad/Developer/frappe-crm-f0rk/frappe-bench/env/lib/python3.14/site-packages/redis/retry.py", line 105, in call_with_retry
    return do()
  File "/home/emlad/Developer/frappe-crm-f0rk/frappe-bench/env/lib/python3.14/site-packages/redis/connection.py", line 390, in <lambda>
    lambda: self._connect(), lambda error: self.disconnect(error)
            ~~~~~~~~~~~~~^^
  File "/home/emlad/Developer/frappe-crm-f0rk/frappe-bench/env/lib/python3.14/site-packages/redis/connection.py", line 803, in _connect
    raise err
  File "/home/emlad/Developer/frappe-crm-f0rk/frappe-bench/env/lib/python3.14/site-packages/redis/connection.py", line 787, in _connect
    sock.connect(socket_address)
    ~~~~~~~~~~~~^^^^^^^^^^^^^^^^
ConnectionRefusedError: [Errno 111] Connection refused

During handling of the above exception, another exception occurred:

Traceback (most recent call last):
  File "/home/emlad/Developer/frappe-crm-f0rk/frappe-bench/env/lib/python3.14/site-packages/redis/retry.py", line 105, in call_with_retry
    return do()
  File "/home/emlad/Developer/frappe-crm-f0rk/frappe-bench/env/lib/python3.14/site-packages/redis/client.py", line 915, in <lambda>
    lambda: command(*args, **kwargs),
            ~~~~~~~^^^^^^^^^^^^^^^^^
  File "/home/emlad/Developer/frappe-crm-f0rk/frappe-bench/env/lib/python3.14/site-packages/redis/client.py", line 932, in try_read
    if not conn.can_read(timeout=timeout):
           ~~~~~~~~~~~~~^^^^^^^^^^^^^^^^^
  File "/home/emlad/Developer/frappe-crm-f0rk/frappe-bench/env/lib/python3.14/site-packages/redis/connection.py", line 623, in can_read
    self.connect()
    ~~~~~~~~~~~~^^
  File "/home/emlad/Developer/frappe-crm-f0rk/frappe-bench/env/lib/python3.14/site-packages/redis/connection.py", line 380, in connect
    self.connect_check_health(check_health=True)
    ~~~~~~~~~~~~~~~~~~~~~~~~~^^^^^^^^^^^^^^^^^^^
  File "/home/emlad/Developer/frappe-crm-f0rk/frappe-bench/env/lib/python3.14/site-packages/redis/connection.py", line 397, in connect_check_health
    raise ConnectionError(self._error_message(e))
redis.exceptions.ConnectionError: Error 111 connecting to 127.0.0.1:13000. Connection refused.

During handling of the above exception, another exception occurred:

Traceback (most recent call last):
  File "/home/emlad/Developer/frappe-crm-f0rk/frappe-bench/env/lib/python3.14/site-packages/redis/connection.py", line 389, in connect_check_health
    sock = self.retry.call_with_retry(
        lambda: self._connect(), lambda error: self.disconnect(error)
    )
  File "/home/emlad/Developer/frappe-crm-f0rk/frappe-bench/env/lib/python3.14/site-packages/redis/retry.py", line 105, in call_with_retry
    return do()
  File "/home/emlad/Developer/frappe-crm-f0rk/frappe-bench/env/lib/python3.14/site-packages/redis/connection.py", line 390, in <lambda>
    lambda: self._connect(), lambda error: self.disconnect(error)
            ~~~~~~~~~~~~~^^
  File "/home/emlad/Developer/frappe-crm-f0rk/frappe-bench/env/lib/python3.14/site-packages/redis/connection.py", line 803, in _connect
    raise err
  File "/home/emlad/Developer/frappe-crm-f0rk/frappe-bench/env/lib/python3.14/site-packages/redis/connection.py", line 787, in _connect
    sock.connect(socket_address)
    ~~~~~~~~~~~~^^^^^^^^^^^^^^^^
ConnectionRefusedError: [Errno 111] Connection refused

During handling of the above exception, another exception occurred:

Traceback (most recent call last):
  File "/home/emlad/.pyenv/versions/3.14.3/lib/python3.14/threading.py", line 1082, in _bootstrap_inner
    self._context.run(self.run)
    ~~~~~~~~~~~~~~~~~^^^^^^^^^^
  File "/home/emlad/Developer/frappe-crm-f0rk/frappe-bench/env/lib/python3.14/site-packages/redis/client.py", line 1269, in run
    self.exception_handler(e, pubsub, self)
    ~~~~~~~~~~~~~~~~~~~~~~^^^^^^^^^^^^^^^^^
  File "/home/emlad/Developer/frappe-crm-f0rk/frappe-bench/env/lib/python3.14/site-packages/redis/client.py", line 1265, in run
    pubsub.get_message(ignore_subscribe_messages=True, timeout=sleep_time)
    ~~~~~~~~~~~~~~~~~~^^^^^^^^^^^^^^^^^^^^^^^^^^^^^^^^^^^^^^^^^^^^^^^^^^^^
  File "/home/emlad/Developer/frappe-crm-f0rk/frappe-bench/env/lib/python3.14/site-packages/redis/client.py", line 1127, in get_message
    response = self.parse_response(block=(timeout is None), timeout=timeout)
  File "/home/emlad/Developer/frappe-crm-f0rk/frappe-bench/env/lib/python3.14/site-packages/redis/client.py", line 938, in parse_response
    response = self._execute(conn, try_read)
  File "/home/emlad/Developer/frappe-crm-f0rk/frappe-bench/env/lib/python3.14/site-packages/redis/client.py", line 914, in _execute
    return conn.retry.call_with_retry(
           ~~~~~~~~~~~~~~~~~~~~~~~~~~^
        lambda: command(*args, **kwargs),
        ^^^^^^^^^^^^^^^^^^^^^^^^^^^^^^^^^
        lambda _: self._reconnect(conn),
        ^^^^^^^^^^^^^^^^^^^^^^^^^^^^^^^^
    )
    ^
  File "/home/emlad/Developer/frappe-crm-f0rk/frappe-bench/env/lib/python3.14/site-packages/redis/retry.py", line 108, in call_with_retry
    fail(error)
    ~~~~^^^^^^^
  File "/home/emlad/Developer/frappe-crm-f0rk/frappe-bench/env/lib/python3.14/site-packages/redis/client.py", line 916, in <lambda>
    lambda _: self._reconnect(conn),
              ~~~~~~~~~~~~~~~^^^^^^
  File "/home/emlad/Developer/frappe-crm-f0rk/frappe-bench/env/lib/python3.14/site-packages/redis/client.py", line 904, in _reconnect
    conn.connect()
    ~~~~~~~~~~~~^^
  File "/home/emlad/Developer/frappe-crm-f0rk/frappe-bench/env/lib/python3.14/site-packages/redis/connection.py", line 380, in connect
    self.connect_check_health(check_health=True)
    ~~~~~~~~~~~~~~~~~~~~~~~~~^^^^^^^^^^^^^^^^^^^
  File "/home/emlad/Developer/frappe-crm-f0rk/frappe-bench/env/lib/python3.14/site-packages/redis/connection.py", line 397, in connect_check_health
    raise ConnectionError(self._error_message(e))
redis.exceptions.ConnectionError: Error 111 connecting to 127.0.0.1:13000. Connection refused.
2026-02-16 01:44:50,302 Worker fed08d5c7c1a4b77b3fa2f835486c3f9: could not connect to Redis instance: Error 111 connecting to 127.0.0.1:11000. Connection refused. retrying in 2 seconds...
2026-02-16 01:44:52,303 Worker fed08d5c7c1a4b77b3fa2f835486c3f9: could not connect to Redis instance: Error 111 connecting to 127.0.0.1:11000. Connection refused. retrying in 2 seconds...
2026-02-16 01:44:54,305 Worker fed08d5c7c1a4b77b3fa2f835486c3f9: could not connect to Redis instance: Error 111 connecting to 127.0.0.1:11000. Connection refused. retrying in 2 seconds...
2026-02-16 01:44:55,301 Worker fed08d5c7c1a4b77b3fa2f835486c3f9: could not connect to Redis instance: Error 111 connecting to 127.0.0.1:11000. Connection refused. retrying in 16 seconds...
2026-02-16 01:44:56,306 Worker fed08d5c7c1a4b77b3fa2f835486c3f9: could not connect to Redis instance: Error 111 connecting to 127.0.0.1:11000. Connection refused. retrying in 2 seconds...
2026-02-16 01:44:58,307 Worker fed08d5c7c1a4b77b3fa2f835486c3f9: could not connect to Redis instance: Error 111 connecting to 127.0.0.1:11000. Connection refused. retrying in 2 seconds...
2026-02-16 01:45:00,308 Worker fed08d5c7c1a4b77b3fa2f835486c3f9: could not connect to Redis instance: Error 111 connecting to 127.0.0.1:11000. Connection refused. retrying in 2 seconds...
2026-02-16 01:45:02,308 Worker fed08d5c7c1a4b77b3fa2f835486c3f9: could not connect to Redis instance: Error 111 connecting to 127.0.0.1:11000. Connection refused. retrying in 2 seconds...
2026-02-16 01:45:04,310 Worker fed08d5c7c1a4b77b3fa2f835486c3f9: could not connect to Redis instance: Error 111 connecting to 127.0.0.1:11000. Connection refused. retrying in 2 seconds...
2026-02-16 01:45:06,316 Worker fed08d5c7c1a4b77b3fa2f835486c3f9: could not connect to Redis instance: Error 111 connecting to 127.0.0.1:11000. Connection refused. retrying in 2 seconds...
2026-02-16 01:45:09,823 Worker fed08d5c7c1a4b77b3fa2f835486c3f9: could not connect to Redis instance: Error 111 connecting to 127.0.0.1:11000. Connection refused. retrying in 2 seconds...
2026-02-16 01:45:11,302 Worker fed08d5c7c1a4b77b3fa2f835486c3f9: could not connect to Redis instance: Error 111 connecting to 127.0.0.1:11000. Connection refused. retrying in 32 seconds...
2026-02-16 01:45:11,827 Worker fed08d5c7c1a4b77b3fa2f835486c3f9: could not connect to Redis instance: Error 111 connecting to 127.0.0.1:11000. Connection refused. retrying in 2 seconds...
2026-02-16 01:45:13,830 Worker fed08d5c7c1a4b77b3fa2f835486c3f9: could not connect to Redis instance: Error 111 connecting to 127.0.0.1:11000. Connection refused. retrying in 2 seconds...
2026-02-16 01:45:15,832 Worker fed08d5c7c1a4b77b3fa2f835486c3f9: could not connect to Redis instance: Error 111 connecting to 127.0.0.1:11000. Connection refused. retrying in 2 seconds...
2026-02-16 01:45:17,833 Worker fed08d5c7c1a4b77b3fa2f835486c3f9: could not connect to Redis instance: Error 111 connecting to 127.0.0.1:11000. Connection refused. retrying in 2 seconds...
2026-02-16 01:45:19,834 Worker fed08d5c7c1a4b77b3fa2f835486c3f9: could not connect to Redis instance: Error 111 connecting to 127.0.0.1:11000. Connection refused. retrying in 2 seconds...
2026-02-16 01:45:21,834 Worker fed08d5c7c1a4b77b3fa2f835486c3f9: could not connect to Redis instance: Error 111 connecting to 127.0.0.1:11000. Connection refused. retrying in 2 seconds...
2026-02-16 01:45:23,835 Worker fed08d5c7c1a4b77b3fa2f835486c3f9: could not connect to Redis instance: Error 111 connecting to 127.0.0.1:11000. Connection refused. retrying in 2 seconds...
2026-02-16 01:45:25,836 Worker fed08d5c7c1a4b77b3fa2f835486c3f9: could not connect to Redis instance: Error 111 connecting to 127.0.0.1:11000. Connection refused. retrying in 2 seconds...
2026-02-16 01:45:27,837 Worker fed08d5c7c1a4b77b3fa2f835486c3f9: could not connect to Redis instance: Error 111 connecting to 127.0.0.1:11000. Connection refused. retrying in 2 seconds...
2026-02-16 01:45:29,837 Worker fed08d5c7c1a4b77b3fa2f835486c3f9: could not connect to Redis instance: Error 111 connecting to 127.0.0.1:11000. Connection refused. retrying in 2 seconds...
2026-02-16 01:45:31,838 Worker fed08d5c7c1a4b77b3fa2f835486c3f9: could not connect to Redis instance: Error 111 connecting to 127.0.0.1:11000. Connection refused. retrying in 2 seconds...
2026-02-16 01:45:33,839 Worker fed08d5c7c1a4b77b3fa2f835486c3f9: could not connect to Redis instance: Error 111 connecting to 127.0.0.1:11000. Connection refused. retrying in 2 seconds...
2026-02-16 01:45:35,841 Worker fed08d5c7c1a4b77b3fa2f835486c3f9: could not connect to Redis instance: Error 111 connecting to 127.0.0.1:11000. Connection refused. retrying in 2 seconds...
2026-02-16 01:45:37,842 Worker fed08d5c7c1a4b77b3fa2f835486c3f9: could not connect to Redis instance: Error 111 connecting to 127.0.0.1:11000. Connection refused. retrying in 2 seconds...
2026-02-16 01:45:39,848 Worker fed08d5c7c1a4b77b3fa2f835486c3f9: could not connect to Redis instance: Error 111 connecting to 127.0.0.1:11000. Connection refused. retrying in 2 seconds...
2026-02-16 01:45:41,849 Worker fed08d5c7c1a4b77b3fa2f835486c3f9: could not connect to Redis instance: Error 111 connecting to 127.0.0.1:11000. Connection refused. retrying in 2 seconds...
2026-02-16 01:45:43,305 Worker fed08d5c7c1a4b77b3fa2f835486c3f9: could not connect to Redis instance: Error 111 connecting to 127.0.0.1:11000. Connection refused. retrying in 60 seconds...
2026-02-16 01:45:43,851 Worker fed08d5c7c1a4b77b3fa2f835486c3f9: could not connect to Redis instance: Error 111 connecting to 127.0.0.1:11000. Connection refused. retrying in 2 seconds...
2026-02-16 01:45:45,852 Worker fed08d5c7c1a4b77b3fa2f835486c3f9: could not connect to Redis instance: Error 111 connecting to 127.0.0.1:11000. Connection refused. retrying in 2 seconds...
2026-02-16 01:45:47,852 Worker fed08d5c7c1a4b77b3fa2f835486c3f9: could not connect to Redis instance: Error 111 connecting to 127.0.0.1:11000. Connection refused. retrying in 2 seconds...
2026-02-16 01:45:49,853 Worker fed08d5c7c1a4b77b3fa2f835486c3f9: could not connect to Redis instance: Error 111 connecting to 127.0.0.1:11000. Connection refused. retrying in 2 seconds...
2026-02-16 01:45:51,854 Worker fed08d5c7c1a4b77b3fa2f835486c3f9: could not connect to Redis instance: Error 111 connecting to 127.0.0.1:11000. Connection refused. retrying in 2 seconds...
2026-02-16 01:45:53,855 Worker fed08d5c7c1a4b77b3fa2f835486c3f9: could not connect to Redis instance: Error 111 connecting to 127.0.0.1:11000. Connection refused. retrying in 2 seconds...
2026-02-16 01:45:55,856 Worker fed08d5c7c1a4b77b3fa2f835486c3f9: could not connect to Redis instance: Error 111 connecting to 127.0.0.1:11000. Connection refused. retrying in 2 seconds...
2026-02-16 01:45:57,856 Worker fed08d5c7c1a4b77b3fa2f835486c3f9: could not connect to Redis instance: Error 111 connecting to 127.0.0.1:11000. Connection refused. retrying in 2 seconds...
2026-02-16 01:45:59,857 Worker fed08d5c7c1a4b77b3fa2f835486c3f9: could not connect to Redis instance: Error 111 connecting to 127.0.0.1:11000. Connection refused. retrying in 2 seconds...
2026-02-16 01:46:01,858 Worker fed08d5c7c1a4b77b3fa2f835486c3f9: could not connect to Redis instance: Error 111 connecting to 127.0.0.1:11000. Connection refused. retrying in 2 seconds...
2026-02-16 01:46:03,859 Worker fed08d5c7c1a4b77b3fa2f835486c3f9: could not connect to Redis instance: Error 111 connecting to 127.0.0.1:11000. Connection refused. retrying in 2 seconds...
2026-02-16 01:46:05,860 Worker fed08d5c7c1a4b77b3fa2f835486c3f9: could not connect to Redis instance: Error 111 connecting to 127.0.0.1:11000. Connection refused. retrying in 2 seconds...
2026-02-16 01:46:07,861 Worker fed08d5c7c1a4b77b3fa2f835486c3f9: could not connect to Redis instance: Error 111 connecting to 127.0.0.1:11000. Connection refused. retrying in 2 seconds...
2026-02-16 01:46:09,862 Worker fed08d5c7c1a4b77b3fa2f835486c3f9: could not connect to Redis instance: Error 111 connecting to 127.0.0.1:11000. Connection refused. retrying in 2 seconds...
2026-02-16 01:46:11,869 Worker fed08d5c7c1a4b77b3fa2f835486c3f9: could not connect to Redis instance: Error 111 connecting to 127.0.0.1:11000. Connection refused. retrying in 2 seconds...
2026-02-16 01:46:13,876 Worker fed08d5c7c1a4b77b3fa2f835486c3f9: could not connect to Redis instance: Error 111 connecting to 127.0.0.1:11000. Connection refused. retrying in 2 seconds...
2026-02-16 01:46:15,878 Worker fed08d5c7c1a4b77b3fa2f835486c3f9: could not connect to Redis instance: Error 111 connecting to 127.0.0.1:11000. Connection refused. retrying in 2 seconds...
2026-02-16 01:46:17,879 Worker fed08d5c7c1a4b77b3fa2f835486c3f9: could not connect to Redis instance: Error 111 connecting to 127.0.0.1:11000. Connection refused. retrying in 2 seconds...
2026-02-16 01:46:19,880 Worker fed08d5c7c1a4b77b3fa2f835486c3f9: could not connect to Redis instance: Error 111 connecting to 127.0.0.1:11000. Connection refused. retrying in 2 seconds...
2026-02-16 01:46:21,880 Worker fed08d5c7c1a4b77b3fa2f835486c3f9: could not connect to Redis instance: Error 111 connecting to 127.0.0.1:11000. Connection refused. retrying in 2 seconds...
2026-02-16 01:46:23,881 Worker fed08d5c7c1a4b77b3fa2f835486c3f9: could not connect to Redis instance: Error 111 connecting to 127.0.0.1:11000. Connection refused. retrying in 2 seconds...
2026-02-16 01:46:25,882 Worker fed08d5c7c1a4b77b3fa2f835486c3f9: could not connect to Redis instance: Error 111 connecting to 127.0.0.1:11000. Connection refused. retrying in 2 seconds...
2026-02-16 01:46:27,883 Worker fed08d5c7c1a4b77b3fa2f835486c3f9: could not connect to Redis instance: Error 111 connecting to 127.0.0.1:11000. Connection refused. retrying in 2 seconds...
2026-02-16 01:46:29,884 Worker fed08d5c7c1a4b77b3fa2f835486c3f9: could not connect to Redis instance: Error 111 connecting to 127.0.0.1:11000. Connection refused. retrying in 2 seconds...
2026-02-16 01:46:31,885 Worker fed08d5c7c1a4b77b3fa2f835486c3f9: could not connect to Redis instance: Error 111 connecting to 127.0.0.1:11000. Connection refused. retrying in 2 seconds...
2026-02-16 01:46:33,885 Worker fed08d5c7c1a4b77b3fa2f835486c3f9: could not connect to Redis instance: Error 111 connecting to 127.0.0.1:11000. Connection refused. retrying in 2 seconds...
2026-02-16 01:46:35,886 Worker fed08d5c7c1a4b77b3fa2f835486c3f9: could not connect to Redis instance: Error 111 connecting to 127.0.0.1:11000. Connection refused. retrying in 2 seconds...
2026-02-16 01:46:39,313 Worker fed08d5c7c1a4b77b3fa2f835486c3f9: could not connect to Redis instance: Error 111 connecting to 127.0.0.1:11000. Connection refused. retrying in 2 seconds...
2026-02-16 01:46:41,314 Worker fed08d5c7c1a4b77b3fa2f835486c3f9: could not connect to Redis instance: Error 111 connecting to 127.0.0.1:11000. Connection refused. retrying in 2 seconds...
2026-02-16 01:46:43,312 Worker fed08d5c7c1a4b77b3fa2f835486c3f9: could not connect to Redis instance: Error 111 connecting to 127.0.0.1:11000. Connection refused. retrying in 60 seconds...
2026-02-16 01:46:43,321 Worker fed08d5c7c1a4b77b3fa2f835486c3f9: could not connect to Redis instance: Error 111 connecting to 127.0.0.1:11000. Connection refused. retrying in 2 seconds...
2026-02-16 01:46:45,322 Worker fed08d5c7c1a4b77b3fa2f835486c3f9: could not connect to Redis instance: Error 111 connecting to 127.0.0.1:11000. Connection refused. retrying in 2 seconds...
2026-02-16 01:46:47,326 Worker fed08d5c7c1a4b77b3fa2f835486c3f9: could not connect to Redis instance: Error 111 connecting to 127.0.0.1:11000. Connection refused. retrying in 2 seconds...
2026-02-16 01:46:49,327 Worker fed08d5c7c1a4b77b3fa2f835486c3f9: could not connect to Redis instance: Error 111 connecting to 127.0.0.1:11000. Connection refused. retrying in 2 seconds...
2026-02-16 01:46:51,329 Worker fed08d5c7c1a4b77b3fa2f835486c3f9: could not connect to Redis instance: Error 111 connecting to 127.0.0.1:11000. Connection refused. retrying in 2 seconds...
2026-02-16 01:46:53,331 Worker fed08d5c7c1a4b77b3fa2f835486c3f9: could not connect to Redis instance: Error 111 connecting to 127.0.0.1:11000. Connection refused. retrying in 2 seconds...
2026-02-16 01:46:55,332 Worker fed08d5c7c1a4b77b3fa2f835486c3f9: could not connect to Redis instance: Error 111 connecting to 127.0.0.1:11000. Connection refused. retrying in 2 seconds...
2026-02-16 01:46:57,333 Worker fed08d5c7c1a4b77b3fa2f835486c3f9: could not connect to Redis instance: Error 111 connecting to 127.0.0.1:11000. Connection refused. retrying in 2 seconds...
2026-02-16 01:46:59,335 Worker fed08d5c7c1a4b77b3fa2f835486c3f9: could not connect to Redis instance: Error 111 connecting to 127.0.0.1:11000. Connection refused. retrying in 2 seconds...
2026-02-16 01:47:01,337 Worker fed08d5c7c1a4b77b3fa2f835486c3f9: could not connect to Redis instance: Error 111 connecting to 127.0.0.1:11000. Connection refused. retrying in 2 seconds...
2026-02-16 01:47:03,338 Worker fed08d5c7c1a4b77b3fa2f835486c3f9: could not connect to Redis instance: Error 111 connecting to 127.0.0.1:11000. Connection refused. retrying in 2 seconds...
2026-02-16 01:47:05,340 Worker fed08d5c7c1a4b77b3fa2f835486c3f9: could not connect to Redis instance: Error 111 connecting to 127.0.0.1:11000. Connection refused. retrying in 2 seconds...
2026-02-16 01:47:07,341 Worker fed08d5c7c1a4b77b3fa2f835486c3f9: could not connect to Redis instance: Error 111 connecting to 127.0.0.1:11000. Connection refused. retrying in 2 seconds...
2026-02-16 01:47:09,342 Worker fed08d5c7c1a4b77b3fa2f835486c3f9: could not connect to Redis instance: Error 111 connecting to 127.0.0.1:11000. Connection refused. retrying in 2 seconds...
2026-02-16 01:47:11,343 Worker fed08d5c7c1a4b77b3fa2f835486c3f9: could not connect to Redis instance: Error 111 connecting to 127.0.0.1:11000. Connection refused. retrying in 2 seconds...
2026-02-16 01:47:13,344 Worker fed08d5c7c1a4b77b3fa2f835486c3f9: could not connect to Redis instance: Error 111 connecting to 127.0.0.1:11000. Connection refused. retrying in 2 seconds...
2026-02-16 01:47:15,346 Worker fed08d5c7c1a4b77b3fa2f835486c3f9: could not connect to Redis instance: Error 111 connecting to 127.0.0.1:11000. Connection refused. retrying in 2 seconds...
2026-02-16 01:47:17,349 Worker fed08d5c7c1a4b77b3fa2f835486c3f9: could not connect to Redis instance: Error 111 connecting to 127.0.0.1:11000. Connection refused. retrying in 2 seconds...
2026-02-16 01:47:19,355 Worker fed08d5c7c1a4b77b3fa2f835486c3f9: could not connect to Redis instance: Error 111 connecting to 127.0.0.1:11000. Connection refused. retrying in 2 seconds...
2026-02-16 01:47:21,357 Worker fed08d5c7c1a4b77b3fa2f835486c3f9: could not connect to Redis instance: Error 111 connecting to 127.0.0.1:11000. Connection refused. retrying in 2 seconds...
2026-02-16 01:47:23,359 Worker fed08d5c7c1a4b77b3fa2f835486c3f9: could not connect to Redis instance: Error 111 connecting to 127.0.0.1:11000. Connection refused. retrying in 2 seconds...
2026-02-16 01:47:25,361 Worker fed08d5c7c1a4b77b3fa2f835486c3f9: could not connect to Redis instance: Error 111 connecting to 127.0.0.1:11000. Connection refused. retrying in 2 seconds...
2026-02-16 01:47:27,362 Worker fed08d5c7c1a4b77b3fa2f835486c3f9: could not connect to Redis instance: Error 111 connecting to 127.0.0.1:11000. Connection refused. retrying in 2 seconds...
2026-02-16 01:47:29,363 Worker fed08d5c7c1a4b77b3fa2f835486c3f9: could not connect to Redis instance: Error 111 connecting to 127.0.0.1:11000. Connection refused. retrying in 2 seconds...
2026-02-16 01:47:31,363 Worker fed08d5c7c1a4b77b3fa2f835486c3f9: could not connect to Redis instance: Error 111 connecting to 127.0.0.1:11000. Connection refused. retrying in 2 seconds...
2026-02-16 01:47:33,364 Worker fed08d5c7c1a4b77b3fa2f835486c3f9: could not connect to Redis instance: Error 111 connecting to 127.0.0.1:11000. Connection refused. retrying in 2 seconds...
2026-02-16 01:47:35,365 Worker fed08d5c7c1a4b77b3fa2f835486c3f9: could not connect to Redis instance: Error 111 connecting to 127.0.0.1:11000. Connection refused. retrying in 2 seconds...
2026-02-16 01:47:37,366 Worker fed08d5c7c1a4b77b3fa2f835486c3f9: could not connect to Redis instance: Error 111 connecting to 127.0.0.1:11000. Connection refused. retrying in 2 seconds...
2026-02-16 01:47:39,366 Worker fed08d5c7c1a4b77b3fa2f835486c3f9: could not connect to Redis instance: Error 111 connecting to 127.0.0.1:11000. Connection refused. retrying in 2 seconds...
2026-02-16 01:47:41,368 Worker fed08d5c7c1a4b77b3fa2f835486c3f9: could not connect to Redis instance: Error 111 connecting to 127.0.0.1:11000. Connection refused. retrying in 2 seconds...
2026-02-16 01:47:43,313 Worker fed08d5c7c1a4b77b3fa2f835486c3f9: could not connect to Redis instance: Error 111 connecting to 127.0.0.1:11000. Connection refused. retrying in 60 seconds...
2026-02-16 01:47:43,368 Worker fed08d5c7c1a4b77b3fa2f835486c3f9: could not connect to Redis instance: Error 111 connecting to 127.0.0.1:11000. Connection refused. retrying in 2 seconds...
2026-02-16 01:47:45,370 Worker fed08d5c7c1a4b77b3fa2f835486c3f9: could not connect to Redis instance: Error 111 connecting to 127.0.0.1:11000. Connection refused. retrying in 2 seconds...
2026-02-16 01:47:47,373 Worker fed08d5c7c1a4b77b3fa2f835486c3f9: could not connect to Redis instance: Error 111 connecting to 127.0.0.1:11000. Connection refused. retrying in 2 seconds...
2026-02-16 01:47:49,379 Worker fed08d5c7c1a4b77b3fa2f835486c3f9: could not connect to Redis instance: Error 111 connecting to 127.0.0.1:11000. Connection refused. retrying in 2 seconds...
2026-02-16 01:47:51,385 Worker fed08d5c7c1a4b77b3fa2f835486c3f9: could not connect to Redis instance: Error 111 connecting to 127.0.0.1:11000. Connection refused. retrying in 2 seconds...
2026-02-16 01:47:53,391 Worker fed08d5c7c1a4b77b3fa2f835486c3f9: could not connect to Redis instance: Error 111 connecting to 127.0.0.1:11000. Connection refused. retrying in 2 seconds...
2026-02-16 01:47:55,392 Worker fed08d5c7c1a4b77b3fa2f835486c3f9: could not connect to Redis instance: Error 111 connecting to 127.0.0.1:11000. Connection refused. retrying in 2 seconds...
2026-02-16 01:47:57,392 Worker fed08d5c7c1a4b77b3fa2f835486c3f9: could not connect to Redis instance: Error 111 connecting to 127.0.0.1:11000. Connection refused. retrying in 2 seconds...
2026-02-16 01:47:59,394 Worker fed08d5c7c1a4b77b3fa2f835486c3f9: could not connect to Redis instance: Error 111 connecting to 127.0.0.1:11000. Connection refused. retrying in 2 seconds...
2026-02-16 01:48:01,397 Worker fed08d5c7c1a4b77b3fa2f835486c3f9: could not connect to Redis instance: Error 111 connecting to 127.0.0.1:11000. Connection refused. retrying in 2 seconds...
2026-02-16 01:48:03,400 Worker fed08d5c7c1a4b77b3fa2f835486c3f9: could not connect to Redis instance: Error 111 connecting to 127.0.0.1:11000. Connection refused. retrying in 2 seconds...
2026-02-16 01:48:05,403 Worker fed08d5c7c1a4b77b3fa2f835486c3f9: could not connect to Redis instance: Error 111 connecting to 127.0.0.1:11000. Connection refused. retrying in 2 seconds...
2026-02-16 01:48:07,404 Worker fed08d5c7c1a4b77b3fa2f835486c3f9: could not connect to Redis instance: Error 111 connecting to 127.0.0.1:11000. Connection refused. retrying in 2 seconds...
2026-02-16 01:48:09,405 Worker fed08d5c7c1a4b77b3fa2f835486c3f9: could not connect to Redis instance: Error 111 connecting to 127.0.0.1:11000. Connection refused. retrying in 2 seconds...
2026-02-16 01:48:11,405 Worker fed08d5c7c1a4b77b3fa2f835486c3f9: could not connect to Redis instance: Error 111 connecting to 127.0.0.1:11000. Connection refused. retrying in 2 seconds...
2026-02-16 01:48:13,408 Worker fed08d5c7c1a4b77b3fa2f835486c3f9: could not connect to Redis instance: Error 111 connecting to 127.0.0.1:11000. Connection refused. retrying in 2 seconds...
2026-02-16 01:48:15,410 Worker fed08d5c7c1a4b77b3fa2f835486c3f9: could not connect to Redis instance: Error 111 connecting to 127.0.0.1:11000. Connection refused. retrying in 2 seconds...
2026-02-16 01:48:17,411 Worker fed08d5c7c1a4b77b3fa2f835486c3f9: could not connect to Redis instance: Error 111 connecting to 127.0.0.1:11000. Connection refused. retrying in 2 seconds...
2026-02-16 01:48:19,412 Worker fed08d5c7c1a4b77b3fa2f835486c3f9: could not connect to Redis instance: Error 111 connecting to 127.0.0.1:11000. Connection refused. retrying in 2 seconds...
2026-02-16 01:48:21,421 Worker fed08d5c7c1a4b77b3fa2f835486c3f9: could not connect to Redis instance: Error 111 connecting to 127.0.0.1:11000. Connection refused. retrying in 2 seconds...
2026-02-16 01:48:23,429 Worker fed08d5c7c1a4b77b3fa2f835486c3f9: could not connect to Redis instance: Error 111 connecting to 127.0.0.1:11000. Connection refused. retrying in 2 seconds...
2026-02-16 01:48:25,442 Worker fed08d5c7c1a4b77b3fa2f835486c3f9: could not connect to Redis instance: Error 111 connecting to 127.0.0.1:11000. Connection refused. retrying in 2 seconds...
2026-02-16 01:48:27,444 Worker fed08d5c7c1a4b77b3fa2f835486c3f9: could not connect to Redis instance: Error 111 connecting to 127.0.0.1:11000. Connection refused. retrying in 2 seconds...
2026-02-16 01:48:29,446 Worker fed08d5c7c1a4b77b3fa2f835486c3f9: could not connect to Redis instance: Error 111 connecting to 127.0.0.1:11000. Connection refused. retrying in 2 seconds...
2026-02-16 01:48:31,447 Worker fed08d5c7c1a4b77b3fa2f835486c3f9: could not connect to Redis instance: Error 111 connecting to 127.0.0.1:11000. Connection refused. retrying in 2 seconds...
2026-02-16 01:48:33,448 Worker fed08d5c7c1a4b77b3fa2f835486c3f9: could not connect to Redis instance: Error 111 connecting to 127.0.0.1:11000. Connection refused. retrying in 2 seconds...
2026-02-16 01:48:35,450 Worker fed08d5c7c1a4b77b3fa2f835486c3f9: could not connect to Redis instance: Error 111 connecting to 127.0.0.1:11000. Connection refused. retrying in 2 seconds...
2026-02-16 01:48:37,450 Worker fed08d5c7c1a4b77b3fa2f835486c3f9: could not connect to Redis instance: Error 111 connecting to 127.0.0.1:11000. Connection refused. retrying in 2 seconds...
2026-02-16 01:48:39,452 Worker fed08d5c7c1a4b77b3fa2f835486c3f9: could not connect to Redis instance: Error 111 connecting to 127.0.0.1:11000. Connection refused. retrying in 2 seconds...
2026-02-16 01:48:41,453 Worker fed08d5c7c1a4b77b3fa2f835486c3f9: could not connect to Redis instance: Error 111 connecting to 127.0.0.1:11000. Connection refused. retrying in 2 seconds...
2026-02-16 01:48:43,314 Worker fed08d5c7c1a4b77b3fa2f835486c3f9: could not connect to Redis instance: Error 111 connecting to 127.0.0.1:11000. Connection refused. retrying in 60 seconds...
2026-02-16 01:48:43,454 Worker fed08d5c7c1a4b77b3fa2f835486c3f9: could not connect to Redis instance: Error 111 connecting to 127.0.0.1:11000. Connection refused. retrying in 2 seconds...
2026-02-16 01:48:45,454 Worker fed08d5c7c1a4b77b3fa2f835486c3f9: could not connect to Redis instance: Error 111 connecting to 127.0.0.1:11000. Connection refused. retrying in 2 seconds...
2026-02-16 01:48:47,455 Worker fed08d5c7c1a4b77b3fa2f835486c3f9: could not connect to Redis instance: Error 111 connecting to 127.0.0.1:11000. Connection refused. retrying in 2 seconds...
2026-02-16 01:48:49,456 Worker fed08d5c7c1a4b77b3fa2f835486c3f9: could not connect to Redis instance: Error 111 connecting to 127.0.0.1:11000. Connection refused. retrying in 2 seconds...
2026-02-16 01:48:51,457 Worker fed08d5c7c1a4b77b3fa2f835486c3f9: could not connect to Redis instance: Error 111 connecting to 127.0.0.1:11000. Connection refused. retrying in 2 seconds...
2026-02-16 01:48:53,458 Worker fed08d5c7c1a4b77b3fa2f835486c3f9: could not connect to Redis instance: Error 111 connecting to 127.0.0.1:11000. Connection refused. retrying in 2 seconds...
2026-02-16 01:48:55,466 Worker fed08d5c7c1a4b77b3fa2f835486c3f9: could not connect to Redis instance: Error 111 connecting to 127.0.0.1:11000. Connection refused. retrying in 2 seconds...
2026-02-16 01:48:57,468 Worker fed08d5c7c1a4b77b3fa2f835486c3f9: could not connect to Redis instance: Error 111 connecting to 127.0.0.1:11000. Connection refused. retrying in 2 seconds...
2026-02-16 01:48:59,469 Worker fed08d5c7c1a4b77b3fa2f835486c3f9: could not connect to Redis instance: Error 111 connecting to 127.0.0.1:11000. Connection refused. retrying in 2 seconds...
2026-02-16 01:49:01,470 Worker fed08d5c7c1a4b77b3fa2f835486c3f9: could not connect to Redis instance: Error 111 connecting to 127.0.0.1:11000. Connection refused. retrying in 2 seconds...
2026-02-16 01:49:03,471 Worker fed08d5c7c1a4b77b3fa2f835486c3f9: could not connect to Redis instance: Error 111 connecting to 127.0.0.1:11000. Connection refused. retrying in 2 seconds...
2026-02-16 01:49:05,472 Worker fed08d5c7c1a4b77b3fa2f835486c3f9: could not connect to Redis instance: Error 111 connecting to 127.0.0.1:11000. Connection refused. retrying in 2 seconds...
2026-02-16 01:49:07,473 Worker fed08d5c7c1a4b77b3fa2f835486c3f9: could not connect to Redis instance: Error 111 connecting to 127.0.0.1:11000. Connection refused. retrying in 2 seconds...
2026-02-16 01:49:09,473 Worker fed08d5c7c1a4b77b3fa2f835486c3f9: could not connect to Redis instance: Error 111 connecting to 127.0.0.1:11000. Connection refused. retrying in 2 seconds...
2026-02-16 01:49:11,474 Worker fed08d5c7c1a4b77b3fa2f835486c3f9: could not connect to Redis instance: Error 111 connecting to 127.0.0.1:11000. Connection refused. retrying in 2 seconds...
2026-02-16 01:49:13,475 Worker fed08d5c7c1a4b77b3fa2f835486c3f9: could not connect to Redis instance: Error 111 connecting to 127.0.0.1:11000. Connection refused. retrying in 2 seconds...
2026-02-16 01:49:15,476 Worker fed08d5c7c1a4b77b3fa2f835486c3f9: could not connect to Redis instance: Error 111 connecting to 127.0.0.1:11000. Connection refused. retrying in 2 seconds...
2026-02-16 01:49:17,477 Worker fed08d5c7c1a4b77b3fa2f835486c3f9: could not connect to Redis instance: Error 111 connecting to 127.0.0.1:11000. Connection refused. retrying in 2 seconds...
2026-02-16 01:49:19,478 Worker fed08d5c7c1a4b77b3fa2f835486c3f9: could not connect to Redis instance: Error 111 connecting to 127.0.0.1:11000. Connection refused. retrying in 2 seconds...
2026-02-16 01:49:21,479 Worker fed08d5c7c1a4b77b3fa2f835486c3f9: could not connect to Redis instance: Error 111 connecting to 127.0.0.1:11000. Connection refused. retrying in 2 seconds...
2026-02-16 01:49:23,479 Worker fed08d5c7c1a4b77b3fa2f835486c3f9: could not connect to Redis instance: Error 111 connecting to 127.0.0.1:11000. Connection refused. retrying in 2 seconds...
2026-02-16 01:49:25,890 Worker fed08d5c7c1a4b77b3fa2f835486c3f9: could not connect to Redis instance: Error 111 connecting to 127.0.0.1:11000. Connection refused. retrying in 2 seconds...
2026-02-16 01:49:27,891 Worker fed08d5c7c1a4b77b3fa2f835486c3f9: could not connect to Redis instance: Error 111 connecting to 127.0.0.1:11000. Connection refused. retrying in 2 seconds...
2026-02-16 01:49:29,892 Worker fed08d5c7c1a4b77b3fa2f835486c3f9: could not connect to Redis instance: Error 111 connecting to 127.0.0.1:11000. Connection refused. retrying in 2 seconds...
2026-02-16 01:49:31,893 Worker fed08d5c7c1a4b77b3fa2f835486c3f9: could not connect to Redis instance: Error 111 connecting to 127.0.0.1:11000. Connection refused. retrying in 2 seconds...
2026-02-16 01:49:33,894 Worker fed08d5c7c1a4b77b3fa2f835486c3f9: could not connect to Redis instance: Error 111 connecting to 127.0.0.1:11000. Connection refused. retrying in 2 seconds...
2026-02-16 01:49:35,895 Worker fed08d5c7c1a4b77b3fa2f835486c3f9: could not connect to Redis instance: Error 111 connecting to 127.0.0.1:11000. Connection refused. retrying in 2 seconds...
2026-02-16 01:49:37,896 Worker fed08d5c7c1a4b77b3fa2f835486c3f9: could not connect to Redis instance: Error 111 connecting to 127.0.0.1:11000. Connection refused. retrying in 2 seconds...
2026-02-16 01:49:39,898 Worker fed08d5c7c1a4b77b3fa2f835486c3f9: could not connect to Redis instance: Error 111 connecting to 127.0.0.1:11000. Connection refused. retrying in 2 seconds...
2026-02-16 01:49:41,899 Worker fed08d5c7c1a4b77b3fa2f835486c3f9: could not connect to Redis instance: Error 111 connecting to 127.0.0.1:11000. Connection refused. retrying in 2 seconds...
2026-02-16 01:49:43,725 Worker fed08d5c7c1a4b77b3fa2f835486c3f9: could not connect to Redis instance: Error 111 connecting to 127.0.0.1:11000. Connection refused. retrying in 60 seconds...
2026-02-16 01:49:43,900 Worker fed08d5c7c1a4b77b3fa2f835486c3f9: could not connect to Redis instance: Error 111 connecting to 127.0.0.1:11000. Connection refused. retrying in 2 seconds...
2026-02-16 01:49:45,901 Worker fed08d5c7c1a4b77b3fa2f835486c3f9: could not connect to Redis instance: Error 111 connecting to 127.0.0.1:11000. Connection refused. retrying in 2 seconds...
2026-02-16 01:49:47,903 Worker fed08d5c7c1a4b77b3fa2f835486c3f9: could not connect to Redis instance: Error 111 connecting to 127.0.0.1:11000. Connection refused. retrying in 2 seconds...
2026-02-16 01:49:49,904 Worker fed08d5c7c1a4b77b3fa2f835486c3f9: could not connect to Redis instance: Error 111 connecting to 127.0.0.1:11000. Connection refused. retrying in 2 seconds...
2026-02-16 01:49:51,905 Worker fed08d5c7c1a4b77b3fa2f835486c3f9: could not connect to Redis instance: Error 111 connecting to 127.0.0.1:11000. Connection refused. retrying in 2 seconds...
2026-02-16 01:49:53,906 Worker fed08d5c7c1a4b77b3fa2f835486c3f9: could not connect to Redis instance: Error 111 connecting to 127.0.0.1:11000. Connection refused. retrying in 2 seconds...
2026-02-16 01:49:55,909 Worker fed08d5c7c1a4b77b3fa2f835486c3f9: could not connect to Redis instance: Error 111 connecting to 127.0.0.1:11000. Connection refused. retrying in 2 seconds...
2026-02-16 01:49:57,911 Worker fed08d5c7c1a4b77b3fa2f835486c3f9: could not connect to Redis instance: Error 111 connecting to 127.0.0.1:11000. Connection refused. retrying in 2 seconds...
2026-02-16 01:49:59,912 Worker fed08d5c7c1a4b77b3fa2f835486c3f9: could not connect to Redis instance: Error 111 connecting to 127.0.0.1:11000. Connection refused. retrying in 2 seconds...
2026-02-16 01:50:01,914 Worker fed08d5c7c1a4b77b3fa2f835486c3f9: could not connect to Redis instance: Error 111 connecting to 127.0.0.1:11000. Connection refused. retrying in 2 seconds...
2026-02-16 01:50:03,916 Worker fed08d5c7c1a4b77b3fa2f835486c3f9: could not connect to Redis instance: Error 111 connecting to 127.0.0.1:11000. Connection refused. retrying in 2 seconds...
2026-02-16 01:50:05,918 Worker fed08d5c7c1a4b77b3fa2f835486c3f9: could not connect to Redis instance: Error 111 connecting to 127.0.0.1:11000. Connection refused. retrying in 2 seconds...
2026-02-16 01:50:07,922 Worker fed08d5c7c1a4b77b3fa2f835486c3f9: could not connect to Redis instance: Error 111 connecting to 127.0.0.1:11000. Connection refused. retrying in 2 seconds...
2026-02-16 01:50:09,925 Worker fed08d5c7c1a4b77b3fa2f835486c3f9: could not connect to Redis instance: Error 111 connecting to 127.0.0.1:11000. Connection refused. retrying in 2 seconds...
2026-02-16 01:50:11,926 Worker fed08d5c7c1a4b77b3fa2f835486c3f9: could not connect to Redis instance: Error 111 connecting to 127.0.0.1:11000. Connection refused. retrying in 2 seconds...
2026-02-16 01:50:13,927 Worker fed08d5c7c1a4b77b3fa2f835486c3f9: could not connect to Redis instance: Error 111 connecting to 127.0.0.1:11000. Connection refused. retrying in 2 seconds...
2026-02-16 01:50:15,927 Worker fed08d5c7c1a4b77b3fa2f835486c3f9: could not connect to Redis instance: Error 111 connecting to 127.0.0.1:11000. Connection refused. retrying in 2 seconds...
2026-02-16 01:50:17,928 Worker fed08d5c7c1a4b77b3fa2f835486c3f9: could not connect to Redis instance: Error 111 connecting to 127.0.0.1:11000. Connection refused. retrying in 2 seconds...
2026-02-16 01:50:19,930 Worker fed08d5c7c1a4b77b3fa2f835486c3f9: could not connect to Redis instance: Error 111 connecting to 127.0.0.1:11000. Connection refused. retrying in 2 seconds...
2026-02-16 01:50:21,931 Worker fed08d5c7c1a4b77b3fa2f835486c3f9: could not connect to Redis instance: Error 111 connecting to 127.0.0.1:11000. Connection refused. retrying in 2 seconds...
2026-02-16 01:50:23,931 Worker fed08d5c7c1a4b77b3fa2f835486c3f9: could not connect to Redis instance: Error 111 connecting to 127.0.0.1:11000. Connection refused. retrying in 2 seconds...
2026-02-16 01:50:25,933 Worker fed08d5c7c1a4b77b3fa2f835486c3f9: could not connect to Redis instance: Error 111 connecting to 127.0.0.1:11000. Connection refused. retrying in 2 seconds...
2026-02-16 01:50:27,934 Worker fed08d5c7c1a4b77b3fa2f835486c3f9: could not connect to Redis instance: Error 111 connecting to 127.0.0.1:11000. Connection refused. retrying in 2 seconds...
2026-02-16 01:50:29,935 Worker fed08d5c7c1a4b77b3fa2f835486c3f9: could not connect to Redis instance: Error 111 connecting to 127.0.0.1:11000. Connection refused. retrying in 2 seconds...
2026-02-16 01:50:31,939 Worker fed08d5c7c1a4b77b3fa2f835486c3f9: could not connect to Redis instance: Error 111 connecting to 127.0.0.1:11000. Connection refused. retrying in 2 seconds...
2026-02-16 01:50:33,945 Worker fed08d5c7c1a4b77b3fa2f835486c3f9: could not connect to Redis instance: Error 111 connecting to 127.0.0.1:11000. Connection refused. retrying in 2 seconds...
2026-02-16 01:50:35,947 Worker fed08d5c7c1a4b77b3fa2f835486c3f9: could not connect to Redis instance: Error 111 connecting to 127.0.0.1:11000. Connection refused. retrying in 2 seconds...
2026-02-16 01:50:37,949 Worker fed08d5c7c1a4b77b3fa2f835486c3f9: could not connect to Redis instance: Error 111 connecting to 127.0.0.1:11000. Connection refused. retrying in 2 seconds...
2026-02-16 01:50:39,950 Worker fed08d5c7c1a4b77b3fa2f835486c3f9: could not connect to Redis instance: Error 111 connecting to 127.0.0.1:11000. Connection refused. retrying in 2 seconds...
2026-02-16 01:50:41,951 Worker fed08d5c7c1a4b77b3fa2f835486c3f9: could not connect to Redis instance: Error 111 connecting to 127.0.0.1:11000. Connection refused. retrying in 2 seconds...
2026-02-16 01:50:43,726 Worker fed08d5c7c1a4b77b3fa2f835486c3f9: could not connect to Redis instance: Error 111 connecting to 127.0.0.1:11000. Connection refused. retrying in 60 seconds...
2026-02-16 01:50:43,952 Worker fed08d5c7c1a4b77b3fa2f835486c3f9: could not connect to Redis instance: Error 111 connecting to 127.0.0.1:11000. Connection refused. retrying in 2 seconds...
2026-02-16 01:50:45,953 Worker fed08d5c7c1a4b77b3fa2f835486c3f9: could not connect to Redis instance: Error 111 connecting to 127.0.0.1:11000. Connection refused. retrying in 2 seconds...
2026-02-16 01:50:47,953 Worker fed08d5c7c1a4b77b3fa2f835486c3f9: could not connect to Redis instance: Error 111 connecting to 127.0.0.1:11000. Connection refused. retrying in 2 seconds...
2026-02-16 01:50:49,954 Worker fed08d5c7c1a4b77b3fa2f835486c3f9: could not connect to Redis instance: Error 111 connecting to 127.0.0.1:11000. Connection refused. retrying in 2 seconds...
2026-02-16 01:50:51,955 Worker fed08d5c7c1a4b77b3fa2f835486c3f9: could not connect to Redis instance: Error 111 connecting to 127.0.0.1:11000. Connection refused. retrying in 2 seconds...
2026-02-16 01:50:53,956 Worker fed08d5c7c1a4b77b3fa2f835486c3f9: could not connect to Redis instance: Error 111 connecting to 127.0.0.1:11000. Connection refused. retrying in 2 seconds...
2026-02-16 01:50:55,957 Worker fed08d5c7c1a4b77b3fa2f835486c3f9: could not connect to Redis instance: Error 111 connecting to 127.0.0.1:11000. Connection refused. retrying in 2 seconds...
2026-02-16 01:50:57,957 Worker fed08d5c7c1a4b77b3fa2f835486c3f9: could not connect to Redis instance: Error 111 connecting to 127.0.0.1:11000. Connection refused. retrying in 2 seconds...
2026-02-16 01:50:59,959 Worker fed08d5c7c1a4b77b3fa2f835486c3f9: could not connect to Redis instance: Error 111 connecting to 127.0.0.1:11000. Connection refused. retrying in 2 seconds...
2026-02-16 01:51:01,960 Worker fed08d5c7c1a4b77b3fa2f835486c3f9: could not connect to Redis instance: Error 111 connecting to 127.0.0.1:11000. Connection refused. retrying in 2 seconds...
2026-02-16 01:51:03,963 Worker fed08d5c7c1a4b77b3fa2f835486c3f9: could not connect to Redis instance: Error 111 connecting to 127.0.0.1:11000. Connection refused. retrying in 2 seconds...
2026-02-16 01:51:05,965 Worker fed08d5c7c1a4b77b3fa2f835486c3f9: could not connect to Redis instance: Error 111 connecting to 127.0.0.1:11000. Connection refused. retrying in 2 seconds...
2026-02-16 01:51:07,967 Worker fed08d5c7c1a4b77b3fa2f835486c3f9: could not connect to Redis instance: Error 111 connecting to 127.0.0.1:11000. Connection refused. retrying in 2 seconds...
2026-02-16 01:51:09,968 Worker fed08d5c7c1a4b77b3fa2f835486c3f9: could not connect to Redis instance: Error 111 connecting to 127.0.0.1:11000. Connection refused. retrying in 2 seconds...
2026-02-16 01:51:11,968 Worker fed08d5c7c1a4b77b3fa2f835486c3f9: could not connect to Redis instance: Error 111 connecting to 127.0.0.1:11000. Connection refused. retrying in 2 seconds...
2026-02-16 01:51:13,969 Worker fed08d5c7c1a4b77b3fa2f835486c3f9: could not connect to Redis instance: Error 111 connecting to 127.0.0.1:11000. Connection refused. retrying in 2 seconds...
2026-02-16 01:51:15,970 Worker fed08d5c7c1a4b77b3fa2f835486c3f9: could not connect to Redis instance: Error 111 connecting to 127.0.0.1:11000. Connection refused. retrying in 2 seconds...
2026-02-16 01:51:17,971 Worker fed08d5c7c1a4b77b3fa2f835486c3f9: could not connect to Redis instance: Error 111 connecting to 127.0.0.1:11000. Connection refused. retrying in 2 seconds...
2026-02-16 01:51:19,972 Worker fed08d5c7c1a4b77b3fa2f835486c3f9: could not connect to Redis instance: Error 111 connecting to 127.0.0.1:11000. Connection refused. retrying in 2 seconds...
2026-02-16 01:51:21,973 Worker fed08d5c7c1a4b77b3fa2f835486c3f9: could not connect to Redis instance: Error 111 connecting to 127.0.0.1:11000. Connection refused. retrying in 2 seconds...
2026-02-16 01:51:23,973 Worker fed08d5c7c1a4b77b3fa2f835486c3f9: could not connect to Redis instance: Error 111 connecting to 127.0.0.1:11000. Connection refused. retrying in 2 seconds...
2026-02-16 01:51:25,974 Worker fed08d5c7c1a4b77b3fa2f835486c3f9: could not connect to Redis instance: Error 111 connecting to 127.0.0.1:11000. Connection refused. retrying in 2 seconds...
2026-02-16 01:51:27,975 Worker fed08d5c7c1a4b77b3fa2f835486c3f9: could not connect to Redis instance: Error 111 connecting to 127.0.0.1:11000. Connection refused. retrying in 2 seconds...
2026-02-16 01:51:29,977 Worker fed08d5c7c1a4b77b3fa2f835486c3f9: could not connect to Redis instance: Error 111 connecting to 127.0.0.1:11000. Connection refused. retrying in 2 seconds...
2026-02-16 01:51:31,978 Worker fed08d5c7c1a4b77b3fa2f835486c3f9: could not connect to Redis instance: Error 111 connecting to 127.0.0.1:11000. Connection refused. retrying in 2 seconds...
2026-02-16 01:51:33,978 Worker fed08d5c7c1a4b77b3fa2f835486c3f9: could not connect to Redis instance: Error 111 connecting to 127.0.0.1:11000. Connection refused. retrying in 2 seconds...
2026-02-16 01:51:35,987 Worker fed08d5c7c1a4b77b3fa2f835486c3f9: could not connect to Redis instance: Error 111 connecting to 127.0.0.1:11000. Connection refused. retrying in 2 seconds...
2026-02-16 01:51:37,988 Worker fed08d5c7c1a4b77b3fa2f835486c3f9: could not connect to Redis instance: Error 111 connecting to 127.0.0.1:11000. Connection refused. retrying in 2 seconds...
2026-02-16 01:51:39,990 Worker fed08d5c7c1a4b77b3fa2f835486c3f9: could not connect to Redis instance: Error 111 connecting to 127.0.0.1:11000. Connection refused. retrying in 2 seconds...
2026-02-16 01:51:41,992 Worker fed08d5c7c1a4b77b3fa2f835486c3f9: could not connect to Redis instance: Error 111 connecting to 127.0.0.1:11000. Connection refused. retrying in 2 seconds...
2026-02-16 01:51:43,727 Worker fed08d5c7c1a4b77b3fa2f835486c3f9: could not connect to Redis instance: Error 111 connecting to 127.0.0.1:11000. Connection refused. retrying in 60 seconds...
2026-02-16 01:51:43,993 Worker fed08d5c7c1a4b77b3fa2f835486c3f9: could not connect to Redis instance: Error 111 connecting to 127.0.0.1:11000. Connection refused. retrying in 2 seconds...
2026-02-16 01:51:45,995 Worker fed08d5c7c1a4b77b3fa2f835486c3f9: could not connect to Redis instance: Error 111 connecting to 127.0.0.1:11000. Connection refused. retrying in 2 seconds...
2026-02-16 01:51:47,996 Worker fed08d5c7c1a4b77b3fa2f835486c3f9: could not connect to Redis instance: Error 111 connecting to 127.0.0.1:11000. Connection refused. retrying in 2 seconds...
2026-02-16 01:51:49,997 Worker fed08d5c7c1a4b77b3fa2f835486c3f9: could not connect to Redis instance: Error 111 connecting to 127.0.0.1:11000. Connection refused. retrying in 2 seconds...
2026-02-16 01:51:51,997 Worker fed08d5c7c1a4b77b3fa2f835486c3f9: could not connect to Redis instance: Error 111 connecting to 127.0.0.1:11000. Connection refused. retrying in 2 seconds...
2026-02-16 01:51:53,998 Worker fed08d5c7c1a4b77b3fa2f835486c3f9: could not connect to Redis instance: Error 111 connecting to 127.0.0.1:11000. Connection refused. retrying in 2 seconds...
2026-02-16 01:51:55,999 Worker fed08d5c7c1a4b77b3fa2f835486c3f9: could not connect to Redis instance: Error 111 connecting to 127.0.0.1:11000. Connection refused. retrying in 2 seconds...
2026-02-16 01:51:58,000 Worker fed08d5c7c1a4b77b3fa2f835486c3f9: could not connect to Redis instance: Error 111 connecting to 127.0.0.1:11000. Connection refused. retrying in 2 seconds...
2026-02-16 01:52:00,001 Worker fed08d5c7c1a4b77b3fa2f835486c3f9: could not connect to Redis instance: Error 111 connecting to 127.0.0.1:11000. Connection refused. retrying in 2 seconds...
2026-02-16 01:52:02,002 Worker fed08d5c7c1a4b77b3fa2f835486c3f9: could not connect to Redis instance: Error 111 connecting to 127.0.0.1:11000. Connection refused. retrying in 2 seconds...
2026-02-16 01:52:04,003 Worker fed08d5c7c1a4b77b3fa2f835486c3f9: could not connect to Redis instance: Error 111 connecting to 127.0.0.1:11000. Connection refused. retrying in 2 seconds...
2026-02-16 01:52:06,004 Worker fed08d5c7c1a4b77b3fa2f835486c3f9: could not connect to Redis instance: Error 111 connecting to 127.0.0.1:11000. Connection refused. retrying in 2 seconds...
2026-02-16 01:52:08,422 Worker fed08d5c7c1a4b77b3fa2f835486c3f9: could not connect to Redis instance: Error 111 connecting to 127.0.0.1:11000. Connection refused. retrying in 2 seconds...
2026-02-16 01:52:10,423 Worker fed08d5c7c1a4b77b3fa2f835486c3f9: could not connect to Redis instance: Error 111 connecting to 127.0.0.1:11000. Connection refused. retrying in 2 seconds...
2026-02-16 01:52:12,424 Worker fed08d5c7c1a4b77b3fa2f835486c3f9: could not connect to Redis instance: Error 111 connecting to 127.0.0.1:11000. Connection refused. retrying in 2 seconds...
2026-02-16 01:52:14,425 Worker fed08d5c7c1a4b77b3fa2f835486c3f9: could not connect to Redis instance: Error 111 connecting to 127.0.0.1:11000. Connection refused. retrying in 2 seconds...
2026-02-16 01:52:16,426 Worker fed08d5c7c1a4b77b3fa2f835486c3f9: could not connect to Redis instance: Error 111 connecting to 127.0.0.1:11000. Connection refused. retrying in 2 seconds...
2026-02-16 01:52:18,426 Worker fed08d5c7c1a4b77b3fa2f835486c3f9: could not connect to Redis instance: Error 111 connecting to 127.0.0.1:11000. Connection refused. retrying in 2 seconds...
2026-02-16 01:52:20,427 Worker fed08d5c7c1a4b77b3fa2f835486c3f9: could not connect to Redis instance: Error 111 connecting to 127.0.0.1:11000. Connection refused. retrying in 2 seconds...
2026-02-16 01:52:22,428 Worker fed08d5c7c1a4b77b3fa2f835486c3f9: could not connect to Redis instance: Error 111 connecting to 127.0.0.1:11000. Connection refused. retrying in 2 seconds...
2026-02-16 01:52:24,429 Worker fed08d5c7c1a4b77b3fa2f835486c3f9: could not connect to Redis instance: Error 111 connecting to 127.0.0.1:11000. Connection refused. retrying in 2 seconds...
2026-02-16 01:52:26,430 Worker fed08d5c7c1a4b77b3fa2f835486c3f9: could not connect to Redis instance: Error 111 connecting to 127.0.0.1:11000. Connection refused. retrying in 2 seconds...
2026-02-16 01:52:28,430 Worker fed08d5c7c1a4b77b3fa2f835486c3f9: could not connect to Redis instance: Error 111 connecting to 127.0.0.1:11000. Connection refused. retrying in 2 seconds...
2026-02-16 01:52:30,431 Worker fed08d5c7c1a4b77b3fa2f835486c3f9: could not connect to Redis instance: Error 111 connecting to 127.0.0.1:11000. Connection refused. retrying in 2 seconds...
2026-02-16 01:52:32,433 Worker fed08d5c7c1a4b77b3fa2f835486c3f9: could not connect to Redis instance: Error 111 connecting to 127.0.0.1:11000. Connection refused. retrying in 2 seconds...
2026-02-16 01:52:34,434 Worker fed08d5c7c1a4b77b3fa2f835486c3f9: could not connect to Redis instance: Error 111 connecting to 127.0.0.1:11000. Connection refused. retrying in 2 seconds...
2026-02-16 01:52:36,434 Worker fed08d5c7c1a4b77b3fa2f835486c3f9: could not connect to Redis instance: Error 111 connecting to 127.0.0.1:11000. Connection refused. retrying in 2 seconds...
2026-02-16 01:52:38,435 Worker fed08d5c7c1a4b77b3fa2f835486c3f9: could not connect to Redis instance: Error 111 connecting to 127.0.0.1:11000. Connection refused. retrying in 2 seconds...
2026-02-16 01:52:40,944 Worker fed08d5c7c1a4b77b3fa2f835486c3f9: could not connect to Redis instance: Error 111 connecting to 127.0.0.1:11000. Connection refused. retrying in 2 seconds...
2026-02-16 01:52:42,946 Worker fed08d5c7c1a4b77b3fa2f835486c3f9: could not connect to Redis instance: Error 111 connecting to 127.0.0.1:11000. Connection refused. retrying in 2 seconds...
2026-02-16 01:52:44,654 Worker fed08d5c7c1a4b77b3fa2f835486c3f9: could not connect to Redis instance: Error 111 connecting to 127.0.0.1:11000. Connection refused. retrying in 60 seconds...
2026-02-16 01:52:44,948 Worker fed08d5c7c1a4b77b3fa2f835486c3f9: could not connect to Redis instance: Error 111 connecting to 127.0.0.1:11000. Connection refused. retrying in 2 seconds...
2026-02-16 01:52:46,949 Worker fed08d5c7c1a4b77b3fa2f835486c3f9: could not connect to Redis instance: Error 111 connecting to 127.0.0.1:11000. Connection refused. retrying in 2 seconds...
2026-02-16 01:52:48,952 Worker fed08d5c7c1a4b77b3fa2f835486c3f9: could not connect to Redis instance: Error 111 connecting to 127.0.0.1:11000. Connection refused. retrying in 2 seconds...
2026-02-16 01:52:50,953 Worker fed08d5c7c1a4b77b3fa2f835486c3f9: could not connect to Redis instance: Error 111 connecting to 127.0.0.1:11000. Connection refused. retrying in 2 seconds...
2026-02-16 01:52:52,955 Worker fed08d5c7c1a4b77b3fa2f835486c3f9: could not connect to Redis instance: Error 111 connecting to 127.0.0.1:11000. Connection refused. retrying in 2 seconds...
2026-02-16 01:52:54,956 Worker fed08d5c7c1a4b77b3fa2f835486c3f9: could not connect to Redis instance: Error 111 connecting to 127.0.0.1:11000. Connection refused. retrying in 2 seconds...
2026-02-16 01:52:56,957 Worker fed08d5c7c1a4b77b3fa2f835486c3f9: could not connect to Redis instance: Error 111 connecting to 127.0.0.1:11000. Connection refused. retrying in 2 seconds...
2026-02-16 01:52:58,958 Worker fed08d5c7c1a4b77b3fa2f835486c3f9: could not connect to Redis instance: Error 111 connecting to 127.0.0.1:11000. Connection refused. retrying in 2 seconds...
2026-02-16 01:53:00,959 Worker fed08d5c7c1a4b77b3fa2f835486c3f9: could not connect to Redis instance: Error 111 connecting to 127.0.0.1:11000. Connection refused. retrying in 2 seconds...
2026-02-16 01:53:02,960 Worker fed08d5c7c1a4b77b3fa2f835486c3f9: could not connect to Redis instance: Error 111 connecting to 127.0.0.1:11000. Connection refused. retrying in 2 seconds...
2026-02-16 01:53:04,961 Worker fed08d5c7c1a4b77b3fa2f835486c3f9: could not connect to Redis instance: Error 111 connecting to 127.0.0.1:11000. Connection refused. retrying in 2 seconds...
2026-02-16 01:53:06,962 Worker fed08d5c7c1a4b77b3fa2f835486c3f9: could not connect to Redis instance: Error 111 connecting to 127.0.0.1:11000. Connection refused. retrying in 2 seconds...
2026-02-16 01:53:08,963 Worker fed08d5c7c1a4b77b3fa2f835486c3f9: could not connect to Redis instance: Error 111 connecting to 127.0.0.1:11000. Connection refused. retrying in 2 seconds...
2026-02-16 01:53:10,964 Worker fed08d5c7c1a4b77b3fa2f835486c3f9: could not connect to Redis instance: Error 111 connecting to 127.0.0.1:11000. Connection refused. retrying in 2 seconds...
2026-02-16 01:53:12,965 Worker fed08d5c7c1a4b77b3fa2f835486c3f9: could not connect to Redis instance: Error 111 connecting to 127.0.0.1:11000. Connection refused. retrying in 2 seconds...
2026-02-16 01:53:15,490 Worker fed08d5c7c1a4b77b3fa2f835486c3f9: could not connect to Redis instance: Error 111 connecting to 127.0.0.1:11000. Connection refused. retrying in 2 seconds...
2026-02-16 01:53:17,491 Worker fed08d5c7c1a4b77b3fa2f835486c3f9: could not connect to Redis instance: Error 111 connecting to 127.0.0.1:11000. Connection refused. retrying in 2 seconds...
2026-02-16 01:53:19,492 Worker fed08d5c7c1a4b77b3fa2f835486c3f9: could not connect to Redis instance: Error 111 connecting to 127.0.0.1:11000. Connection refused. retrying in 2 seconds...
2026-02-16 01:53:21,493 Worker fed08d5c7c1a4b77b3fa2f835486c3f9: could not connect to Redis instance: Error 111 connecting to 127.0.0.1:11000. Connection refused. retrying in 2 seconds...
2026-02-16 01:53:23,493 Worker fed08d5c7c1a4b77b3fa2f835486c3f9: could not connect to Redis instance: Error 111 connecting to 127.0.0.1:11000. Connection refused. retrying in 2 seconds...
2026-02-16 01:53:25,494 Worker fed08d5c7c1a4b77b3fa2f835486c3f9: could not connect to Redis instance: Error 111 connecting to 127.0.0.1:11000. Connection refused. retrying in 2 seconds...
2026-02-16 01:53:27,495 Worker fed08d5c7c1a4b77b3fa2f835486c3f9: could not connect to Redis instance: Error 111 connecting to 127.0.0.1:11000. Connection refused. retrying in 2 seconds...
2026-02-16 01:53:29,496 Worker fed08d5c7c1a4b77b3fa2f835486c3f9: could not connect to Redis instance: Error 111 connecting to 127.0.0.1:11000. Connection refused. retrying in 2 seconds...
2026-02-16 01:53:31,497 Worker fed08d5c7c1a4b77b3fa2f835486c3f9: could not connect to Redis instance: Error 111 connecting to 127.0.0.1:11000. Connection refused. retrying in 2 seconds...
2026-02-16 01:53:33,500 Worker fed08d5c7c1a4b77b3fa2f835486c3f9: could not connect to Redis instance: Error 111 connecting to 127.0.0.1:11000. Connection refused. retrying in 2 seconds...
2026-02-16 01:53:35,501 Worker fed08d5c7c1a4b77b3fa2f835486c3f9: could not connect to Redis instance: Error 111 connecting to 127.0.0.1:11000. Connection refused. retrying in 2 seconds...
2026-02-16 01:53:37,502 Worker fed08d5c7c1a4b77b3fa2f835486c3f9: could not connect to Redis instance: Error 111 connecting to 127.0.0.1:11000. Connection refused. retrying in 2 seconds...
2026-02-16 01:53:39,503 Worker fed08d5c7c1a4b77b3fa2f835486c3f9: could not connect to Redis instance: Error 111 connecting to 127.0.0.1:11000. Connection refused. retrying in 2 seconds...
2026-02-16 01:53:41,504 Worker fed08d5c7c1a4b77b3fa2f835486c3f9: could not connect to Redis instance: Error 111 connecting to 127.0.0.1:11000. Connection refused. retrying in 2 seconds...
2026-02-16 01:53:43,505 Worker fed08d5c7c1a4b77b3fa2f835486c3f9: could not connect to Redis instance: Error 111 connecting to 127.0.0.1:11000. Connection refused. retrying in 2 seconds...
2026-02-16 01:53:45,179 Worker fed08d5c7c1a4b77b3fa2f835486c3f9: could not connect to Redis instance: Error 111 connecting to 127.0.0.1:11000. Connection refused. retrying in 60 seconds...
2026-02-16 01:53:45,507 Worker fed08d5c7c1a4b77b3fa2f835486c3f9: could not connect to Redis instance: Error 111 connecting to 127.0.0.1:11000. Connection refused. retrying in 2 seconds...
2026-02-16 01:53:48,044 Worker fed08d5c7c1a4b77b3fa2f835486c3f9: could not connect to Redis instance: Error 111 connecting to 127.0.0.1:11000. Connection refused. retrying in 2 seconds...
2026-02-16 01:53:50,045 Worker fed08d5c7c1a4b77b3fa2f835486c3f9: could not connect to Redis instance: Error 111 connecting to 127.0.0.1:11000. Connection refused. retrying in 2 seconds...
2026-02-16 01:53:52,046 Worker fed08d5c7c1a4b77b3fa2f835486c3f9: could not connect to Redis instance: Error 111 connecting to 127.0.0.1:11000. Connection refused. retrying in 2 seconds...
2026-02-16 01:53:54,047 Worker fed08d5c7c1a4b77b3fa2f835486c3f9: could not connect to Redis instance: Error 111 connecting to 127.0.0.1:11000. Connection refused. retrying in 2 seconds...
2026-02-16 01:53:56,048 Worker fed08d5c7c1a4b77b3fa2f835486c3f9: could not connect to Redis instance: Error 111 connecting to 127.0.0.1:11000. Connection refused. retrying in 2 seconds...
2026-02-16 01:53:58,049 Worker fed08d5c7c1a4b77b3fa2f835486c3f9: could not connect to Redis instance: Error 111 connecting to 127.0.0.1:11000. Connection refused. retrying in 2 seconds...
2026-02-16 01:54:00,049 Worker fed08d5c7c1a4b77b3fa2f835486c3f9: could not connect to Redis instance: Error 111 connecting to 127.0.0.1:11000. Connection refused. retrying in 2 seconds...
2026-02-16 01:54:02,050 Worker fed08d5c7c1a4b77b3fa2f835486c3f9: could not connect to Redis instance: Error 111 connecting to 127.0.0.1:11000. Connection refused. retrying in 2 seconds...
2026-02-16 01:54:04,051 Worker fed08d5c7c1a4b77b3fa2f835486c3f9: could not connect to Redis instance: Error 111 connecting to 127.0.0.1:11000. Connection refused. retrying in 2 seconds...
2026-02-16 01:54:06,052 Worker fed08d5c7c1a4b77b3fa2f835486c3f9: could not connect to Redis instance: Error 111 connecting to 127.0.0.1:11000. Connection refused. retrying in 2 seconds...
2026-02-16 01:54:08,052 Worker fed08d5c7c1a4b77b3fa2f835486c3f9: could not connect to Redis instance: Error 111 connecting to 127.0.0.1:11000. Connection refused. retrying in 2 seconds...
2026-02-16 01:54:10,053 Worker fed08d5c7c1a4b77b3fa2f835486c3f9: could not connect to Redis instance: Error 111 connecting to 127.0.0.1:11000. Connection refused. retrying in 2 seconds...
2026-02-16 01:54:12,054 Worker fed08d5c7c1a4b77b3fa2f835486c3f9: could not connect to Redis instance: Error 111 connecting to 127.0.0.1:11000. Connection refused. retrying in 2 seconds...
2026-02-16 01:54:14,055 Worker fed08d5c7c1a4b77b3fa2f835486c3f9: could not connect to Redis instance: Error 111 connecting to 127.0.0.1:11000. Connection refused. retrying in 2 seconds...
2026-02-16 01:54:16,056 Worker fed08d5c7c1a4b77b3fa2f835486c3f9: could not connect to Redis instance: Error 111 connecting to 127.0.0.1:11000. Connection refused. retrying in 2 seconds...
2026-02-16 01:54:18,057 Worker fed08d5c7c1a4b77b3fa2f835486c3f9: could not connect to Redis instance: Error 111 connecting to 127.0.0.1:11000. Connection refused. retrying in 2 seconds...
2026-02-16 01:54:20,577 Worker fed08d5c7c1a4b77b3fa2f835486c3f9: could not connect to Redis instance: Error 111 connecting to 127.0.0.1:11000. Connection refused. retrying in 2 seconds...
2026-02-16 01:54:22,578 Worker fed08d5c7c1a4b77b3fa2f835486c3f9: could not connect to Redis instance: Error 111 connecting to 127.0.0.1:11000. Connection refused. retrying in 2 seconds...
2026-02-16 01:54:24,579 Worker fed08d5c7c1a4b77b3fa2f835486c3f9: could not connect to Redis instance: Error 111 connecting to 127.0.0.1:11000. Connection refused. retrying in 2 seconds...
2026-02-16 01:54:26,579 Worker fed08d5c7c1a4b77b3fa2f835486c3f9: could not connect to Redis instance: Error 111 connecting to 127.0.0.1:11000. Connection refused. retrying in 2 seconds...
2026-02-16 01:54:28,580 Worker fed08d5c7c1a4b77b3fa2f835486c3f9: could not connect to Redis instance: Error 111 connecting to 127.0.0.1:11000. Connection refused. retrying in 2 seconds...
2026-02-16 01:54:30,581 Worker fed08d5c7c1a4b77b3fa2f835486c3f9: could not connect to Redis instance: Error 111 connecting to 127.0.0.1:11000. Connection refused. retrying in 2 seconds...
2026-02-16 01:54:32,582 Worker fed08d5c7c1a4b77b3fa2f835486c3f9: could not connect to Redis instance: Error 111 connecting to 127.0.0.1:11000. Connection refused. retrying in 2 seconds...
2026-02-16 01:54:34,583 Worker fed08d5c7c1a4b77b3fa2f835486c3f9: could not connect to Redis instance: Error 111 connecting to 127.0.0.1:11000. Connection refused. retrying in 2 seconds...
2026-02-16 01:54:36,584 Worker fed08d5c7c1a4b77b3fa2f835486c3f9: could not connect to Redis instance: Error 111 connecting to 127.0.0.1:11000. Connection refused. retrying in 2 seconds...
2026-02-16 01:54:38,585 Worker fed08d5c7c1a4b77b3fa2f835486c3f9: could not connect to Redis instance: Error 111 connecting to 127.0.0.1:11000. Connection refused. retrying in 2 seconds...
2026-02-16 01:54:40,586 Worker fed08d5c7c1a4b77b3fa2f835486c3f9: could not connect to Redis instance: Error 111 connecting to 127.0.0.1:11000. Connection refused. retrying in 2 seconds...
2026-02-16 01:54:42,587 Worker fed08d5c7c1a4b77b3fa2f835486c3f9: could not connect to Redis instance: Error 111 connecting to 127.0.0.1:11000. Connection refused. retrying in 2 seconds...
2026-02-16 01:54:44,588 Worker fed08d5c7c1a4b77b3fa2f835486c3f9: could not connect to Redis instance: Error 111 connecting to 127.0.0.1:11000. Connection refused. retrying in 2 seconds...
2026-02-16 01:54:46,234 Worker fed08d5c7c1a4b77b3fa2f835486c3f9: could not connect to Redis instance: Error 111 connecting to 127.0.0.1:11000. Connection refused. retrying in 60 seconds...
2026-02-16 01:54:46,589 Worker fed08d5c7c1a4b77b3fa2f835486c3f9: could not connect to Redis instance: Error 111 connecting to 127.0.0.1:11000. Connection refused. retrying in 2 seconds...
2026-02-16 01:54:48,590 Worker fed08d5c7c1a4b77b3fa2f835486c3f9: could not connect to Redis instance: Error 111 connecting to 127.0.0.1:11000. Connection refused. retrying in 2 seconds...
2026-02-16 01:54:50,590 Worker fed08d5c7c1a4b77b3fa2f835486c3f9: could not connect to Redis instance: Error 111 connecting to 127.0.0.1:11000. Connection refused. retrying in 2 seconds...
2026-02-16 01:54:53,109 Worker fed08d5c7c1a4b77b3fa2f835486c3f9: could not connect to Redis instance: Error 111 connecting to 127.0.0.1:11000. Connection refused. retrying in 2 seconds...
2026-02-16 01:54:55,110 Worker fed08d5c7c1a4b77b3fa2f835486c3f9: could not connect to Redis instance: Error 111 connecting to 127.0.0.1:11000. Connection refused. retrying in 2 seconds...
2026-02-16 01:54:57,111 Worker fed08d5c7c1a4b77b3fa2f835486c3f9: could not connect to Redis instance: Error 111 connecting to 127.0.0.1:11000. Connection refused. retrying in 2 seconds...
2026-02-16 01:54:59,112 Worker fed08d5c7c1a4b77b3fa2f835486c3f9: could not connect to Redis instance: Error 111 connecting to 127.0.0.1:11000. Connection refused. retrying in 2 seconds...
2026-02-16 01:55:01,113 Worker fed08d5c7c1a4b77b3fa2f835486c3f9: could not connect to Redis instance: Error 111 connecting to 127.0.0.1:11000. Connection refused. retrying in 2 seconds...
2026-02-16 01:55:03,114 Worker fed08d5c7c1a4b77b3fa2f835486c3f9: could not connect to Redis instance: Error 111 connecting to 127.0.0.1:11000. Connection refused. retrying in 2 seconds...
2026-02-16 01:55:05,115 Worker fed08d5c7c1a4b77b3fa2f835486c3f9: could not connect to Redis instance: Error 111 connecting to 127.0.0.1:11000. Connection refused. retrying in 2 seconds...
2026-02-16 01:55:07,116 Worker fed08d5c7c1a4b77b3fa2f835486c3f9: could not connect to Redis instance: Error 111 connecting to 127.0.0.1:11000. Connection refused. retrying in 2 seconds...
2026-02-16 01:55:09,116 Worker fed08d5c7c1a4b77b3fa2f835486c3f9: could not connect to Redis instance: Error 111 connecting to 127.0.0.1:11000. Connection refused. retrying in 2 seconds...
2026-02-16 01:55:11,117 Worker fed08d5c7c1a4b77b3fa2f835486c3f9: could not connect to Redis instance: Error 111 connecting to 127.0.0.1:11000. Connection refused. retrying in 2 seconds...
2026-02-16 01:55:13,119 Worker fed08d5c7c1a4b77b3fa2f835486c3f9: could not connect to Redis instance: Error 111 connecting to 127.0.0.1:11000. Connection refused. retrying in 2 seconds...
2026-02-16 01:55:15,120 Worker fed08d5c7c1a4b77b3fa2f835486c3f9: could not connect to Redis instance: Error 111 connecting to 127.0.0.1:11000. Connection refused. retrying in 2 seconds...
2026-02-16 01:55:17,120 Worker fed08d5c7c1a4b77b3fa2f835486c3f9: could not connect to Redis instance: Error 111 connecting to 127.0.0.1:11000. Connection refused. retrying in 2 seconds...
2026-02-16 01:55:19,121 Worker fed08d5c7c1a4b77b3fa2f835486c3f9: could not connect to Redis instance: Error 111 connecting to 127.0.0.1:11000. Connection refused. retrying in 2 seconds...
2026-02-16 01:55:21,122 Worker fed08d5c7c1a4b77b3fa2f835486c3f9: could not connect to Redis instance: Error 111 connecting to 127.0.0.1:11000. Connection refused. retrying in 2 seconds...
2026-02-16 01:55:23,123 Worker fed08d5c7c1a4b77b3fa2f835486c3f9: could not connect to Redis instance: Error 111 connecting to 127.0.0.1:11000. Connection refused. retrying in 2 seconds...
2026-02-16 01:55:25,124 Worker fed08d5c7c1a4b77b3fa2f835486c3f9: could not connect to Redis instance: Error 111 connecting to 127.0.0.1:11000. Connection refused. retrying in 2 seconds...
2026-02-16 01:55:27,646 Worker fed08d5c7c1a4b77b3fa2f835486c3f9: could not connect to Redis instance: Error 111 connecting to 127.0.0.1:11000. Connection refused. retrying in 2 seconds...
2026-02-16 01:55:29,647 Worker fed08d5c7c1a4b77b3fa2f835486c3f9: could not connect to Redis instance: Error 111 connecting to 127.0.0.1:11000. Connection refused. retrying in 2 seconds...
2026-02-16 01:55:31,647 Worker fed08d5c7c1a4b77b3fa2f835486c3f9: could not connect to Redis instance: Error 111 connecting to 127.0.0.1:11000. Connection refused. retrying in 2 seconds...
2026-02-16 01:55:33,648 Worker fed08d5c7c1a4b77b3fa2f835486c3f9: could not connect to Redis instance: Error 111 connecting to 127.0.0.1:11000. Connection refused. retrying in 2 seconds...
2026-02-16 01:55:35,649 Worker fed08d5c7c1a4b77b3fa2f835486c3f9: could not connect to Redis instance: Error 111 connecting to 127.0.0.1:11000. Connection refused. retrying in 2 seconds...
2026-02-16 01:55:37,650 Worker fed08d5c7c1a4b77b3fa2f835486c3f9: could not connect to Redis instance: Error 111 connecting to 127.0.0.1:11000. Connection refused. retrying in 2 seconds...
2026-02-16 01:55:39,651 Worker fed08d5c7c1a4b77b3fa2f835486c3f9: could not connect to Redis instance: Error 111 connecting to 127.0.0.1:11000. Connection refused. retrying in 2 seconds...
2026-02-16 01:55:41,652 Worker fed08d5c7c1a4b77b3fa2f835486c3f9: could not connect to Redis instance: Error 111 connecting to 127.0.0.1:11000. Connection refused. retrying in 2 seconds...
2026-02-16 01:55:43,653 Worker fed08d5c7c1a4b77b3fa2f835486c3f9: could not connect to Redis instance: Error 111 connecting to 127.0.0.1:11000. Connection refused. retrying in 2 seconds...
2026-02-16 01:55:45,654 Worker fed08d5c7c1a4b77b3fa2f835486c3f9: could not connect to Redis instance: Error 111 connecting to 127.0.0.1:11000. Connection refused. retrying in 2 seconds...
2026-02-16 01:55:47,275 Worker fed08d5c7c1a4b77b3fa2f835486c3f9: could not connect to Redis instance: Error 111 connecting to 127.0.0.1:11000. Connection refused. retrying in 60 seconds...
2026-02-16 01:55:47,655 Worker fed08d5c7c1a4b77b3fa2f835486c3f9: could not connect to Redis instance: Error 111 connecting to 127.0.0.1:11000. Connection refused. retrying in 2 seconds...
2026-02-16 01:55:49,656 Worker fed08d5c7c1a4b77b3fa2f835486c3f9: could not connect to Redis instance: Error 111 connecting to 127.0.0.1:11000. Connection refused. retrying in 2 seconds...
2026-02-16 01:55:51,657 Worker fed08d5c7c1a4b77b3fa2f835486c3f9: could not connect to Redis instance: Error 111 connecting to 127.0.0.1:11000. Connection refused. retrying in 2 seconds...
2026-02-16 01:55:53,658 Worker fed08d5c7c1a4b77b3fa2f835486c3f9: could not connect to Redis instance: Error 111 connecting to 127.0.0.1:11000. Connection refused. retrying in 2 seconds...
2026-02-16 01:55:55,659 Worker fed08d5c7c1a4b77b3fa2f835486c3f9: could not connect to Redis instance: Error 111 connecting to 127.0.0.1:11000. Connection refused. retrying in 2 seconds...
2026-02-16 01:55:57,659 Worker fed08d5c7c1a4b77b3fa2f835486c3f9: could not connect to Redis instance: Error 111 connecting to 127.0.0.1:11000. Connection refused. retrying in 2 seconds...
2026-02-16 01:56:00,185 Worker fed08d5c7c1a4b77b3fa2f835486c3f9: could not connect to Redis instance: Error 111 connecting to 127.0.0.1:11000. Connection refused. retrying in 2 seconds...
2026-02-16 01:56:02,186 Worker fed08d5c7c1a4b77b3fa2f835486c3f9: could not connect to Redis instance: Error 111 connecting to 127.0.0.1:11000. Connection refused. retrying in 2 seconds...
2026-02-16 01:56:04,186 Worker fed08d5c7c1a4b77b3fa2f835486c3f9: could not connect to Redis instance: Error 111 connecting to 127.0.0.1:11000. Connection refused. retrying in 2 seconds...
2026-02-16 01:56:06,187 Worker fed08d5c7c1a4b77b3fa2f835486c3f9: could not connect to Redis instance: Error 111 connecting to 127.0.0.1:11000. Connection refused. retrying in 2 seconds...
2026-02-16 01:56:08,188 Worker fed08d5c7c1a4b77b3fa2f835486c3f9: could not connect to Redis instance: Error 111 connecting to 127.0.0.1:11000. Connection refused. retrying in 2 seconds...
2026-02-16 01:56:10,189 Worker fed08d5c7c1a4b77b3fa2f835486c3f9: could not connect to Redis instance: Error 111 connecting to 127.0.0.1:11000. Connection refused. retrying in 2 seconds...
2026-02-16 01:56:12,190 Worker fed08d5c7c1a4b77b3fa2f835486c3f9: could not connect to Redis instance: Error 111 connecting to 127.0.0.1:11000. Connection refused. retrying in 2 seconds...
2026-02-16 01:56:14,191 Worker fed08d5c7c1a4b77b3fa2f835486c3f9: could not connect to Redis instance: Error 111 connecting to 127.0.0.1:11000. Connection refused. retrying in 2 seconds...
2026-02-16 01:56:16,192 Worker fed08d5c7c1a4b77b3fa2f835486c3f9: could not connect to Redis instance: Error 111 connecting to 127.0.0.1:11000. Connection refused. retrying in 2 seconds...
2026-02-16 01:56:18,193 Worker fed08d5c7c1a4b77b3fa2f835486c3f9: could not connect to Redis instance: Error 111 connecting to 127.0.0.1:11000. Connection refused. retrying in 2 seconds...
2026-02-16 01:56:20,195 Worker fed08d5c7c1a4b77b3fa2f835486c3f9: could not connect to Redis instance: Error 111 connecting to 127.0.0.1:11000. Connection refused. retrying in 2 seconds...
2026-02-16 01:56:22,195 Worker fed08d5c7c1a4b77b3fa2f835486c3f9: could not connect to Redis instance: Error 111 connecting to 127.0.0.1:11000. Connection refused. retrying in 2 seconds...
/home/emlad/Developer/frappe-crm-f0rk/frappe-bench/env/lib/python3.14/site-packages/rq/worker.py:1602: DeprecationWarning: This process (pid=245283) is multi-threaded, use of fork() may lead to deadlocks in the child.
  child_pid = os.fork()
/home/emlad/Developer/frappe-crm-f0rk/frappe-bench/env/lib/python3.14/site-packages/rq/worker.py:1602: DeprecationWarning: This process (pid=245283) is multi-threaded, use of fork() may lead to deadlocks in the child.
  child_pid = os.fork()
/home/emlad/Developer/frappe-crm-f0rk/frappe-bench/env/lib/python3.14/site-packages/rq/worker.py:1602: DeprecationWarning: This process (pid=245283) is multi-threaded, use of fork() may lead to deadlocks in the child.
  child_pid = os.fork()
/home/emlad/Developer/frappe-crm-f0rk/frappe-bench/env/lib/python3.14/site-packages/rq/worker.py:1602: DeprecationWarning: This process (pid=245283) is multi-threaded, use of fork() may lead to deadlocks in the child.
  child_pid = os.fork()
/home/emlad/Developer/frappe-crm-f0rk/frappe-bench/env/lib/python3.14/site-packages/rq/worker.py:1602: DeprecationWarning: This process (pid=245283) is multi-threaded, use of fork() may lead to deadlocks in the child.
  child_pid = os.fork()
/home/emlad/Developer/frappe-crm-f0rk/frappe-bench/env/lib/python3.14/site-packages/rq/worker.py:1602: DeprecationWarning: This process (pid=245283) is multi-threaded, use of fork() may lead to deadlocks in the child.
  child_pid = os.fork()
/home/emlad/Developer/frappe-crm-f0rk/frappe-bench/env/lib/python3.14/site-packages/rq/worker.py:1602: DeprecationWarning: This process (pid=245283) is multi-threaded, use of fork() may lead to deadlocks in the child.
  child_pid = os.fork()
/home/emlad/Developer/frappe-crm-f0rk/frappe-bench/env/lib/python3.14/site-packages/rq/worker.py:1602: DeprecationWarning: This process (pid=245283) is multi-threaded, use of fork() may lead to deadlocks in the child.
  child_pid = os.fork()
/home/emlad/Developer/frappe-crm-f0rk/frappe-bench/env/lib/python3.14/site-packages/rq/worker.py:1602: DeprecationWarning: This process (pid=245283) is multi-threaded, use of fork() may lead to deadlocks in the child.
  child_pid = os.fork()
/home/emlad/Developer/frappe-crm-f0rk/frappe-bench/env/lib/python3.14/site-packages/rq/worker.py:1602: DeprecationWarning: This process (pid=245283) is multi-threaded, use of fork() may lead to deadlocks in the child.
  child_pid = os.fork()
/home/emlad/Developer/frappe-crm-f0rk/frappe-bench/env/lib/python3.14/site-packages/rq/worker.py:1602: DeprecationWarning: This process (pid=245283) is multi-threaded, use of fork() may lead to deadlocks in the child.
  child_pid = os.fork()
/home/emlad/Developer/frappe-crm-f0rk/frappe-bench/env/lib/python3.14/site-packages/rq/worker.py:1602: DeprecationWarning: This process (pid=245283) is multi-threaded, use of fork() may lead to deadlocks in the child.
  child_pid = os.fork()
/home/emlad/Developer/frappe-crm-f0rk/frappe-bench/env/lib/python3.14/site-packages/rq/worker.py:1602: DeprecationWarning: This process (pid=245283) is multi-threaded, use of fork() may lead to deadlocks in the child.
  child_pid = os.fork()
/home/emlad/Developer/frappe-crm-f0rk/frappe-bench/env/lib/python3.14/site-packages/rq/worker.py:1602: DeprecationWarning: This process (pid=245283) is multi-threaded, use of fork() may lead to deadlocks in the child.
  child_pid = os.fork()
/home/emlad/Developer/frappe-crm-f0rk/frappe-bench/env/lib/python3.14/site-packages/rq/worker.py:1602: DeprecationWarning: This process (pid=245283) is multi-threaded, use of fork() may lead to deadlocks in the child.
  child_pid = os.fork()
/home/emlad/Developer/frappe-crm-f0rk/frappe-bench/env/lib/python3.14/site-packages/rq/worker.py:1602: DeprecationWarning: This process (pid=245283) is multi-threaded, use of fork() may lead to deadlocks in the child.
  child_pid = os.fork()
/home/emlad/Developer/frappe-crm-f0rk/frappe-bench/env/lib/python3.14/site-packages/rq/worker.py:1602: DeprecationWarning: This process (pid=245283) is multi-threaded, use of fork() may lead to deadlocks in the child.
  child_pid = os.fork()
/home/emlad/Developer/frappe-crm-f0rk/frappe-bench/env/lib/python3.14/site-packages/rq/worker.py:1602: DeprecationWarning: This process (pid=245283) is multi-threaded, use of fork() may lead to deadlocks in the child.
  child_pid = os.fork()
/home/emlad/Developer/frappe-crm-f0rk/frappe-bench/env/lib/python3.14/site-packages/rq/worker.py:1602: DeprecationWarning: This process (pid=245283) is multi-threaded, use of fork() may lead to deadlocks in the child.
  child_pid = os.fork()
/home/emlad/Developer/frappe-crm-f0rk/frappe-bench/env/lib/python3.14/site-packages/rq/worker.py:1602: DeprecationWarning: This process (pid=245283) is multi-threaded, use of fork() may lead to deadlocks in the child.
  child_pid = os.fork()
/home/emlad/Developer/frappe-crm-f0rk/frappe-bench/env/lib/python3.14/site-packages/rq/worker.py:1602: DeprecationWarning: This process (pid=245283) is multi-threaded, use of fork() may lead to deadlocks in the child.
  child_pid = os.fork()
/home/emlad/Developer/frappe-crm-f0rk/frappe-bench/env/lib/python3.14/site-packages/rq/worker.py:1602: DeprecationWarning: This process (pid=245283) is multi-threaded, use of fork() may lead to deadlocks in the child.
  child_pid = os.fork()
/home/emlad/Developer/frappe-crm-f0rk/frappe-bench/env/lib/python3.14/site-packages/rq/worker.py:1602: DeprecationWarning: This process (pid=245283) is multi-threaded, use of fork() may lead to deadlocks in the child.
  child_pid = os.fork()
/home/emlad/Developer/frappe-crm-f0rk/frappe-bench/env/lib/python3.14/site-packages/rq/worker.py:1602: DeprecationWarning: This process (pid=245283) is multi-threaded, use of fork() may lead to deadlocks in the child.
  child_pid = os.fork()
/home/emlad/Developer/frappe-crm-f0rk/frappe-bench/env/lib/python3.14/site-packages/rq/worker.py:1602: DeprecationWarning: This process (pid=245283) is multi-threaded, use of fork() may lead to deadlocks in the child.
  child_pid = os.fork()
/home/emlad/Developer/frappe-crm-f0rk/frappe-bench/env/lib/python3.14/site-packages/rq/worker.py:1602: DeprecationWarning: This process (pid=245283) is multi-threaded, use of fork() may lead to deadlocks in the child.
  child_pid = os.fork()
/home/emlad/Developer/frappe-crm-f0rk/frappe-bench/env/lib/python3.14/site-packages/rq/worker.py:1602: DeprecationWarning: This process (pid=245283) is multi-threaded, use of fork() may lead to deadlocks in the child.
  child_pid = os.fork()
/home/emlad/Developer/frappe-crm-f0rk/frappe-bench/env/lib/python3.14/site-packages/rq/worker.py:1602: DeprecationWarning: This process (pid=245283) is multi-threaded, use of fork() may lead to deadlocks in the child.
  child_pid = os.fork()
/home/emlad/Developer/frappe-crm-f0rk/frappe-bench/env/lib/python3.14/site-packages/rq/worker.py:1602: DeprecationWarning: This process (pid=245283) is multi-threaded, use of fork() may lead to deadlocks in the child.
  child_pid = os.fork()
/home/emlad/Developer/frappe-crm-f0rk/frappe-bench/env/lib/python3.14/site-packages/rq/worker.py:1602: DeprecationWarning: This process (pid=245283) is multi-threaded, use of fork() may lead to deadlocks in the child.
  child_pid = os.fork()
/home/emlad/Developer/frappe-crm-f0rk/frappe-bench/env/lib/python3.14/site-packages/rq/worker.py:1602: DeprecationWarning: This process (pid=245283) is multi-threaded, use of fork() may lead to deadlocks in the child.
  child_pid = os.fork()
/home/emlad/Developer/frappe-crm-f0rk/frappe-bench/env/lib/python3.14/site-packages/rq/worker.py:1602: DeprecationWarning: This process (pid=245283) is multi-threaded, use of fork() may lead to deadlocks in the child.
  child_pid = os.fork()
/home/emlad/Developer/frappe-crm-f0rk/frappe-bench/env/lib/python3.14/site-packages/rq/worker.py:1602: DeprecationWarning: This process (pid=245283) is multi-threaded, use of fork() may lead to deadlocks in the child.
  child_pid = os.fork()
/home/emlad/Developer/frappe-crm-f0rk/frappe-bench/env/lib/python3.14/site-packages/rq/worker.py:1602: DeprecationWarning: This process (pid=245283) is multi-threaded, use of fork() may lead to deadlocks in the child.
  child_pid = os.fork()
/home/emlad/Developer/frappe-crm-f0rk/frappe-bench/env/lib/python3.14/site-packages/rq/worker.py:1602: DeprecationWarning: This process (pid=245283) is multi-threaded, use of fork() may lead to deadlocks in the child.
  child_pid = os.fork()
/home/emlad/Developer/frappe-crm-f0rk/frappe-bench/env/lib/python3.14/site-packages/rq/worker.py:1602: DeprecationWarning: This process (pid=245283) is multi-threaded, use of fork() may lead to deadlocks in the child.
  child_pid = os.fork()
/home/emlad/Developer/frappe-crm-f0rk/frappe-bench/env/lib/python3.14/site-packages/rq/worker.py:1602: DeprecationWarning: This process (pid=245283) is multi-threaded, use of fork() may lead to deadlocks in the child.
  child_pid = os.fork()
/home/emlad/Developer/frappe-crm-f0rk/frappe-bench/env/lib/python3.14/site-packages/rq/worker.py:1602: DeprecationWarning: This process (pid=245283) is multi-threaded, use of fork() may lead to deadlocks in the child.
  child_pid = os.fork()
/home/emlad/Developer/frappe-crm-f0rk/frappe-bench/env/lib/python3.14/site-packages/rq/worker.py:1602: DeprecationWarning: This process (pid=245283) is multi-threaded, use of fork() may lead to deadlocks in the child.
  child_pid = os.fork()
/home/emlad/Developer/frappe-crm-f0rk/frappe-bench/env/lib/python3.14/site-packages/rq/worker.py:1602: DeprecationWarning: This process (pid=245283) is multi-threaded, use of fork() may lead to deadlocks in the child.
  child_pid = os.fork()
/home/emlad/Developer/frappe-crm-f0rk/frappe-bench/env/lib/python3.14/site-packages/rq/worker.py:1602: DeprecationWarning: This process (pid=245283) is multi-threaded, use of fork() may lead to deadlocks in the child.
  child_pid = os.fork()
/home/emlad/Developer/frappe-crm-f0rk/frappe-bench/env/lib/python3.14/site-packages/rq/worker.py:1602: DeprecationWarning: This process (pid=245283) is multi-threaded, use of fork() may lead to deadlocks in the child.
  child_pid = os.fork()
/home/emlad/Developer/frappe-crm-f0rk/frappe-bench/env/lib/python3.14/site-packages/rq/worker.py:1602: DeprecationWarning: This process (pid=245283) is multi-threaded, use of fork() may lead to deadlocks in the child.
  child_pid = os.fork()
/home/emlad/Developer/frappe-crm-f0rk/frappe-bench/env/lib/python3.14/site-packages/rq/worker.py:1602: DeprecationWarning: This process (pid=245283) is multi-threaded, use of fork() may lead to deadlocks in the child.
  child_pid = os.fork()
/home/emlad/Developer/frappe-crm-f0rk/frappe-bench/env/lib/python3.14/site-packages/rq/worker.py:1602: DeprecationWarning: This process (pid=245283) is multi-threaded, use of fork() may lead to deadlocks in the child.
  child_pid = os.fork()
/home/emlad/Developer/frappe-crm-f0rk/frappe-bench/env/lib/python3.14/site-packages/rq/worker.py:1602: DeprecationWarning: This process (pid=245283) is multi-threaded, use of fork() may lead to deadlocks in the child.
  child_pid = os.fork()
/home/emlad/Developer/frappe-crm-f0rk/frappe-bench/env/lib/python3.14/site-packages/rq/worker.py:1602: DeprecationWarning: This process (pid=245283) is multi-threaded, use of fork() may lead to deadlocks in the child.
  child_pid = os.fork()
/home/emlad/Developer/frappe-crm-f0rk/frappe-bench/env/lib/python3.14/site-packages/rq/worker.py:1602: DeprecationWarning: This process (pid=245283) is multi-threaded, use of fork() may lead to deadlocks in the child.
  child_pid = os.fork()
/home/emlad/Developer/frappe-crm-f0rk/frappe-bench/env/lib/python3.14/site-packages/rq/worker.py:1602: DeprecationWarning: This process (pid=245283) is multi-threaded, use of fork() may lead to deadlocks in the child.
  child_pid = os.fork()
/home/emlad/Developer/frappe-crm-f0rk/frappe-bench/env/lib/python3.14/site-packages/rq/worker.py:1602: DeprecationWarning: This process (pid=245283) is multi-threaded, use of fork() may lead to deadlocks in the child.
  child_pid = os.fork()
/home/emlad/Developer/frappe-crm-f0rk/frappe-bench/env/lib/python3.14/site-packages/rq/worker.py:1602: DeprecationWarning: This process (pid=245283) is multi-threaded, use of fork() may lead to deadlocks in the child.
  child_pid = os.fork()
/home/emlad/Developer/frappe-crm-f0rk/frappe-bench/env/lib/python3.14/site-packages/rq/worker.py:1602: DeprecationWarning: This process (pid=245283) is multi-threaded, use of fork() may lead to deadlocks in the child.
  child_pid = os.fork()
/home/emlad/Developer/frappe-crm-f0rk/frappe-bench/env/lib/python3.14/site-packages/rq/worker.py:1602: DeprecationWarning: This process (pid=245283) is multi-threaded, use of fork() may lead to deadlocks in the child.
  child_pid = os.fork()
/home/emlad/Developer/frappe-crm-f0rk/frappe-bench/env/lib/python3.14/site-packages/rq/worker.py:1602: DeprecationWarning: This process (pid=245283) is multi-threaded, use of fork() may lead to deadlocks in the child.
  child_pid = os.fork()
/home/emlad/Developer/frappe-crm-f0rk/frappe-bench/env/lib/python3.14/site-packages/rq/worker.py:1602: DeprecationWarning: This process (pid=245283) is multi-threaded, use of fork() may lead to deadlocks in the child.
  child_pid = os.fork()
/home/emlad/Developer/frappe-crm-f0rk/frappe-bench/env/lib/python3.14/site-packages/rq/worker.py:1602: DeprecationWarning: This process (pid=245283) is multi-threaded, use of fork() may lead to deadlocks in the child.
  child_pid = os.fork()
/home/emlad/Developer/frappe-crm-f0rk/frappe-bench/env/lib/python3.14/site-packages/rq/worker.py:1602: DeprecationWarning: This process (pid=245283) is multi-threaded, use of fork() may lead to deadlocks in the child.
  child_pid = os.fork()
/home/emlad/Developer/frappe-crm-f0rk/frappe-bench/env/lib/python3.14/site-packages/rq/worker.py:1602: DeprecationWarning: This process (pid=245283) is multi-threaded, use of fork() may lead to deadlocks in the child.
  child_pid = os.fork()
/home/emlad/Developer/frappe-crm-f0rk/frappe-bench/env/lib/python3.14/site-packages/rq/worker.py:1602: DeprecationWarning: This process (pid=245283) is multi-threaded, use of fork() may lead to deadlocks in the child.
  child_pid = os.fork()
/home/emlad/Developer/frappe-crm-f0rk/frappe-bench/env/lib/python3.14/site-packages/rq/worker.py:1602: DeprecationWarning: This process (pid=245283) is multi-threaded, use of fork() may lead to deadlocks in the child.
  child_pid = os.fork()
/home/emlad/Developer/frappe-crm-f0rk/frappe-bench/env/lib/python3.14/site-packages/rq/worker.py:1602: DeprecationWarning: This process (pid=245283) is multi-threaded, use of fork() may lead to deadlocks in the child.
  child_pid = os.fork()
/home/emlad/Developer/frappe-crm-f0rk/frappe-bench/env/lib/python3.14/site-packages/rq/worker.py:1602: DeprecationWarning: This process (pid=245283) is multi-threaded, use of fork() may lead to deadlocks in the child.
  child_pid = os.fork()
/home/emlad/Developer/frappe-crm-f0rk/frappe-bench/env/lib/python3.14/site-packages/rq/worker.py:1602: DeprecationWarning: This process (pid=245283) is multi-threaded, use of fork() may lead to deadlocks in the child.
  child_pid = os.fork()
/home/emlad/Developer/frappe-crm-f0rk/frappe-bench/env/lib/python3.14/site-packages/rq/worker.py:1602: DeprecationWarning: This process (pid=245283) is multi-threaded, use of fork() may lead to deadlocks in the child.
  child_pid = os.fork()
/home/emlad/Developer/frappe-crm-f0rk/frappe-bench/env/lib/python3.14/site-packages/rq/worker.py:1602: DeprecationWarning: This process (pid=245283) is multi-threaded, use of fork() may lead to deadlocks in the child.
  child_pid = os.fork()
/home/emlad/Developer/frappe-crm-f0rk/frappe-bench/env/lib/python3.14/site-packages/rq/worker.py:1602: DeprecationWarning: This process (pid=245283) is multi-threaded, use of fork() may lead to deadlocks in the child.
  child_pid = os.fork()
/home/emlad/Developer/frappe-crm-f0rk/frappe-bench/env/lib/python3.14/site-packages/rq/worker.py:1602: DeprecationWarning: This process (pid=245283) is multi-threaded, use of fork() may lead to deadlocks in the child.
  child_pid = os.fork()
/home/emlad/Developer/frappe-crm-f0rk/frappe-bench/env/lib/python3.14/site-packages/rq/worker.py:1602: DeprecationWarning: This process (pid=245283) is multi-threaded, use of fork() may lead to deadlocks in the child.
  child_pid = os.fork()
/home/emlad/Developer/frappe-crm-f0rk/frappe-bench/env/lib/python3.14/site-packages/rq/worker.py:1602: DeprecationWarning: This process (pid=245283) is multi-threaded, use of fork() may lead to deadlocks in the child.
  child_pid = os.fork()
/home/emlad/Developer/frappe-crm-f0rk/frappe-bench/env/lib/python3.14/site-packages/rq/worker.py:1602: DeprecationWarning: This process (pid=245283) is multi-threaded, use of fork() may lead to deadlocks in the child.
  child_pid = os.fork()
/home/emlad/Developer/frappe-crm-f0rk/frappe-bench/env/lib/python3.14/site-packages/rq/worker.py:1602: DeprecationWarning: This process (pid=245283) is multi-threaded, use of fork() may lead to deadlocks in the child.
  child_pid = os.fork()
/home/emlad/Developer/frappe-crm-f0rk/frappe-bench/env/lib/python3.14/site-packages/rq/worker.py:1602: DeprecationWarning: This process (pid=245283) is multi-threaded, use of fork() may lead to deadlocks in the child.
  child_pid = os.fork()
/home/emlad/Developer/frappe-crm-f0rk/frappe-bench/env/lib/python3.14/site-packages/rq/worker.py:1602: DeprecationWarning: This process (pid=245283) is multi-threaded, use of fork() may lead to deadlocks in the child.
  child_pid = os.fork()
/home/emlad/Developer/frappe-crm-f0rk/frappe-bench/env/lib/python3.14/site-packages/rq/worker.py:1602: DeprecationWarning: This process (pid=245283) is multi-threaded, use of fork() may lead to deadlocks in the child.
  child_pid = os.fork()
/home/emlad/Developer/frappe-crm-f0rk/frappe-bench/env/lib/python3.14/site-packages/rq/worker.py:1602: DeprecationWarning: This process (pid=245283) is multi-threaded, use of fork() may lead to deadlocks in the child.
  child_pid = os.fork()
/home/emlad/Developer/frappe-crm-f0rk/frappe-bench/env/lib/python3.14/site-packages/rq/worker.py:1602: DeprecationWarning: This process (pid=245283) is multi-threaded, use of fork() may lead to deadlocks in the child.
  child_pid = os.fork()
/home/emlad/Developer/frappe-crm-f0rk/frappe-bench/env/lib/python3.14/site-packages/rq/worker.py:1602: DeprecationWarning: This process (pid=245283) is multi-threaded, use of fork() may lead to deadlocks in the child.
  child_pid = os.fork()
/home/emlad/Developer/frappe-crm-f0rk/frappe-bench/env/lib/python3.14/site-packages/rq/worker.py:1602: DeprecationWarning: This process (pid=245283) is multi-threaded, use of fork() may lead to deadlocks in the child.
  child_pid = os.fork()
/home/emlad/Developer/frappe-crm-f0rk/frappe-bench/env/lib/python3.14/site-packages/rq/worker.py:1602: DeprecationWarning: This process (pid=245283) is multi-threaded, use of fork() may lead to deadlocks in the child.
  child_pid = os.fork()
/home/emlad/Developer/frappe-crm-f0rk/frappe-bench/env/lib/python3.14/site-packages/rq/worker.py:1602: DeprecationWarning: This process (pid=245283) is multi-threaded, use of fork() may lead to deadlocks in the child.
  child_pid = os.fork()
/home/emlad/Developer/frappe-crm-f0rk/frappe-bench/env/lib/python3.14/site-packages/rq/worker.py:1602: DeprecationWarning: This process (pid=245283) is multi-threaded, use of fork() may lead to deadlocks in the child.
  child_pid = os.fork()
/home/emlad/Developer/frappe-crm-f0rk/frappe-bench/env/lib/python3.14/site-packages/rq/worker.py:1602: DeprecationWarning: This process (pid=245283) is multi-threaded, use of fork() may lead to deadlocks in the child.
  child_pid = os.fork()
/home/emlad/Developer/frappe-crm-f0rk/frappe-bench/env/lib/python3.14/site-packages/rq/worker.py:1602: DeprecationWarning: This process (pid=245283) is multi-threaded, use of fork() may lead to deadlocks in the child.
  child_pid = os.fork()
/home/emlad/Developer/frappe-crm-f0rk/frappe-bench/env/lib/python3.14/site-packages/rq/worker.py:1602: DeprecationWarning: This process (pid=245283) is multi-threaded, use of fork() may lead to deadlocks in the child.
  child_pid = os.fork()
/home/emlad/Developer/frappe-crm-f0rk/frappe-bench/env/lib/python3.14/site-packages/rq/worker.py:1602: DeprecationWarning: This process (pid=245283) is multi-threaded, use of fork() may lead to deadlocks in the child.
  child_pid = os.fork()
/home/emlad/Developer/frappe-crm-f0rk/frappe-bench/env/lib/python3.14/site-packages/rq/worker.py:1602: DeprecationWarning: This process (pid=245283) is multi-threaded, use of fork() may lead to deadlocks in the child.
  child_pid = os.fork()
/home/emlad/Developer/frappe-crm-f0rk/frappe-bench/env/lib/python3.14/site-packages/rq/worker.py:1602: DeprecationWarning: This process (pid=245283) is multi-threaded, use of fork() may lead to deadlocks in the child.
  child_pid = os.fork()
/home/emlad/Developer/frappe-crm-f0rk/frappe-bench/env/lib/python3.14/site-packages/rq/worker.py:1602: DeprecationWarning: This process (pid=245283) is multi-threaded, use of fork() may lead to deadlocks in the child.
  child_pid = os.fork()
/home/emlad/Developer/frappe-crm-f0rk/frappe-bench/env/lib/python3.14/site-packages/rq/worker.py:1602: DeprecationWarning: This process (pid=245283) is multi-threaded, use of fork() may lead to deadlocks in the child.
  child_pid = os.fork()
/home/emlad/Developer/frappe-crm-f0rk/frappe-bench/env/lib/python3.14/site-packages/rq/worker.py:1602: DeprecationWarning: This process (pid=245283) is multi-threaded, use of fork() may lead to deadlocks in the child.
  child_pid = os.fork()
/home/emlad/Developer/frappe-crm-f0rk/frappe-bench/env/lib/python3.14/site-packages/rq/worker.py:1602: DeprecationWarning: This process (pid=245283) is multi-threaded, use of fork() may lead to deadlocks in the child.
  child_pid = os.fork()
/home/emlad/Developer/frappe-crm-f0rk/frappe-bench/env/lib/python3.14/site-packages/rq/worker.py:1602: DeprecationWarning: This process (pid=245283) is multi-threaded, use of fork() may lead to deadlocks in the child.
  child_pid = os.fork()
/home/emlad/Developer/frappe-crm-f0rk/frappe-bench/env/lib/python3.14/site-packages/rq/worker.py:1602: DeprecationWarning: This process (pid=245283) is multi-threaded, use of fork() may lead to deadlocks in the child.
  child_pid = os.fork()
/home/emlad/Developer/frappe-crm-f0rk/frappe-bench/env/lib/python3.14/site-packages/rq/worker.py:1602: DeprecationWarning: This process (pid=245283) is multi-threaded, use of fork() may lead to deadlocks in the child.
  child_pid = os.fork()
/home/emlad/Developer/frappe-crm-f0rk/frappe-bench/env/lib/python3.14/site-packages/rq/worker.py:1602: DeprecationWarning: This process (pid=245283) is multi-threaded, use of fork() may lead to deadlocks in the child.
  child_pid = os.fork()
/home/emlad/Developer/frappe-crm-f0rk/frappe-bench/env/lib/python3.14/site-packages/rq/worker.py:1602: DeprecationWarning: This process (pid=245283) is multi-threaded, use of fork() may lead to deadlocks in the child.
  child_pid = os.fork()
/home/emlad/Developer/frappe-crm-f0rk/frappe-bench/env/lib/python3.14/site-packages/rq/worker.py:1602: DeprecationWarning: This process (pid=245283) is multi-threaded, use of fork() may lead to deadlocks in the child.
  child_pid = os.fork()
/home/emlad/Developer/frappe-crm-f0rk/frappe-bench/env/lib/python3.14/site-packages/rq/worker.py:1602: DeprecationWarning: This process (pid=245283) is multi-threaded, use of fork() may lead to deadlocks in the child.
  child_pid = os.fork()
/home/emlad/Developer/frappe-crm-f0rk/frappe-bench/env/lib/python3.14/site-packages/rq/worker.py:1602: DeprecationWarning: This process (pid=245283) is multi-threaded, use of fork() may lead to deadlocks in the child.
  child_pid = os.fork()
/home/emlad/Developer/frappe-crm-f0rk/frappe-bench/env/lib/python3.14/site-packages/rq/worker.py:1602: DeprecationWarning: This process (pid=245283) is multi-threaded, use of fork() may lead to deadlocks in the child.
  child_pid = os.fork()
/home/emlad/Developer/frappe-crm-f0rk/frappe-bench/env/lib/python3.14/site-packages/rq/worker.py:1602: DeprecationWarning: This process (pid=245283) is multi-threaded, use of fork() may lead to deadlocks in the child.
  child_pid = os.fork()
/home/emlad/Developer/frappe-crm-f0rk/frappe-bench/env/lib/python3.14/site-packages/rq/worker.py:1602: DeprecationWarning: This process (pid=245283) is multi-threaded, use of fork() may lead to deadlocks in the child.
  child_pid = os.fork()
/home/emlad/Developer/frappe-crm-f0rk/frappe-bench/env/lib/python3.14/site-packages/rq/worker.py:1602: DeprecationWarning: This process (pid=245283) is multi-threaded, use of fork() may lead to deadlocks in the child.
  child_pid = os.fork()
/home/emlad/Developer/frappe-crm-f0rk/frappe-bench/env/lib/python3.14/site-packages/rq/worker.py:1602: DeprecationWarning: This process (pid=245283) is multi-threaded, use of fork() may lead to deadlocks in the child.
  child_pid = os.fork()
/home/emlad/Developer/frappe-crm-f0rk/frappe-bench/env/lib/python3.14/site-packages/rq/worker.py:1602: DeprecationWarning: This process (pid=245283) is multi-threaded, use of fork() may lead to deadlocks in the child.
  child_pid = os.fork()
/home/emlad/Developer/frappe-crm-f0rk/frappe-bench/env/lib/python3.14/site-packages/rq/worker.py:1602: DeprecationWarning: This process (pid=245283) is multi-threaded, use of fork() may lead to deadlocks in the child.
  child_pid = os.fork()
/home/emlad/Developer/frappe-crm-f0rk/frappe-bench/env/lib/python3.14/site-packages/rq/worker.py:1602: DeprecationWarning: This process (pid=245283) is multi-threaded, use of fork() may lead to deadlocks in the child.
  child_pid = os.fork()
/home/emlad/Developer/frappe-crm-f0rk/frappe-bench/env/lib/python3.14/site-packages/rq/worker.py:1602: DeprecationWarning: This process (pid=245283) is multi-threaded, use of fork() may lead to deadlocks in the child.
  child_pid = os.fork()
/home/emlad/Developer/frappe-crm-f0rk/frappe-bench/env/lib/python3.14/site-packages/rq/worker.py:1602: DeprecationWarning: This process (pid=245283) is multi-threaded, use of fork() may lead to deadlocks in the child.
  child_pid = os.fork()
/home/emlad/Developer/frappe-crm-f0rk/frappe-bench/env/lib/python3.14/site-packages/rq/worker.py:1602: DeprecationWarning: This process (pid=245283) is multi-threaded, use of fork() may lead to deadlocks in the child.
  child_pid = os.fork()
/home/emlad/Developer/frappe-crm-f0rk/frappe-bench/env/lib/python3.14/site-packages/rq/worker.py:1602: DeprecationWarning: This process (pid=245283) is multi-threaded, use of fork() may lead to deadlocks in the child.
  child_pid = os.fork()
/home/emlad/Developer/frappe-crm-f0rk/frappe-bench/env/lib/python3.14/site-packages/rq/worker.py:1602: DeprecationWarning: This process (pid=245283) is multi-threaded, use of fork() may lead to deadlocks in the child.
  child_pid = os.fork()
/home/emlad/Developer/frappe-crm-f0rk/frappe-bench/env/lib/python3.14/site-packages/rq/worker.py:1602: DeprecationWarning: This process (pid=245283) is multi-threaded, use of fork() may lead to deadlocks in the child.
  child_pid = os.fork()
/home/emlad/Developer/frappe-crm-f0rk/frappe-bench/env/lib/python3.14/site-packages/rq/worker.py:1602: DeprecationWarning: This process (pid=245283) is multi-threaded, use of fork() may lead to deadlocks in the child.
  child_pid = os.fork()
/home/emlad/Developer/frappe-crm-f0rk/frappe-bench/env/lib/python3.14/site-packages/rq/worker.py:1602: DeprecationWarning: This process (pid=245283) is multi-threaded, use of fork() may lead to deadlocks in the child.
  child_pid = os.fork()
/home/emlad/Developer/frappe-crm-f0rk/frappe-bench/env/lib/python3.14/site-packages/rq/worker.py:1602: DeprecationWarning: This process (pid=245283) is multi-threaded, use of fork() may lead to deadlocks in the child.
  child_pid = os.fork()
/home/emlad/Developer/frappe-crm-f0rk/frappe-bench/env/lib/python3.14/site-packages/rq/worker.py:1602: DeprecationWarning: This process (pid=245283) is multi-threaded, use of fork() may lead to deadlocks in the child.
  child_pid = os.fork()
/home/emlad/Developer/frappe-crm-f0rk/frappe-bench/env/lib/python3.14/site-packages/rq/worker.py:1602: DeprecationWarning: This process (pid=245283) is multi-threaded, use of fork() may lead to deadlocks in the child.
  child_pid = os.fork()
/home/emlad/Developer/frappe-crm-f0rk/frappe-bench/env/lib/python3.14/site-packages/rq/worker.py:1602: DeprecationWarning: This process (pid=245283) is multi-threaded, use of fork() may lead to deadlocks in the child.
  child_pid = os.fork()
/home/emlad/Developer/frappe-crm-f0rk/frappe-bench/env/lib/python3.14/site-packages/rq/worker.py:1602: DeprecationWarning: This process (pid=245283) is multi-threaded, use of fork() may lead to deadlocks in the child.
  child_pid = os.fork()
/home/emlad/Developer/frappe-crm-f0rk/frappe-bench/env/lib/python3.14/site-packages/rq/worker.py:1602: DeprecationWarning: This process (pid=245283) is multi-threaded, use of fork() may lead to deadlocks in the child.
  child_pid = os.fork()
/home/emlad/Developer/frappe-crm-f0rk/frappe-bench/env/lib/python3.14/site-packages/rq/worker.py:1602: DeprecationWarning: This process (pid=245283) is multi-threaded, use of fork() may lead to deadlocks in the child.
  child_pid = os.fork()
/home/emlad/Developer/frappe-crm-f0rk/frappe-bench/env/lib/python3.14/site-packages/rq/worker.py:1602: DeprecationWarning: This process (pid=245283) is multi-threaded, use of fork() may lead to deadlocks in the child.
  child_pid = os.fork()
/home/emlad/Developer/frappe-crm-f0rk/frappe-bench/env/lib/python3.14/site-packages/rq/worker.py:1602: DeprecationWarning: This process (pid=245283) is multi-threaded, use of fork() may lead to deadlocks in the child.
  child_pid = os.fork()
/home/emlad/Developer/frappe-crm-f0rk/frappe-bench/env/lib/python3.14/site-packages/rq/worker.py:1602: DeprecationWarning: This process (pid=245283) is multi-threaded, use of fork() may lead to deadlocks in the child.
  child_pid = os.fork()
/home/emlad/Developer/frappe-crm-f0rk/frappe-bench/env/lib/python3.14/site-packages/rq/worker.py:1602: DeprecationWarning: This process (pid=245283) is multi-threaded, use of fork() may lead to deadlocks in the child.
  child_pid = os.fork()
/home/emlad/Developer/frappe-crm-f0rk/frappe-bench/env/lib/python3.14/site-packages/rq/worker.py:1602: DeprecationWarning: This process (pid=245283) is multi-threaded, use of fork() may lead to deadlocks in the child.
  child_pid = os.fork()
/home/emlad/Developer/frappe-crm-f0rk/frappe-bench/env/lib/python3.14/site-packages/rq/worker.py:1602: DeprecationWarning: This process (pid=245283) is multi-threaded, use of fork() may lead to deadlocks in the child.
  child_pid = os.fork()
/home/emlad/Developer/frappe-crm-f0rk/frappe-bench/env/lib/python3.14/site-packages/rq/worker.py:1602: DeprecationWarning: This process (pid=245283) is multi-threaded, use of fork() may lead to deadlocks in the child.
  child_pid = os.fork()
/home/emlad/Developer/frappe-crm-f0rk/frappe-bench/env/lib/python3.14/site-packages/rq/worker.py:1602: DeprecationWarning: This process (pid=245283) is multi-threaded, use of fork() may lead to deadlocks in the child.
  child_pid = os.fork()
/home/emlad/Developer/frappe-crm-f0rk/frappe-bench/env/lib/python3.14/site-packages/rq/worker.py:1602: DeprecationWarning: This process (pid=245283) is multi-threaded, use of fork() may lead to deadlocks in the child.
  child_pid = os.fork()
/home/emlad/Developer/frappe-crm-f0rk/frappe-bench/env/lib/python3.14/site-packages/rq/worker.py:1602: DeprecationWarning: This process (pid=245283) is multi-threaded, use of fork() may lead to deadlocks in the child.
  child_pid = os.fork()
/home/emlad/Developer/frappe-crm-f0rk/frappe-bench/env/lib/python3.14/site-packages/rq/worker.py:1602: DeprecationWarning: This process (pid=245283) is multi-threaded, use of fork() may lead to deadlocks in the child.
  child_pid = os.fork()
/home/emlad/Developer/frappe-crm-f0rk/frappe-bench/env/lib/python3.14/site-packages/rq/worker.py:1602: DeprecationWarning: This process (pid=245283) is multi-threaded, use of fork() may lead to deadlocks in the child.
  child_pid = os.fork()
/home/emlad/Developer/frappe-crm-f0rk/frappe-bench/env/lib/python3.14/site-packages/rq/worker.py:1602: DeprecationWarning: This process (pid=245283) is multi-threaded, use of fork() may lead to deadlocks in the child.
  child_pid = os.fork()
/home/emlad/Developer/frappe-crm-f0rk/frappe-bench/env/lib/python3.14/site-packages/rq/worker.py:1602: DeprecationWarning: This process (pid=245283) is multi-threaded, use of fork() may lead to deadlocks in the child.
  child_pid = os.fork()
/home/emlad/Developer/frappe-crm-f0rk/frappe-bench/env/lib/python3.14/site-packages/rq/worker.py:1602: DeprecationWarning: This process (pid=245283) is multi-threaded, use of fork() may lead to deadlocks in the child.
  child_pid = os.fork()
/home/emlad/Developer/frappe-crm-f0rk/frappe-bench/env/lib/python3.14/site-packages/rq/worker.py:1602: DeprecationWarning: This process (pid=245283) is multi-threaded, use of fork() may lead to deadlocks in the child.
  child_pid = os.fork()
/home/emlad/Developer/frappe-crm-f0rk/frappe-bench/env/lib/python3.14/site-packages/rq/worker.py:1602: DeprecationWarning: This process (pid=245283) is multi-threaded, use of fork() may lead to deadlocks in the child.
  child_pid = os.fork()
/home/emlad/Developer/frappe-crm-f0rk/frappe-bench/env/lib/python3.14/site-packages/rq/worker.py:1602: DeprecationWarning: This process (pid=245283) is multi-threaded, use of fork() may lead to deadlocks in the child.
  child_pid = os.fork()
/home/emlad/Developer/frappe-crm-f0rk/frappe-bench/env/lib/python3.14/site-packages/rq/worker.py:1602: DeprecationWarning: This process (pid=245283) is multi-threaded, use of fork() may lead to deadlocks in the child.
  child_pid = os.fork()
/home/emlad/Developer/frappe-crm-f0rk/frappe-bench/env/lib/python3.14/site-packages/rq/worker.py:1602: DeprecationWarning: This process (pid=245283) is multi-threaded, use of fork() may lead to deadlocks in the child.
  child_pid = os.fork()
/home/emlad/Developer/frappe-crm-f0rk/frappe-bench/env/lib/python3.14/site-packages/rq/worker.py:1602: DeprecationWarning: This process (pid=245283) is multi-threaded, use of fork() may lead to deadlocks in the child.
  child_pid = os.fork()
/home/emlad/Developer/frappe-crm-f0rk/frappe-bench/env/lib/python3.14/site-packages/rq/worker.py:1602: DeprecationWarning: This process (pid=245283) is multi-threaded, use of fork() may lead to deadlocks in the child.
  child_pid = os.fork()
/home/emlad/Developer/frappe-crm-f0rk/frappe-bench/env/lib/python3.14/site-packages/rq/worker.py:1602: DeprecationWarning: This process (pid=245283) is multi-threaded, use of fork() may lead to deadlocks in the child.
  child_pid = os.fork()
/home/emlad/Developer/frappe-crm-f0rk/frappe-bench/env/lib/python3.14/site-packages/rq/worker.py:1602: DeprecationWarning: This process (pid=245283) is multi-threaded, use of fork() may lead to deadlocks in the child.
  child_pid = os.fork()
/home/emlad/Developer/frappe-crm-f0rk/frappe-bench/env/lib/python3.14/site-packages/rq/worker.py:1602: DeprecationWarning: This process (pid=245283) is multi-threaded, use of fork() may lead to deadlocks in the child.
  child_pid = os.fork()
/home/emlad/Developer/frappe-crm-f0rk/frappe-bench/env/lib/python3.14/site-packages/rq/worker.py:1602: DeprecationWarning: This process (pid=245283) is multi-threaded, use of fork() may lead to deadlocks in the child.
  child_pid = os.fork()
/home/emlad/Developer/frappe-crm-f0rk/frappe-bench/env/lib/python3.14/site-packages/rq/worker.py:1602: DeprecationWarning: This process (pid=245283) is multi-threaded, use of fork() may lead to deadlocks in the child.
  child_pid = os.fork()
/home/emlad/Developer/frappe-crm-f0rk/frappe-bench/env/lib/python3.14/site-packages/rq/worker.py:1602: DeprecationWarning: This process (pid=245283) is multi-threaded, use of fork() may lead to deadlocks in the child.
  child_pid = os.fork()
/home/emlad/Developer/frappe-crm-f0rk/frappe-bench/env/lib/python3.14/site-packages/rq/worker.py:1602: DeprecationWarning: This process (pid=245283) is multi-threaded, use of fork() may lead to deadlocks in the child.
  child_pid = os.fork()
/home/emlad/Developer/frappe-crm-f0rk/frappe-bench/env/lib/python3.14/site-packages/rq/worker.py:1602: DeprecationWarning: This process (pid=245283) is multi-threaded, use of fork() may lead to deadlocks in the child.
  child_pid = os.fork()
/home/emlad/Developer/frappe-crm-f0rk/frappe-bench/env/lib/python3.14/site-packages/rq/worker.py:1602: DeprecationWarning: This process (pid=245283) is multi-threaded, use of fork() may lead to deadlocks in the child.
  child_pid = os.fork()
/home/emlad/Developer/frappe-crm-f0rk/frappe-bench/env/lib/python3.14/site-packages/rq/worker.py:1602: DeprecationWarning: This process (pid=245283) is multi-threaded, use of fork() may lead to deadlocks in the child.
  child_pid = os.fork()
/home/emlad/Developer/frappe-crm-f0rk/frappe-bench/env/lib/python3.14/site-packages/rq/worker.py:1602: DeprecationWarning: This process (pid=245283) is multi-threaded, use of fork() may lead to deadlocks in the child.
  child_pid = os.fork()
/home/emlad/Developer/frappe-crm-f0rk/frappe-bench/env/lib/python3.14/site-packages/rq/worker.py:1602: DeprecationWarning: This process (pid=245283) is multi-threaded, use of fork() may lead to deadlocks in the child.
  child_pid = os.fork()
/home/emlad/Developer/frappe-crm-f0rk/frappe-bench/env/lib/python3.14/site-packages/rq/worker.py:1602: DeprecationWarning: This process (pid=245283) is multi-threaded, use of fork() may lead to deadlocks in the child.
  child_pid = os.fork()
/home/emlad/Developer/frappe-crm-f0rk/frappe-bench/env/lib/python3.14/site-packages/rq/worker.py:1602: DeprecationWarning: This process (pid=245283) is multi-threaded, use of fork() may lead to deadlocks in the child.
  child_pid = os.fork()
/home/emlad/Developer/frappe-crm-f0rk/frappe-bench/env/lib/python3.14/site-packages/rq/worker.py:1602: DeprecationWarning: This process (pid=245283) is multi-threaded, use of fork() may lead to deadlocks in the child.
  child_pid = os.fork()
/home/emlad/Developer/frappe-crm-f0rk/frappe-bench/env/lib/python3.14/site-packages/rq/worker.py:1602: DeprecationWarning: This process (pid=245283) is multi-threaded, use of fork() may lead to deadlocks in the child.
  child_pid = os.fork()
/home/emlad/Developer/frappe-crm-f0rk/frappe-bench/env/lib/python3.14/site-packages/rq/worker.py:1602: DeprecationWarning: This process (pid=245283) is multi-threaded, use of fork() may lead to deadlocks in the child.
  child_pid = os.fork()
/home/emlad/Developer/frappe-crm-f0rk/frappe-bench/env/lib/python3.14/site-packages/rq/worker.py:1602: DeprecationWarning: This process (pid=245283) is multi-threaded, use of fork() may lead to deadlocks in the child.
  child_pid = os.fork()
